ISO-10303-21;
HEADER;
FILE_DESCRIPTION (( 'STEP AP214' ),
    '1' );
FILE_NAME ('Battery 2200mAh 11.1V LionPower.STEP',
    '2024-05-22T20:40:47',
    ( '' ),
    ( '' ),
    'SwSTEP 2.0',
    'SolidWorks 2022',
    '' );
FILE_SCHEMA (( 'AUTOMOTIVE_DESIGN' ));
ENDSEC;

DATA;
#1 = ORIENTED_EDGE ( 'NONE', *, *, #506, .T. ) ;
#2 = LINE ( 'NONE', #2069, #1043 ) ;
#3 = FILL_AREA_STYLE_COLOUR ( '', #2144 ) ;
#4 = ORIENTED_EDGE ( 'NONE', *, *, #1116, .T. ) ;
#5 = EDGE_CURVE ( 'NONE', #1896, #2640, #94, .T. ) ;
#6 = EDGE_LOOP ( 'NONE', ( #1153, #2777, #2458, #180 ) ) ;
#7 = DIRECTION ( 'NONE',  ( -0.000000000000000000, -0.000000000000000000, -1.000000000000000000 ) ) ;
#8 = VECTOR ( 'NONE', #2465, 1000.000000000000000 ) ;
#9 = CARTESIAN_POINT ( 'NONE',  ( -22.19999999999999574, -12.69999999749999908, -15.80009999999974823 ) ) ;
#10 = FILL_AREA_STYLE_COLOUR ( '', #2647 ) ;
#11 = ORIENTED_EDGE ( 'NONE', *, *, #187, .F. ) ;
#12 = DIRECTION ( 'NONE',  ( 0.000000000000000000, -1.000000000000000000, 0.000000000000000000 ) ) ;
#13 = AXIS2_PLACEMENT_3D ( 'NONE', #662, #2941, #2032 ) ;
#14 = COLOUR_RGB ( '',0.5019607843137254832, 0.5019607843137254832, 0.5019607843137254832 ) ;
#15 =( LENGTH_UNIT ( ) NAMED_UNIT ( * ) SI_UNIT ( .MILLI., .METRE. ) );
#16 = DIRECTION ( 'NONE',  ( -0.000000000000000000, -0.000000000000000000, -1.000000000000000000 ) ) ;
#17 = ADVANCED_FACE ( 'NONE', ( #2814 ), #1459, .T. ) ;
#18 = EDGE_LOOP ( 'NONE', ( #769, #198, #211, #1898, #2597, #240 ) ) ;
#19 = DIRECTION ( 'NONE',  ( 0.000000000000000000, 0.000000000000000000, 1.000000000000000000 ) ) ;
#20 = CARTESIAN_POINT ( 'NONE',  ( -25.39999999999998792, -12.70009999999999906, -10.50000000000000000 ) ) ;
#21 =( GEOMETRIC_REPRESENTATION_CONTEXT ( 3 ) GLOBAL_UNCERTAINTY_ASSIGNED_CONTEXT ( ( #1281 ) ) GLOBAL_UNIT_ASSIGNED_CONTEXT ( ( #2918, #1776, #2898 ) ) REPRESENTATION_CONTEXT ( 'NONE', 'WORKASPACE' ) );
#22 = MECHANICAL_DESIGN_GEOMETRIC_PRESENTATION_REPRESENTATION (  '', ( #2449 ), #647 ) ;
#23 = VECTOR ( 'NONE', #2184, 1000.000000000000000 ) ;
#24 = CARTESIAN_POINT ( 'NONE',  ( -23.39999999999998792, -12.70009999999999906, -10.50000000000000000 ) ) ;
#25 = VERTEX_POINT ( 'NONE', #2148 ) ;
#26 = DIRECTION ( 'NONE',  ( -6.646450099527995912E-17, 0.000000000000000000, -1.000000000000000000 ) ) ;
#27 = DIRECTION ( 'NONE',  ( -0.000000000000000000, -1.000000000000000000, -0.000000000000000000 ) ) ;
#28 = CARTESIAN_POINT ( 'NONE',  ( 40.50000000000000000, 12.69999999999999929, 13.19999999999999929 ) ) ;
#29 =( GEOMETRIC_REPRESENTATION_CONTEXT ( 3 ) GLOBAL_UNCERTAINTY_ASSIGNED_CONTEXT ( ( #1936 ) ) GLOBAL_UNIT_ASSIGNED_CONTEXT ( ( #252, #1135, #2229 ) ) REPRESENTATION_CONTEXT ( 'NONE', 'WORKASPACE' ) );
#30 = ORIENTED_EDGE ( 'NONE', *, *, #701, .T. ) ;
#31 = FILL_AREA_STYLE_COLOUR ( '', #1008 ) ;
#32 = VECTOR ( 'NONE', #1890, 1000.000000000000000 ) ;
#33 = MECHANICAL_DESIGN_GEOMETRIC_PRESENTATION_REPRESENTATION (  '', ( #276 ), #2602 ) ;
#34 = PRESENTATION_LAYER_ASSIGNMENT (  '', '', ( #2364 ) ) ;
#35 = CIRCLE ( 'NONE', #2324, 2.000000000000003553 ) ;
#36 =( GEOMETRIC_REPRESENTATION_CONTEXT ( 3 ) GLOBAL_UNCERTAINTY_ASSIGNED_CONTEXT ( ( #1023 ) ) GLOBAL_UNIT_ASSIGNED_CONTEXT ( ( #1532, #599, #2656 ) ) REPRESENTATION_CONTEXT ( 'NONE', 'WORKASPACE' ) );
#37 = EDGE_LOOP ( 'NONE', ( #1615, #2246, #214, #2254 ) ) ;
#38 = DIRECTION ( 'NONE',  ( -3.329603600723238155E-17, -0.000000000000000000, 1.000000000000000000 ) ) ;
#39 = DIRECTION ( 'NONE',  ( -6.646450099527995912E-17, 0.000000000000000000, 1.000000000000000000 ) ) ;
#40 = VECTOR ( 'NONE', #2564, 1000.000000000000000 ) ;
#41 = CIRCLE ( 'NONE', #1386, 1.000000000000000888 ) ;
#42 = DIRECTION ( 'NONE',  ( 0.000000000000000000, 0.000000000000000000, -1.000000000000000000 ) ) ;
#43 = CIRCLE ( 'NONE', #2969, 2.000000000000000000 ) ;
#44 = ADVANCED_FACE ( 'NONE', ( #1434 ), #1698, .T. ) ;
#45 = ORIENTED_EDGE ( 'NONE', *, *, #2489, .F. ) ;
#46 = DIRECTION ( 'NONE',  ( 0.000000000000000000, 0.000000000000000000, -1.000000000000000000 ) ) ;
#47 = ORIENTED_EDGE ( 'NONE', *, *, #1058, .F. ) ;
#48 = AXIS2_PLACEMENT_3D ( 'NONE', #2159, #336, #1711 ) ;
#49 = SURFACE_STYLE_USAGE ( .BOTH. , #463 ) ;
#50 = STYLED_ITEM ( 'NONE', ( #1636 ), #1363 ) ;
#51 = CARTESIAN_POINT ( 'NONE',  ( -22.19999999999999929, 12.69999999999999929, 16.80009999999999692 ) ) ;
#52 = DIRECTION ( 'NONE',  ( -1.000000000000000000, 0.000000000000000000, 0.000000000000000000 ) ) ;
#53 = DIRECTION ( 'NONE',  ( -0.000000000000000000, -0.000000000000000000, -1.000000000000000000 ) ) ;
#54 = DIRECTION ( 'NONE',  ( 0.000000000000000000, 0.000000000000000000, 1.000000000000000000 ) ) ;
#55 = ORIENTED_EDGE ( 'NONE', *, *, #1500, .F. ) ;
#56 = CIRCLE ( 'NONE', #2621, 1.000000000000000888 ) ;
#57 = VERTEX_POINT ( 'NONE', #1876 ) ;
#58 =( NAMED_UNIT ( * ) PLANE_ANGLE_UNIT ( ) SI_UNIT ( $, .RADIAN. ) );
#59 = APPLICATION_CONTEXT ( 'automotive_design' ) ;
#60 = UNCERTAINTY_MEASURE_WITH_UNIT (LENGTH_MEASURE( 1.000000000000000082E-05 ), #2545, 'distance_accuracy_value', 'NONE');
#61 = ORIENTED_EDGE ( 'NONE', *, *, #2072, .T. ) ;
#62 = LINE ( 'NONE', #2974, #1767 ) ;
#63 = AXIS2_PLACEMENT_3D ( 'NONE', #1706, #1262, #1499 ) ;
#64 = SURFACE_STYLE_FILL_AREA ( #300 ) ;
#65 = ADVANCED_FACE ( 'NONE', ( #569 ), #2199, .T. ) ;
#66 = PRESENTATION_STYLE_ASSIGNMENT (( #49 ) ) ;
#67 = DIRECTION ( 'NONE',  ( 1.000000000000000000, -0.000000000000000000, 0.000000000000000000 ) ) ;
#68 = EDGE_CURVE ( 'NONE', #1585, #909, #1709, .T. ) ;
#69 =( NAMED_UNIT ( * ) PLANE_ANGLE_UNIT ( ) SI_UNIT ( $, .RADIAN. ) );
#70 = ORIENTED_EDGE ( 'NONE', *, *, #2785, .F. ) ;
#71 = CARTESIAN_POINT ( 'NONE',  ( -42.20000000000000284, 2.699999999999999289, 15.80000000000000071 ) ) ;
#72 = FACE_OUTER_BOUND ( 'NONE', #521, .T. ) ;
#73 = EDGE_LOOP ( 'NONE', ( #884, #2706, #2932, #1487 ) ) ;
#74 = CARTESIAN_POINT ( 'NONE',  ( -47.19999999999998153, -3.299999999999998934, 19.79999999999999716 ) ) ;
#75 = ORIENTED_EDGE ( 'NONE', *, *, #768, .F. ) ;
#76 = DIRECTION ( 'NONE',  ( 1.000000000000000000, 0.000000000000000000, 0.000000000000000000 ) ) ;
#77 =( GEOMETRIC_REPRESENTATION_CONTEXT ( 3 ) GLOBAL_UNCERTAINTY_ASSIGNED_CONTEXT ( ( #757 ) ) GLOBAL_UNIT_ASSIGNED_CONTEXT ( ( #1836, #58, #1413 ) ) REPRESENTATION_CONTEXT ( 'NONE', 'WORKASPACE' ) );
#78 =( LENGTH_UNIT ( ) NAMED_UNIT ( * ) SI_UNIT ( .MILLI., .METRE. ) );
#79 = CARTESIAN_POINT ( 'NONE',  ( -47.20000000000004547, 3.299999999999998934, 19.79999999999999716 ) ) ;
#80 = PRODUCT_RELATED_PRODUCT_CATEGORY ( 'part', '', ( #1371 ) ) ;
#81 = CARTESIAN_POINT ( 'NONE',  ( -47.19999999999998153, -3.299999999999998934, 19.79999999999999716 ) ) ;
#82 =( NAMED_UNIT ( * ) SI_UNIT ( $, .STERADIAN. ) SOLID_ANGLE_UNIT ( ) );
#83 = CARTESIAN_POINT ( 'NONE',  ( -44.20000000000000284, 3.349999999999999645, -16.80000000000000071 ) ) ;
#84 = EDGE_CURVE ( 'NONE', #2757, #25, #2492, .T. ) ;
#85 = CIRCLE ( 'NONE', #1751, 1.000000000000000888 ) ;
#86 = STYLED_ITEM ( 'NONE', ( #2409 ), #2108 ) ;
#87 = VERTEX_POINT ( 'NONE', #1491 ) ;
#88 = AXIS2_PLACEMENT_3D ( 'NONE', #366, #155, #205 ) ;
#89 = COLOUR_RGB ( '',0.2509803921568627416, 0.2509803921568627416, 0.2509803921568627416 ) ;
#90 = AXIS2_PLACEMENT_3D ( 'NONE', #1258, #339, #1271 ) ;
#91 = VECTOR ( 'NONE', #703, 1000.000000000000000 ) ;
#92 = UNCERTAINTY_MEASURE_WITH_UNIT (LENGTH_MEASURE( 1.000000000000000082E-05 ), #1392, 'distance_accuracy_value', 'NONE');
#93 = LINE ( 'NONE', #998, #2182 ) ;
#94 = LINE ( 'NONE', #1927, #40 ) ;
#95 = COLOUR_RGB ( '',0.2509803921568627416, 0.2509803921568627416, 0.2509803921568627416 ) ;
#96 = SURFACE_STYLE_USAGE ( .BOTH. , #1699 ) ;
#97 = DIRECTION ( 'NONE',  ( 1.000000000000000000, 0.000000000000000000, 0.000000000000000000 ) ) ;
#98 = CIRCLE ( 'NONE', #1488, 0.9499999999999995115 ) ;
#99 = LINE ( 'NONE', #791, #2633 ) ;
#100 = EDGE_CURVE ( 'NONE', #1319, #1595, #1222, .T. ) ;
#101 = ORIENTED_EDGE ( 'NONE', *, *, #182, .T. ) ;
#102 = CARTESIAN_POINT ( 'NONE',  ( -42.20000000000000284, 11.69999999999999929, 15.80009999999999692 ) ) ;
#103 = DIRECTION ( 'NONE',  ( 1.000000000000000000, 0.000000000000000000, -0.000000000000000000 ) ) ;
#104 = SURFACE_STYLE_FILL_AREA ( #2870 ) ;
#105 = CARTESIAN_POINT ( 'NONE',  ( -35.29999999999999005, 12.70009999999999906, 11.19999999999999929 ) ) ;
#106 = ORIENTED_EDGE ( 'NONE', *, *, #2556, .F. ) ;
#107 = FILL_AREA_STYLE_COLOUR ( '', #2321 ) ;
#108 =( NAMED_UNIT ( * ) SI_UNIT ( $, .STERADIAN. ) SOLID_ANGLE_UNIT ( ) );
#109 = CIRCLE ( 'NONE', #2195, 1.000000000000000888 ) ;
#110 = FILL_AREA_STYLE ('',( #1003 ) ) ;
#111 = CARTESIAN_POINT ( 'NONE',  ( -35.29999999999999005, 12.69999999999999929, 11.19999999999999929 ) ) ;
#112 = STYLED_ITEM ( 'NONE', ( #1581 ), #1938 ) ;
#113 = AXIS2_PLACEMENT_3D ( 'NONE', #1095, #2441, #1303 ) ;
#114 = FILL_AREA_STYLE ('',( #1899 ) ) ;
#115 = CARTESIAN_POINT ( 'NONE',  ( -46.25000000000000711, -1.100000000000000089, 19.79999999999999716 ) ) ;
#116 = EDGE_CURVE ( 'NONE', #2472, #398, #2595, .T. ) ;
#117 = UNCERTAINTY_MEASURE_WITH_UNIT (LENGTH_MEASURE( 1.000000000000000082E-05 ), #2578, 'distance_accuracy_value', 'NONE');
#118 = EDGE_CURVE ( 'NONE', #2191, #1585, #2894, .T. ) ;
#119 = PRESENTATION_STYLE_ASSIGNMENT (( #2576 ) ) ;
#120 = FILL_AREA_STYLE ('',( #1046 ) ) ;
#121 =( LENGTH_UNIT ( ) NAMED_UNIT ( * ) SI_UNIT ( .MILLI., .METRE. ) );
#122 = CARTESIAN_POINT ( 'NONE',  ( -25.39999999999998792, -12.69999999999999929, 10.50000000000000000 ) ) ;
#123 = AXIS2_PLACEMENT_3D ( 'NONE', #2643, #202, #899 ) ;
#124 = SURFACE_STYLE_FILL_AREA ( #2162 ) ;
#125 = DIRECTION ( 'NONE',  ( -3.329603600723238155E-17, -0.000000000000000000, 1.000000000000000000 ) ) ;
#126 = VECTOR ( 'NONE', #2154, 1000.000000000000000 ) ;
#127 = FACE_BOUND ( 'NONE', #1204, .T. ) ;
#128 = ORIENTED_EDGE ( 'NONE', *, *, #886, .T. ) ;
#129 = SURFACE_SIDE_STYLE ('',( #1250 ) ) ;
#130 =( NAMED_UNIT ( * ) PLANE_ANGLE_UNIT ( ) SI_UNIT ( $, .RADIAN. ) );
#131 = EDGE_CURVE ( 'NONE', #1300, #969, #1283, .T. ) ;
#132 = PRESENTATION_LAYER_ASSIGNMENT (  '', '', ( #462 ) ) ;
#133 = CARTESIAN_POINT ( 'NONE',  ( 52.20000000000000284, 11.69999999999999929, -15.79999999999999538 ) ) ;
#134 =( LENGTH_UNIT ( ) NAMED_UNIT ( * ) SI_UNIT ( .MILLI., .METRE. ) );
#135 = EDGE_CURVE ( 'NONE', #285, #1057, #1712, .T. ) ;
#136 = SURFACE_STYLE_USAGE ( .BOTH. , #1039 ) ;
#137 = EDGE_LOOP ( 'NONE', ( #1244, #823, #1972, #1 ) ) ;
#138 = STYLED_ITEM ( 'NONE', ( #2645 ), #987 ) ;
#139 = SURFACE_SIDE_STYLE ('',( #1509 ) ) ;
#140 =( NAMED_UNIT ( * ) PLANE_ANGLE_UNIT ( ) SI_UNIT ( $, .RADIAN. ) );
#141 = PLANE ( 'NONE',  #299 ) ;
#142 = UNCERTAINTY_MEASURE_WITH_UNIT (LENGTH_MEASURE( 1.000000000000000082E-05 ), #216, 'distance_accuracy_value', 'NONE');
#143 = LINE ( 'NONE', #390, #1721 ) ;
#144 = CARTESIAN_POINT ( 'NONE',  ( -25.39999999999998792, -12.70009999999999906, 10.50000000000000000 ) ) ;
#145 = DIRECTION ( 'NONE',  ( 0.000000000000000000, 1.000000000000000000, 0.000000000000000000 ) ) ;
#146 =( NAMED_UNIT ( * ) PLANE_ANGLE_UNIT ( ) SI_UNIT ( $, .RADIAN. ) );
#147 = SURFACE_STYLE_FILL_AREA ( #1559 ) ;
#148 = EDGE_CURVE ( 'NONE', #471, #2343, #2646, .T. ) ;
#149 = SURFACE_STYLE_FILL_AREA ( #1029 ) ;
#150 = MECHANICAL_DESIGN_GEOMETRIC_PRESENTATION_REPRESENTATION (  '', ( #1693 ), #1457 ) ;
#151 = VERTEX_POINT ( 'NONE', #1523 ) ;
#152 = FACE_OUTER_BOUND ( 'NONE', #2447, .T. ) ;
#153 = FACE_OUTER_BOUND ( 'NONE', #1669, .T. ) ;
#154 = SURFACE_STYLE_FILL_AREA ( #120 ) ;
#155 = DIRECTION ( 'NONE',  ( 0.000000000000000000, -1.000000000000000000, 0.000000000000000000 ) ) ;
#156 = DIRECTION ( 'NONE',  ( -1.000000000000000000, 0.000000000000000000, 0.000000000000000000 ) ) ;
#157 = ORIENTED_EDGE ( 'NONE', *, *, #785, .T. ) ;
#158 = DIRECTION ( 'NONE',  ( 1.000000000000000000, 0.000000000000000000, 0.000000000000000000 ) ) ;
#159 = COLOUR_RGB ( '',0.2509803921568627416, 0.2509803921568627416, 0.2509803921568627416 ) ;
#160 = DIRECTION ( 'NONE',  ( -0.000000000000000000, -0.000000000000000000, 1.000000000000000000 ) ) ;
#161 = VECTOR ( 'NONE', #1148, 1000.000000000000000 ) ;
#162 = ORIENTED_EDGE ( 'NONE', *, *, #2626, .F. ) ;
#163 = DIRECTION ( 'NONE',  ( 0.000000000000000000, 0.000000000000000000, 1.000000000000000000 ) ) ;
#164 = DIRECTION ( 'NONE',  ( -1.000000000000000000, -1.365923996832131609E-16, -0.000000000000000000 ) ) ;
#165 = ADVANCED_FACE ( 'NONE', ( #2393 ), #1263, .T. ) ;
#166 = VERTEX_POINT ( 'NONE', #2836 ) ;
#167 = DIRECTION ( 'NONE',  ( -0.000000000000000000, -1.000000000000000000, -0.000000000000000000 ) ) ;
#168 = UNCERTAINTY_MEASURE_WITH_UNIT (LENGTH_MEASURE( 1.000000000000000082E-05 ), #1031, 'distance_accuracy_value', 'NONE');
#169 =( GEOMETRIC_REPRESENTATION_CONTEXT ( 3 ) GLOBAL_UNCERTAINTY_ASSIGNED_CONTEXT ( ( #783 ) ) GLOBAL_UNIT_ASSIGNED_CONTEXT ( ( #134, #2858, #2344 ) ) REPRESENTATION_CONTEXT ( 'NONE', 'WORKASPACE' ) );
#170 = CARTESIAN_POINT ( 'NONE',  ( -25.39999999999998792, -12.69999999999999929, 10.50000000000000000 ) ) ;
#171 = AXIS2_PLACEMENT_3D ( 'NONE', #1848, #2720, #957 ) ;
#172 = AXIS2_PLACEMENT_3D ( 'NONE', #83, #2346, #313 ) ;
#173 = PLANE ( 'NONE',  #740 ) ;
#174 = SURFACE_STYLE_FILL_AREA ( #1973 ) ;
#175 = COLOUR_RGB ( '',0.5019607843137254832, 0.5019607843137254832, 0.5019607843137254832 ) ;
#176 = DIRECTION ( 'NONE',  ( 0.000000000000000000, 0.000000000000000000, 1.000000000000000000 ) ) ;
#177 = ORIENTED_EDGE ( 'NONE', *, *, #100, .T. ) ;
#178 = PRESENTATION_STYLE_ASSIGNMENT (( #2220 ) ) ;
#179 = AXIS2_PLACEMENT_3D ( 'NONE', #2171, #1045, #1952 ) ;
#180 = ORIENTED_EDGE ( 'NONE', *, *, #832, .T. ) ;
#181 = AXIS2_PLACEMENT_3D ( 'NONE', #1035, #568, #1489 ) ;
#182 = EDGE_CURVE ( 'NONE', #2362, #1870, #2541, .T. ) ;
#183 = ORIENTED_EDGE ( 'NONE', *, *, #1834, .F. ) ;
#184 = LINE ( 'NONE', #2660, #1932 ) ;
#185 = CARTESIAN_POINT ( 'NONE',  ( -52.20000000000000284, 12.69999999999999929, 16.80000000000000071 ) ) ;
#186 = VECTOR ( 'NONE', #1127, 1000.000000000000000 ) ;
#187 = EDGE_CURVE ( 'NONE', #1432, #1859, #1027, .T. ) ;
#188 = DIRECTION ( 'NONE',  ( 1.000000000000000000, 0.000000000000000000, 0.000000000000000000 ) ) ;
#189 = AXIS2_PLACEMENT_3D ( 'NONE', #2910, #176, #1799 ) ;
#190 = ORIENTED_EDGE ( 'NONE', *, *, #1663, .F. ) ;
#191 = SURFACE_STYLE_USAGE ( .BOTH. , #1060 ) ;
#192 = CARTESIAN_POINT ( 'NONE',  ( -22.19999999999999574, -12.69999999999999929, -16.80009999999999692 ) ) ;
#193 = PRESENTATION_STYLE_ASSIGNMENT (( #415 ) ) ;
#194 = FILL_AREA_STYLE ('',( #2957 ) ) ;
#195 = EDGE_LOOP ( 'NONE', ( #2292, #1019, #128, #183 ) ) ;
#196 = FILL_AREA_STYLE_COLOUR ( '', #89 ) ;
#197 = CARTESIAN_POINT ( 'NONE',  ( -22.19999999999999929, 11.69999999999999929, -15.80009999999999692 ) ) ;
#198 = ORIENTED_EDGE ( 'NONE', *, *, #1779, .T. ) ;
#199 = MECHANICAL_DESIGN_GEOMETRIC_PRESENTATION_REPRESENTATION (  '', ( #2879 ), #1252 ) ;
#200 = PRESENTATION_LAYER_ASSIGNMENT (  '', '', ( #2389 ) ) ;
#201 = ORIENTED_EDGE ( 'NONE', *, *, #520, .F. ) ;
#202 = DIRECTION ( 'NONE',  ( -6.646450099527995912E-17, 0.000000000000000000, 1.000000000000000000 ) ) ;
#203 = EDGE_CURVE ( 'NONE', #2952, #1375, #2883, .T. ) ;
#204 = PRESENTATION_LAYER_ASSIGNMENT (  '', '', ( #1886 ) ) ;
#205 = DIRECTION ( 'NONE',  ( 0.000000000000000000, 0.000000000000000000, -1.000000000000000000 ) ) ;
#206 = EDGE_CURVE ( 'NONE', #2914, #1366, #388, .T. ) ;
#207 = EDGE_LOOP ( 'NONE', ( #633, #702, #201, #1552, #2703 ) ) ;
#208 = DIRECTION ( 'NONE',  ( 0.000000000000000000, 0.000000000000000000, -1.000000000000000000 ) ) ;
#209 = ORIENTED_EDGE ( 'NONE', *, *, #1819, .F. ) ;
#210 = DIRECTION ( 'NONE',  ( -1.000000000000000000, 0.000000000000000000, 0.000000000000000000 ) ) ;
#211 = ORIENTED_EDGE ( 'NONE', *, *, #1298, .T. ) ;
#212 = LINE ( 'NONE', #694, #2412 ) ;
#213 = CARTESIAN_POINT ( 'NONE',  ( -48.15000000000002700, 1.099999999999999423, 19.79999999999999716 ) ) ;
#214 = ORIENTED_EDGE ( 'NONE', *, *, #1264, .F. ) ;
#215 = CARTESIAN_POINT ( 'NONE',  ( -42.20000000000000284, 12.69999999999999929, -16.80009999999999692 ) ) ;
#216 =( LENGTH_UNIT ( ) NAMED_UNIT ( * ) SI_UNIT ( .MILLI., .METRE. ) );
#217 = CARTESIAN_POINT ( 'NONE',  ( -42.20000000000000284, -11.70000000000000107, 16.80000000000000071 ) ) ;
#218 = FILL_AREA_STYLE ('',( #10 ) ) ;
#219 = DIRECTION ( 'NONE',  ( 0.000000000000000000, -1.000000000000000000, 0.000000000000000000 ) ) ;
#220 = MECHANICAL_DESIGN_GEOMETRIC_PRESENTATION_REPRESENTATION (  '', ( #2520 ), #2555 ) ;
#221 = EDGE_CURVE ( 'NONE', #766, #1599, #1240, .T. ) ;
#222 = CARTESIAN_POINT ( 'NONE',  ( -51.20000000000000284, -2.699999999999999289, 15.80000000000000071 ) ) ;
#223 = PRODUCT_CONTEXT ( 'NONE', #59, 'mechanical' ) ;
#224 = AXIS2_PLACEMENT_3D ( 'NONE', #1629, #1841, #742 ) ;
#225 = DIRECTION ( 'NONE',  ( -1.000000000000000000, 0.000000000000000000, 0.000000000000000000 ) ) ;
#226 = TOROIDAL_SURFACE ( 'NONE', #1186, 9.000000000000001776, 1.000000000000000000 ) ;
#227 = MECHANICAL_DESIGN_GEOMETRIC_PRESENTATION_REPRESENTATION (  '', ( #1236 ), #611 ) ;
#228 = ORIENTED_EDGE ( 'NONE', *, *, #2768, .T. ) ;
#229 = CARTESIAN_POINT ( 'NONE',  ( 1.050139115725423179E-15, 11.69999999999999929, -15.79999999999999893 ) ) ;
#230 = SURFACE_STYLE_FILL_AREA ( #845 ) ;
#231 = ORIENTED_EDGE ( 'NONE', *, *, #818, .T. ) ;
#232 = ORIENTED_EDGE ( 'NONE', *, *, #345, .F. ) ;
#233 = DIRECTION ( 'NONE',  ( -3.329603600723238155E-17, -0.000000000000000000, 1.000000000000000000 ) ) ;
#234 = PRESENTATION_STYLE_ASSIGNMENT (( #1837 ) ) ;
#235 = DIRECTION ( 'NONE',  ( -1.000000000000000000, 0.000000000000000000, -6.646450099527995912E-17 ) ) ;
#236 = FACE_OUTER_BOUND ( 'NONE', #2446, .T. ) ;
#237 = EDGE_LOOP ( 'NONE', ( #2964, #2616, #2864, #1664 ) ) ;
#238 = CARTESIAN_POINT ( 'NONE',  ( -47.20000000000004547, 3.299999999999998934, 16.80000000000000071 ) ) ;
#239 = PLANE ( 'NONE',  #224 ) ;
#240 = ORIENTED_EDGE ( 'NONE', *, *, #554, .T. ) ;
#241 = SURFACE_SIDE_STYLE ('',( #1630 ) ) ;
#242 = ADVANCED_FACE ( 'NONE', ( #319 ), #826, .F. ) ;
#243 = SURFACE_STYLE_FILL_AREA ( #2281 ) ;
#244 = DIRECTION ( 'NONE',  ( 0.000000000000000000, 0.000000000000000000, 1.000000000000000000 ) ) ;
#245 = DIRECTION ( 'NONE',  ( -0.000000000000000000, -0.000000000000000000, -1.000000000000000000 ) ) ;
#246 = CARTESIAN_POINT ( 'NONE',  ( -48.15000000000004832, 3.299999999999998934, 16.80000000000000071 ) ) ;
#247 = ORIENTED_EDGE ( 'NONE', *, *, #2341, .T. ) ;
#248 = ORIENTED_EDGE ( 'NONE', *, *, #1103, .T. ) ;
#249 = CARTESIAN_POINT ( 'NONE',  ( -22.19999999999999929, 12.69999999999999929, 16.80009999999999692 ) ) ;
#250 = LINE ( 'NONE', #1163, #2628 ) ;
#251 = DIRECTION ( 'NONE',  ( 0.000000000000000000, 0.000000000000000000, -1.000000000000000000 ) ) ;
#252 =( LENGTH_UNIT ( ) NAMED_UNIT ( * ) SI_UNIT ( .MILLI., .METRE. ) );
#253 = EDGE_LOOP ( 'NONE', ( #1136, #867, #1099, #418 ) ) ;
#254 = AXIS2_PLACEMENT_3D ( 'NONE', #1964, #581, #1485 ) ;
#255 = PRESENTATION_STYLE_ASSIGNMENT (( #1597 ) ) ;
#256 = SURFACE_SIDE_STYLE ('',( #243 ) ) ;
#257 = CARTESIAN_POINT ( 'NONE',  ( -42.20000000000000284, 2.699999999999999289, -15.80000000000000071 ) ) ;
#258 = LINE ( 'NONE', #2830, #2560 ) ;
#259 = CYLINDRICAL_SURFACE ( 'NONE', #2953, 1.000000000000000888 ) ;
#260 = EDGE_LOOP ( 'NONE', ( #2721, #716, #1105, #439 ) ) ;
#261 = EDGE_CURVE ( 'NONE', #1372, #2053, #2678, .T. ) ;
#262 = ORIENTED_EDGE ( 'NONE', *, *, #847, .F. ) ;
#263 = DIRECTION ( 'NONE',  ( 1.000000000000000000, -0.000000000000000000, -0.000000000000000000 ) ) ;
#264 = VECTOR ( 'NONE', #1162, 1000.000000000000000 ) ;
#265 = TOROIDAL_SURFACE ( 'NONE', #1124, 9.000000000000001776, 1.000000000000000000 ) ;
#266 =( NAMED_UNIT ( * ) PLANE_ANGLE_UNIT ( ) SI_UNIT ( $, .RADIAN. ) );
#267 = EDGE_LOOP ( 'NONE', ( #1884, #2516 ) ) ;
#268 = DIRECTION ( 'NONE',  ( -1.000000000000000000, 0.000000000000000000, 0.000000000000000000 ) ) ;
#269 = ORIENTED_EDGE ( 'NONE', *, *, #1530, .F. ) ;
#270 =( NAMED_UNIT ( * ) PLANE_ANGLE_UNIT ( ) SI_UNIT ( $, .RADIAN. ) );
#271 = DIRECTION ( 'NONE',  ( 3.329603600723238155E-17, 0.000000000000000000, -1.000000000000000000 ) ) ;
#272 = ORIENTED_EDGE ( 'NONE', *, *, #1645, .F. ) ;
#273 = FILL_AREA_STYLE_COLOUR ( '', #2216 ) ;
#274 = PRESENTATION_STYLE_ASSIGNMENT (( #1895 ) ) ;
#275 =( GEOMETRIC_REPRESENTATION_CONTEXT ( 3 ) GLOBAL_UNCERTAINTY_ASSIGNED_CONTEXT ( ( #2093 ) ) GLOBAL_UNIT_ASSIGNED_CONTEXT ( ( #121, #556, #301 ) ) REPRESENTATION_CONTEXT ( 'NONE', 'WORKASPACE' ) );
#276 = STYLED_ITEM ( 'NONE', ( #178 ), #2661 ) ;
#277 = VECTOR ( 'NONE', #1071, 1000.000000000000000 ) ;
#278 = PRESENTATION_LAYER_ASSIGNMENT (  '', '', ( #2907 ) ) ;
#279 = EDGE_LOOP ( 'NONE', ( #2849, #4, #1627, #432 ) ) ;
#280 = PRESENTATION_STYLE_ASSIGNMENT (( #719 ) ) ;
#281 = SURFACE_SIDE_STYLE ('',( #1456 ) ) ;
#282 = AXIS2_PLACEMENT_3D ( 'NONE', #323, #2839, #1643 ) ;
#283 = ADVANCED_FACE ( 'NONE', ( #1533 ), #2454, .F. ) ;
#284 = MECHANICAL_DESIGN_GEOMETRIC_PRESENTATION_REPRESENTATION (  '', ( #1091 ), #2333 ) ;
#285 = VERTEX_POINT ( 'NONE', #619 ) ;
#286 = ADVANCED_FACE ( 'NONE', ( #2943 ), #416, .F. ) ;
#287 = CYLINDRICAL_SURFACE ( 'NONE', #2374, 2.000000000000003553 ) ;
#288 = ORIENTED_EDGE ( 'NONE', *, *, #1740, .T. ) ;
#289 = DIRECTION ( 'NONE',  ( -1.000000000000000000, 0.000000000000000000, 6.646450099527995912E-17 ) ) ;
#290 = COLOUR_RGB ( '',0.5019607843137254832, 0.5019607843137254832, 0.5019607843137254832 ) ;
#291 = LINE ( 'NONE', #1644, #2413 ) ;
#292 = FACE_OUTER_BOUND ( 'NONE', #2057, .T. ) ;
#293 =( LENGTH_UNIT ( ) NAMED_UNIT ( * ) SI_UNIT ( .MILLI., .METRE. ) );
#294 = ORIENTED_EDGE ( 'NONE', *, *, #2372, .F. ) ;
#295 = CYLINDRICAL_SURFACE ( 'NONE', #1707, 0.9499999999999995115 ) ;
#296 = CARTESIAN_POINT ( 'NONE',  ( 1.050139115725423179E-15, 11.69999999999999929, 15.79999999999999893 ) ) ;
#297 = UNCERTAINTY_MEASURE_WITH_UNIT (LENGTH_MEASURE( 1.000000000000000082E-05 ), #513, 'distance_accuracy_value', 'NONE');
#298 = PLANE ( 'NONE',  #1194 ) ;
#299 = AXIS2_PLACEMENT_3D ( 'NONE', #333, #2155, #103 ) ;
#300 = FILL_AREA_STYLE ('',( #494 ) ) ;
#301 =( NAMED_UNIT ( * ) SI_UNIT ( $, .STERADIAN. ) SOLID_ANGLE_UNIT ( ) );
#302 = EDGE_CURVE ( 'NONE', #2126, #2053, #56, .T. ) ;
#303 = DIRECTION ( 'NONE',  ( -1.000000000000000000, -1.365923996832131609E-16, 0.000000000000000000 ) ) ;
#304 = EDGE_LOOP ( 'NONE', ( #2723, #918, #1195, #1141 ) ) ;
#305 = CARTESIAN_POINT ( 'NONE',  ( -23.39999999999998792, -12.69999999999999929, 12.50000000000000000 ) ) ;
#306 = DIRECTION ( 'NONE',  ( 0.000000000000000000, 0.000000000000000000, 1.000000000000000000 ) ) ;
#307 = PRESENTATION_LAYER_ASSIGNMENT (  '', '', ( #1369 ) ) ;
#308 = ORIENTED_EDGE ( 'NONE', *, *, #2768, .F. ) ;
#309 = COLOUR_RGB ( '',0.2509803921568627416, 0.2509803921568627416, 0.2509803921568627416 ) ;
#310 = CYLINDRICAL_SURFACE ( 'NONE', #514, 0.9499999999999995115 ) ;
#311 = EDGE_CURVE ( 'NONE', #2946, #1678, #1075, .T. ) ;
#312 = CARTESIAN_POINT ( 'NONE',  ( 42.50000000000000000, 12.70009999999999906, -11.19999999999999929 ) ) ;
#313 = DIRECTION ( 'NONE',  ( 1.000000000000000000, 0.000000000000000000, 0.000000000000000000 ) ) ;
#314 = VECTOR ( 'NONE', #1072, 1000.000000000000000 ) ;
#315 = VERTEX_POINT ( 'NONE', #664 ) ;
#316 = CARTESIAN_POINT ( 'NONE',  ( -37.29999999999999005, 12.70009999999999906, 11.19999999999999929 ) ) ;
#317 = MECHANICAL_DESIGN_GEOMETRIC_PRESENTATION_REPRESENTATION (  '', ( #1323 ), #2702 ) ;
#318 = VECTOR ( 'NONE', #2480, 1000.000000000000000 ) ;
#319 = FACE_OUTER_BOUND ( 'NONE', #2238, .T. ) ;
#320 = CIRCLE ( 'NONE', #1396, 1.000000000000000888 ) ;
#321 = UNCERTAINTY_MEASURE_WITH_UNIT (LENGTH_MEASURE( 1.000000000000000082E-05 ), #2670, 'distance_accuracy_value', 'NONE');
#322 = SURFACE_STYLE_FILL_AREA ( #351 ) ;
#323 = CARTESIAN_POINT ( 'NONE',  ( -47.20000000000000284, -1.100000000000000311, 19.79999999999999716 ) ) ;
#324 =( NAMED_UNIT ( * ) PLANE_ANGLE_UNIT ( ) SI_UNIT ( $, .RADIAN. ) );
#325 = COLOUR_RGB ( '',0.5019607843137254832, 0.5019607843137254832, 0.5019607843137254832 ) ;
#326 = DIRECTION ( 'NONE',  ( 1.000000000000000000, 0.000000000000000000, 0.000000000000000000 ) ) ;
#327 = AXIS2_PLACEMENT_3D ( 'NONE', #400, #1550, #2457 ) ;
#328 = LINE ( 'NONE', #1454, #1437 ) ;
#329 = EDGE_CURVE ( 'NONE', #840, #285, #1726, .T. ) ;
#330 = DIRECTION ( 'NONE',  ( 6.646450099527995912E-17, -0.000000000000000000, 1.000000000000000000 ) ) ;
#331 = ORIENTED_EDGE ( 'NONE', *, *, #1076, .T. ) ;
#332 = DIRECTION ( 'NONE',  ( 0.000000000000000000, 0.000000000000000000, 1.000000000000000000 ) ) ;
#333 = CARTESIAN_POINT ( 'NONE',  ( -47.20000000000004547, 3.299999999999998934, 19.79999999999999716 ) ) ;
#334 = EDGE_CURVE ( 'NONE', #1650, #905, #1873, .T. ) ;
#335 = DIRECTION ( 'NONE',  ( 0.000000000000000000, 0.000000000000000000, 1.000000000000000000 ) ) ;
#336 = DIRECTION ( 'NONE',  ( 0.000000000000000000, -1.000000000000000000, 0.000000000000000000 ) ) ;
#337 = SURFACE_SIDE_STYLE ('',( #353 ) ) ;
#338 = SURFACE_STYLE_USAGE ( .BOTH. , #639 ) ;
#339 = DIRECTION ( 'NONE',  ( -0.000000000000000000, -1.000000000000000000, -0.000000000000000000 ) ) ;
#340 = MECHANICAL_DESIGN_GEOMETRIC_PRESENTATION_REPRESENTATION (  '', ( #382 ), #2152 ) ;
#341 = PRESENTATION_STYLE_ASSIGNMENT (( #1191 ) ) ;
#342 = PRESENTATION_STYLE_ASSIGNMENT (( #2335 ) ) ;
#343 = FACE_BOUND ( 'NONE', #385, .T. ) ;
#344 = MECHANICAL_DESIGN_GEOMETRIC_PRESENTATION_REPRESENTATION (  '', ( #112 ), #1806 ) ;
#345 = EDGE_CURVE ( 'NONE', #1238, #766, #2102, .T. ) ;
#346 = ORIENTED_EDGE ( 'NONE', *, *, #2156, .T. ) ;
#347 = DIRECTION ( 'NONE',  ( -0.000000000000000000, 1.000000000000000000, -0.000000000000000000 ) ) ;
#348 = SURFACE_SIDE_STYLE ('',( #1277 ) ) ;
#349 = EDGE_CURVE ( 'NONE', #2640, #2251, #645, .T. ) ;
#350 = UNCERTAINTY_MEASURE_WITH_UNIT (LENGTH_MEASURE( 1.000000000000000082E-05 ), #2099, 'distance_accuracy_value', 'NONE');
#351 = FILL_AREA_STYLE ('',( #1683 ) ) ;
#352 = CARTESIAN_POINT ( 'NONE',  ( -42.20000000000000284, -11.70000000000000107, -15.80000000000000071 ) ) ;
#353 = SURFACE_STYLE_FILL_AREA ( #1270 ) ;
#354 = VECTOR ( 'NONE', #2272, 1000.000000000000000 ) ;
#355 = CARTESIAN_POINT ( 'NONE',  ( 0.000000000000000000, 0.000000000000000000, -16.80009999999999692 ) ) ;
#356 = STYLED_ITEM ( 'NONE', ( #1305 ), #2615 ) ;
#357 = PRESENTATION_STYLE_ASSIGNMENT (( #2373 ) ) ;
#358 = FILL_AREA_STYLE ('',( #1949 ) ) ;
#359 = VECTOR ( 'NONE', #1422, 1000.000000000000000 ) ;
#360 = STYLED_ITEM ( 'NONE', ( #2173 ), #2056 ) ;
#361 = EDGE_CURVE ( 'NONE', #1808, #1912, #972, .T. ) ;
#362 = CIRCLE ( 'NONE', #610, 1.000000000000000888 ) ;
#363 = PRESENTATION_STYLE_ASSIGNMENT (( #1981 ) ) ;
#364 = PRESENTATION_LAYER_ASSIGNMENT (  '', '', ( #1236 ) ) ;
#365 = DIRECTION ( 'NONE',  ( 0.000000000000000000, 0.000000000000000000, -1.000000000000000000 ) ) ;
#366 = CARTESIAN_POINT ( 'NONE',  ( -51.20000000000000284, 12.69999999999999929, 15.80000000000000071 ) ) ;
#367 = PRESENTATION_STYLE_ASSIGNMENT (( #338 ) ) ;
#368 = ADVANCED_FACE ( 'NONE', ( #630 ), #1370, .T. ) ;
#369 =( NAMED_UNIT ( * ) PLANE_ANGLE_UNIT ( ) SI_UNIT ( $, .RADIAN. ) );
#370 = DIRECTION ( 'NONE',  ( 1.000000000000000000, 0.000000000000000000, 0.000000000000000000 ) ) ;
#371 = TOROIDAL_SURFACE ( 'NONE', #1763, 9.000000000000001776, 1.000000000000000000 ) ;
#372 = ORIENTED_EDGE ( 'NONE', *, *, #2862, .F. ) ;
#373 = CARTESIAN_POINT ( 'NONE',  ( -22.19999999999999574, -11.69999999999999929, 15.79999999999999893 ) ) ;
#374 = UNCERTAINTY_MEASURE_WITH_UNIT (LENGTH_MEASURE( 1.000000000000000082E-05 ), #2747, 'distance_accuracy_value', 'NONE');
#375 = DIRECTION ( 'NONE',  ( -1.000000000000000000, 0.000000000000000000, -3.329603600723238155E-17 ) ) ;
#376 = DIRECTION ( 'NONE',  ( -0.000000000000000000, 1.000000000000000000, -0.000000000000000000 ) ) ;
#377 =( NAMED_UNIT ( * ) PLANE_ANGLE_UNIT ( ) SI_UNIT ( $, .RADIAN. ) );
#378 = EDGE_CURVE ( 'NONE', #315, #1842, #2809, .T. ) ;
#379 = SURFACE_STYLE_USAGE ( .BOTH. , #430 ) ;
#380 = ORIENTED_EDGE ( 'NONE', *, *, #1234, .T. ) ;
#381 = CARTESIAN_POINT ( 'NONE',  ( 0.000000000000000000, 11.69999999999999929, 15.80009999999999692 ) ) ;
#382 = STYLED_ITEM ( 'NONE', ( #234 ), #1605 ) ;
#383 = DIRECTION ( 'NONE',  ( 0.000000000000000000, -1.000000000000000000, 0.000000000000000000 ) ) ;
#384 = MECHANICAL_DESIGN_GEOMETRIC_PRESENTATION_REPRESENTATION (  '', ( #1828 ), #2377 ) ;
#385 = EDGE_LOOP ( 'NONE', ( #1775, #1818, #1144, #2880, #1146, #1167, #2240, #878 ) ) ;
#386 = CARTESIAN_POINT ( 'NONE',  ( -51.20000000000000284, -2.699999999999999289, -15.80000000000000071 ) ) ;
#387 =( GEOMETRIC_REPRESENTATION_CONTEXT ( 3 ) GLOBAL_UNCERTAINTY_ASSIGNED_CONTEXT ( ( #1913 ) ) GLOBAL_UNIT_ASSIGNED_CONTEXT ( ( #2612, #2818, #588 ) ) REPRESENTATION_CONTEXT ( 'NONE', 'WORKASPACE' ) );
#388 = CIRCLE ( 'NONE', #1164, 1.000000000000000888 ) ;
#389 = DIRECTION ( 'NONE',  ( -0.000000000000000000, -0.000000000000000000, -1.000000000000000000 ) ) ;
#390 = CARTESIAN_POINT ( 'NONE',  ( 52.20000000000000284, 12.69999999999999929, 15.79999999999999538 ) ) ;
#391 = ORIENTED_EDGE ( 'NONE', *, *, #2642, .T. ) ;
#392 = CARTESIAN_POINT ( 'NONE',  ( 51.20000000000000284, 11.69999999999999929, -15.79999999999999538 ) ) ;
#393 = SURFACE_SIDE_STYLE ('',( #1596 ) ) ;
#394 = FACE_OUTER_BOUND ( 'NONE', #2455, .T. ) ;
#395 = VECTOR ( 'NONE', #2544, 1000.000000000000000 ) ;
#396 = AXIS2_PLACEMENT_3D ( 'NONE', #1010, #347, #1239 ) ;
#397 = MECHANICAL_DESIGN_GEOMETRIC_PRESENTATION_REPRESENTATION (  '', ( #1946 ), #941 ) ;
#398 = VERTEX_POINT ( 'NONE', #2748 ) ;
#399 = SURFACE_SIDE_STYLE ('',( #2206 ) ) ;
#400 = CARTESIAN_POINT ( 'NONE',  ( 27.50000000000000000, -12.69999999999999929, 10.50000000000000000 ) ) ;
#401 = ORIENTED_EDGE ( 'NONE', *, *, #2763, .T. ) ;
#402 = EDGE_CURVE ( 'NONE', #2053, #956, #2332, .T. ) ;
#403 = VERTEX_POINT ( 'NONE', #1452 ) ;
#404 = SURFACE_STYLE_FILL_AREA ( #1378 ) ;
#405 = PRODUCT_DEFINITION_CONTEXT ( 'detailed design', #575, 'design' ) ;
#406 = MECHANICAL_DESIGN_GEOMETRIC_PRESENTATION_REPRESENTATION (  '', ( #1518 ), #2498 ) ;
#407 = SURFACE_STYLE_FILL_AREA ( #218 ) ;
#408 = CIRCLE ( 'NONE', #1522, 2.000000000000000000 ) ;
#409 = ORIENTED_EDGE ( 'NONE', *, *, #682, .F. ) ;
#410 = SURFACE_SIDE_STYLE ('',( #1367 ) ) ;
#411 = AXIS2_PLACEMENT_3D ( 'NONE', #1416, #2290, #686 ) ;
#412 = DIRECTION ( 'NONE',  ( 0.000000000000000000, 0.000000000000000000, -1.000000000000000000 ) ) ;
#413 = MECHANICAL_DESIGN_GEOMETRIC_PRESENTATION_REPRESENTATION (  '', ( #2760 ), #2860 ) ;
#414 = ORIENTED_EDGE ( 'NONE', *, *, #334, .F. ) ;
#415 = SURFACE_STYLE_USAGE ( .BOTH. , #1750 ) ;
#416 = PLANE ( 'NONE',  #113 ) ;
#417 = ADVANCED_FACE ( 'NONE', ( #691 ), #467, .F. ) ;
#418 = ORIENTED_EDGE ( 'NONE', *, *, #1139, .T. ) ;
#419 = CIRCLE ( 'NONE', #2002, 0.9499999999999995115 ) ;
#420 = ORIENTED_EDGE ( 'NONE', *, *, #1764, .F. ) ;
#421 = EDGE_CURVE ( 'NONE', #1238, #2077, #1170, .T. ) ;
#422 = ORIENTED_EDGE ( 'NONE', *, *, #2051, .F. ) ;
#423 = SURFACE_SIDE_STYLE ('',( #2025 ) ) ;
#424 = SURFACE_STYLE_USAGE ( .BOTH. , #2488 ) ;
#425 = VECTOR ( 'NONE', #2659, 1000.000000000000000 ) ;
#426 = CARTESIAN_POINT ( 'NONE',  ( -22.19999999999999574, -11.69999999999999929, -15.80009999999999692 ) ) ;
#427 = AXIS2_PLACEMENT_3D ( 'NONE', #2482, #1989, #2234 ) ;
#428 = VERTEX_POINT ( 'NONE', #2536 ) ;
#429 = DIRECTION ( 'NONE',  ( 0.000000000000000000, 1.000000000000000000, 0.000000000000000000 ) ) ;
#430 = SURFACE_SIDE_STYLE ('',( #859 ) ) ;
#431 = CARTESIAN_POINT ( 'NONE',  ( -23.39999999999998792, -12.69999999999999929, -10.50000000000000000 ) ) ;
#432 = ORIENTED_EDGE ( 'NONE', *, *, #609, .T. ) ;
#433 =( LENGTH_UNIT ( ) NAMED_UNIT ( * ) SI_UNIT ( .MILLI., .METRE. ) );
#434 = LINE ( 'NONE', #1357, #186 ) ;
#435 = ORIENTED_EDGE ( 'NONE', *, *, #1543, .T. ) ;
#436 = EDGE_CURVE ( 'NONE', #840, #2499, #1892, .T. ) ;
#437 = COLOUR_RGB ( '',0.5019607843137254832, 0.5019607843137254832, 0.5019607843137254832 ) ;
#438 = VECTOR ( 'NONE', #2936, 1000.000000000000000 ) ;
#439 = ORIENTED_EDGE ( 'NONE', *, *, #2003, .T. ) ;
#440 = PLANE ( 'NONE',  #2064 ) ;
#441 = ADVANCED_FACE ( 'NONE', ( #1631 ), #2567, .T. ) ;
#442 =( GEOMETRIC_REPRESENTATION_CONTEXT ( 3 ) GLOBAL_UNCERTAINTY_ASSIGNED_CONTEXT ( ( #1200 ) ) GLOBAL_UNIT_ASSIGNED_CONTEXT ( ( #2908, #2248, #1332 ) ) REPRESENTATION_CONTEXT ( 'NONE', 'WORKASPACE' ) );
#443 =( NAMED_UNIT ( * ) SI_UNIT ( $, .STERADIAN. ) SOLID_ANGLE_UNIT ( ) );
#444 = CYLINDRICAL_SURFACE ( 'NONE', #2533, 1.899999999999999023 ) ;
#445 = DIRECTION ( 'NONE',  ( -1.000000000000000000, 0.000000000000000000, 0.000000000000000000 ) ) ;
#446 = CARTESIAN_POINT ( 'NONE',  ( -42.20000000000000284, 11.70000000000000107, 15.80000000000000071 ) ) ;
#447 = CARTESIAN_POINT ( 'NONE',  ( 0.000000000000000000, 0.000000000000000000, 0.000000000000000000 ) ) ;
#448 = VERTEX_POINT ( 'NONE', #2784 ) ;
#449 = SURFACE_STYLE_FILL_AREA ( #678 ) ;
#450 = FILL_AREA_STYLE_COLOUR ( '', #1723 ) ;
#451 = ORIENTED_EDGE ( 'NONE', *, *, #2301, .F. ) ;
#452 = CIRCLE ( 'NONE', #123, 10.00000000000000178 ) ;
#453 = ORIENTED_EDGE ( 'NONE', *, *, #2763, .F. ) ;
#454 = LINE ( 'NONE', #1651, #161 ) ;
#455 = CARTESIAN_POINT ( 'NONE',  ( -42.20000000000000284, -12.69999999749999908, -15.80009999999974823 ) ) ;
#456 = FILL_AREA_STYLE_COLOUR ( '', #1716 ) ;
#457 = EDGE_CURVE ( 'NONE', #1847, #1319, #1864, .T. ) ;
#458 = CARTESIAN_POINT ( 'NONE',  ( -42.20000000000000284, -12.69999999749999908, 15.80009999999974823 ) ) ;
#459 = ORIENTED_EDGE ( 'NONE', *, *, #436, .T. ) ;
#460 = CARTESIAN_POINT ( 'NONE',  ( -22.19999999999999574, -11.69999999999999929, 15.79999999999999893 ) ) ;
#461 = AXIS2_PLACEMENT_3D ( 'NONE', #1768, #2200, #2637 ) ;
#462 = STYLED_ITEM ( 'NONE', ( #66 ), #1961 ) ;
#463 = SURFACE_SIDE_STYLE ('',( #1608 ) ) ;
#464 = VECTOR ( 'NONE', #2752, 1000.000000000000000 ) ;
#465 =( GEOMETRIC_REPRESENTATION_CONTEXT ( 3 ) GLOBAL_UNCERTAINTY_ASSIGNED_CONTEXT ( ( #1762 ) ) GLOBAL_UNIT_ASSIGNED_CONTEXT ( ( #877, #1564, #676 ) ) REPRESENTATION_CONTEXT ( 'NONE', 'WORKASPACE' ) );
#466 = CIRCLE ( 'NONE', #2506, 1.000000000000000888 ) ;
#467 = PLANE ( 'NONE',  #1132 ) ;
#468 = STYLED_ITEM ( 'NONE', ( #1228 ), #590 ) ;
#469 = FACE_OUTER_BOUND ( 'NONE', #195, .T. ) ;
#470 = CARTESIAN_POINT ( 'NONE',  ( -25.39999999999998792, -12.70009999999999906, -10.50000000000000000 ) ) ;
#471 = VERTEX_POINT ( 'NONE', #1658 ) ;
#472 = CIRCLE ( 'NONE', #1951, 2.000000000000000000 ) ;
#473 = ORIENTED_EDGE ( 'NONE', *, *, #2521, .T. ) ;
#474 = CARTESIAN_POINT ( 'NONE',  ( -48.15000000000000568, -1.100000000000000311, 19.79999999999999716 ) ) ;
#475 = LINE ( 'NONE', #979, #1352 ) ;
#476 = CIRCLE ( 'NONE', #2005, 1.000000000000000888 ) ;
#477 =( NAMED_UNIT ( * ) PLANE_ANGLE_UNIT ( ) SI_UNIT ( $, .RADIAN. ) );
#478 =( NAMED_UNIT ( * ) PLANE_ANGLE_UNIT ( ) SI_UNIT ( $, .RADIAN. ) );
#479 = ORIENTED_EDGE ( 'NONE', *, *, #2027, .T. ) ;
#480 = LINE ( 'NONE', #968, #2136 ) ;
#481 = CARTESIAN_POINT ( 'NONE',  ( -42.20000000000000284, -2.699999999999999289, 15.80000000000000071 ) ) ;
#482 = EDGE_CURVE ( 'NONE', #1896, #87, #728, .T. ) ;
#483 = DIRECTION ( 'NONE',  ( 0.000000000000000000, 0.000000000000000000, 1.000000000000000000 ) ) ;
#484 =( NAMED_UNIT ( * ) SI_UNIT ( $, .STERADIAN. ) SOLID_ANGLE_UNIT ( ) );
#485 = ORIENTED_EDGE ( 'NONE', *, *, #206, .F. ) ;
#486 = EDGE_LOOP ( 'NONE', ( #2714, #553, #1820, #864 ) ) ;
#487 =( LENGTH_UNIT ( ) NAMED_UNIT ( * ) SI_UNIT ( .MILLI., .METRE. ) );
#488 = DIRECTION ( 'NONE',  ( -1.000000000000000000, 0.000000000000000000, -0.000000000000000000 ) ) ;
#489 = CARTESIAN_POINT ( 'NONE',  ( -44.20000000000000284, 3.349999999999999645, -21.80000000000000071 ) ) ;
#490 = VERTEX_POINT ( 'NONE', #1390 ) ;
#491 = DIRECTION ( 'NONE',  ( -0.000000000000000000, -1.000000000000000000, -0.000000000000000000 ) ) ;
#492 = VECTOR ( 'NONE', #745, 1000.000000000000000 ) ;
#493 = AXIS2_PLACEMENT_3D ( 'NONE', #1771, #160, #1582 ) ;
#494 = FILL_AREA_STYLE_COLOUR ( '', #1190 ) ;
#495 = SURFACE_STYLE_USAGE ( .BOTH. , #1671 ) ;
#496 =( LENGTH_UNIT ( ) NAMED_UNIT ( * ) SI_UNIT ( .MILLI., .METRE. ) );
#497 = CARTESIAN_POINT ( 'NONE',  ( -23.39999999999998792, -12.70009999999999906, 12.50000000000000000 ) ) ;
#498 =( NAMED_UNIT ( * ) SI_UNIT ( $, .STERADIAN. ) SOLID_ANGLE_UNIT ( ) );
#499 = ORIENTED_EDGE ( 'NONE', *, *, #2862, .T. ) ;
#500 = CARTESIAN_POINT ( 'NONE',  ( 51.20000000000000284, -12.69999999999999929, -15.79999999999999538 ) ) ;
#501 = ORIENTED_EDGE ( 'NONE', *, *, #2352, .T. ) ;
#502 = EDGE_CURVE ( 'NONE', #787, #779, #511, .T. ) ;
#503 = ORIENTED_EDGE ( 'NONE', *, *, #1461, .F. ) ;
#504 = DIRECTION ( 'NONE',  ( 1.000000000000000000, -0.000000000000000000, 6.646450099527995912E-17 ) ) ;
#505 = PRESENTATION_STYLE_ASSIGNMENT (( #1872 ) ) ;
#506 = EDGE_CURVE ( 'NONE', #1366, #1634, #291, .T. ) ;
#507 = UNCERTAINTY_MEASURE_WITH_UNIT (LENGTH_MEASURE( 1.000000000000000082E-05 ), #1969, 'distance_accuracy_value', 'NONE');
#508 = ORIENTED_EDGE ( 'NONE', *, *, #1201, .T. ) ;
#509 = CARTESIAN_POINT ( 'NONE',  ( 51.20000000000000284, -11.69999999999999929, 15.79999999999999538 ) ) ;
#510 = PRESENTATION_LAYER_ASSIGNMENT (  '', '', ( #704 ) ) ;
#511 = LINE ( 'NONE', #1845, #2811 ) ;
#512 = ORIENTED_EDGE ( 'NONE', *, *, #1891, .F. ) ;
#513 =( LENGTH_UNIT ( ) NAMED_UNIT ( * ) SI_UNIT ( .MILLI., .METRE. ) );
#514 = AXIS2_PLACEMENT_3D ( 'NONE', #79, #584, #1000 ) ;
#515 = AXIS2_PLACEMENT_3D ( 'NONE', #2524, #53, #2539 ) ;
#516 = EDGE_CURVE ( 'NONE', #1634, #2947, #1829, .T. ) ;
#517 = ORIENTED_EDGE ( 'NONE', *, *, #1458, .T. ) ;
#518 = CARTESIAN_POINT ( 'NONE',  ( -44.20000000000000284, -3.349999999999999645, -21.80000000000000071 ) ) ;
#519 = DIRECTION ( 'NONE',  ( -0.000000000000000000, -0.000000000000000000, -1.000000000000000000 ) ) ;
#520 = EDGE_CURVE ( 'NONE', #1831, #1376, #2960, .T. ) ;
#521 = EDGE_LOOP ( 'NONE', ( #866, #2236, #2788, #1920 ) ) ;
#522 =( GEOMETRIC_REPRESENTATION_CONTEXT ( 3 ) GLOBAL_UNCERTAINTY_ASSIGNED_CONTEXT ( ( #1223 ) ) GLOBAL_UNIT_ASSIGNED_CONTEXT ( ( #2639, #2398, #1274 ) ) REPRESENTATION_CONTEXT ( 'NONE', 'WORKASPACE' ) );
#523 = CARTESIAN_POINT ( 'NONE',  ( -52.20000000000000284, 12.69999999999999929, -15.80000000000000071 ) ) ;
#524 = EDGE_LOOP ( 'NONE', ( #529, #989, #2730, #247 ) ) ;
#525 = PRESENTATION_STYLE_ASSIGNMENT (( #96 ) ) ;
#526 = CIRCLE ( 'NONE', #2973, 1.000000000000000888 ) ;
#527 = LINE ( 'NONE', #2496, #2511 ) ;
#528 = CARTESIAN_POINT ( 'NONE',  ( 51.20000000000000284, 12.69999999999999929, -16.79999999999999716 ) ) ;
#529 = ORIENTED_EDGE ( 'NONE', *, *, #457, .F. ) ;
#530 = CARTESIAN_POINT ( 'NONE',  ( -23.39999999999998792, -12.70009999999999906, 12.50000000000000000 ) ) ;
#531 = VERTEX_POINT ( 'NONE', #760 ) ;
#532 = ORIENTED_EDGE ( 'NONE', *, *, #2542, .T. ) ;
#533 = DIRECTION ( 'NONE',  ( 0.000000000000000000, 0.000000000000000000, -1.000000000000000000 ) ) ;
#534 = FACE_OUTER_BOUND ( 'NONE', #2508, .T. ) ;
#535 = ADVANCED_BREP_SHAPE_REPRESENTATION ( 'Battery 2200mAh 11.1V LionPower', ( #2965, #2816 ), #717 ) ;
#536 = ORIENTED_EDGE ( 'NONE', *, *, #1676, .T. ) ;
#537 = UNCERTAINTY_MEASURE_WITH_UNIT (LENGTH_MEASURE( 1.000000000000000082E-05 ), #1017, 'distance_accuracy_value', 'NONE');
#538 = EDGE_CURVE ( 'NONE', #777, #905, #527, .T. ) ;
#539 = STYLED_ITEM ( 'NONE', ( #833 ), #1050 ) ;
#540 = DIRECTION ( 'NONE',  ( 0.000000000000000000, 0.000000000000000000, 1.000000000000000000 ) ) ;
#541 = CARTESIAN_POINT ( 'NONE',  ( 29.50000000000000711, -12.70009999999999906, 10.50000000000000000 ) ) ;
#542 = CARTESIAN_POINT ( 'NONE',  ( -22.19999999999999929, 12.69999999749999908, 15.80009999999974823 ) ) ;
#543 = DIRECTION ( 'NONE',  ( -1.000000000000000000, -0.000000000000000000, 6.646450099527995912E-17 ) ) ;
#544 = ORIENTED_EDGE ( 'NONE', *, *, #1543, .F. ) ;
#545 = FACE_BOUND ( 'NONE', #2030, .T. ) ;
#546 = ORIENTED_EDGE ( 'NONE', *, *, #2642, .F. ) ;
#547 =( NAMED_UNIT ( * ) SI_UNIT ( $, .STERADIAN. ) SOLID_ANGLE_UNIT ( ) );
#548 = LINE ( 'NONE', #796, #1953 ) ;
#549 = ORIENTED_EDGE ( 'NONE', *, *, #187, .T. ) ;
#550 =( GEOMETRIC_REPRESENTATION_CONTEXT ( 3 ) GLOBAL_UNCERTAINTY_ASSIGNED_CONTEXT ( ( #2404 ) ) GLOBAL_UNIT_ASSIGNED_CONTEXT ( ( #2012, #1101, #2209 ) ) REPRESENTATION_CONTEXT ( 'NONE', 'WORKASPACE' ) );
#551 = SURFACE_SIDE_STYLE ('',( #1697 ) ) ;
#552 = CIRCLE ( 'NONE', #2312, 0.9499999999999995115 ) ;
#553 = ORIENTED_EDGE ( 'NONE', *, *, #516, .F. ) ;
#554 = EDGE_CURVE ( 'NONE', #2966, #1542, #1137, .T. ) ;
#555 = AXIS2_PLACEMENT_3D ( 'NONE', #2160, #2635, #2886 ) ;
#556 =( NAMED_UNIT ( * ) PLANE_ANGLE_UNIT ( ) SI_UNIT ( $, .RADIAN. ) );
#557 = DIRECTION ( 'NONE',  ( 0.000000000000000000, 0.000000000000000000, 1.000000000000000000 ) ) ;
#558 = STYLED_ITEM ( 'NONE', ( #367 ), #1510 ) ;
#559 = AXIS2_PLACEMENT_3D ( 'NONE', #2729, #2840, #1492 ) ;
#560 = CARTESIAN_POINT ( 'NONE',  ( -42.20000000000000284, 11.70000000000000107, -15.80000000000000071 ) ) ;
#561 = DIRECTION ( 'NONE',  ( -0.000000000000000000, 1.000000000000000000, -0.000000000000000000 ) ) ;
#562 = AXIS2_PLACEMENT_3D ( 'NONE', #1098, #2021, #1976 ) ;
#563 =( GEOMETRIC_REPRESENTATION_CONTEXT ( 3 ) GLOBAL_UNCERTAINTY_ASSIGNED_CONTEXT ( ( #966 ) ) GLOBAL_UNIT_ASSIGNED_CONTEXT ( ( #2679, #1328, #1982 ) ) REPRESENTATION_CONTEXT ( 'NONE', 'WORKASPACE' ) );
#564 = CIRCLE ( 'NONE', #2327, 2.000000000000000000 ) ;
#565 = PRESENTATION_LAYER_ASSIGNMENT (  '', '', ( #1946 ) ) ;
#566 = STYLED_ITEM ( 'NONE', ( #2213 ), #646 ) ;
#567 = UNCERTAINTY_MEASURE_WITH_UNIT (LENGTH_MEASURE( 1.000000000000000082E-05 ), #2420, 'distance_accuracy_value', 'NONE');
#568 = DIRECTION ( 'NONE',  ( 1.000000000000000000, 0.000000000000000000, 0.000000000000000000 ) ) ;
#569 = FACE_OUTER_BOUND ( 'NONE', #999, .T. ) ;
#570 =( LENGTH_UNIT ( ) NAMED_UNIT ( * ) SI_UNIT ( .MILLI., .METRE. ) );
#571 = ADVANCED_FACE ( 'NONE', ( #1463 ), #2137, .T. ) ;
#572 = VECTOR ( 'NONE', #758, 1000.000000000000000 ) ;
#573 = FACE_OUTER_BOUND ( 'NONE', #967, .T. ) ;
#574 = CIRCLE ( 'NONE', #1336, 1.000000000000000888 ) ;
#575 = APPLICATION_CONTEXT ( 'automotive_design' ) ;
#576 = ADVANCED_FACE ( 'NONE', ( #2593 ), #1700, .T. ) ;
#577 = LINE ( 'NONE', #1497, #960 ) ;
#578 = EDGE_LOOP ( 'NONE', ( #2265, #2972, #1220, #499 ) ) ;
#579 = LINE ( 'NONE', #1467, #2949 ) ;
#580 = VECTOR ( 'NONE', #908, 1000.000000000000000 ) ;
#581 = DIRECTION ( 'NONE',  ( -0.000000000000000000, 0.000000000000000000, 1.000000000000000000 ) ) ;
#582 = DIRECTION ( 'NONE',  ( 0.000000000000000000, 0.000000000000000000, 1.000000000000000000 ) ) ;
#583 = DIRECTION ( 'NONE',  ( 0.000000000000000000, 0.000000000000000000, -1.000000000000000000 ) ) ;
#584 = DIRECTION ( 'NONE',  ( -0.000000000000000000, -0.000000000000000000, -1.000000000000000000 ) ) ;
#585 = PLANE ( 'NONE',  #1131 ) ;
#586 = FACE_OUTER_BOUND ( 'NONE', #2833, .T. ) ;
#587 = MECHANICAL_DESIGN_GEOMETRIC_PRESENTATION_REPRESENTATION (  '', ( #2389 ), #2088 ) ;
#588 =( NAMED_UNIT ( * ) SI_UNIT ( $, .STERADIAN. ) SOLID_ANGLE_UNIT ( ) );
#589 =( GEOMETRIC_REPRESENTATION_CONTEXT ( 3 ) GLOBAL_UNCERTAINTY_ASSIGNED_CONTEXT ( ( #1044 ) ) GLOBAL_UNIT_ASSIGNED_CONTEXT ( ( #1259, #776, #82 ) ) REPRESENTATION_CONTEXT ( 'NONE', 'WORKASPACE' ) );
#590 = ADVANCED_FACE ( 'NONE', ( #586 ), #2397, .T. ) ;
#591 = FILL_AREA_STYLE_COLOUR ( '', #1733 ) ;
#592 = ADVANCED_FACE ( 'NONE', ( #2844 ), #1493, .F. ) ;
#593 = UNCERTAINTY_MEASURE_WITH_UNIT (LENGTH_MEASURE( 1.000000000000000082E-05 ), #2416, 'distance_accuracy_value', 'NONE');
#594 = CARTESIAN_POINT ( 'NONE',  ( -42.20000000000000284, -11.70000000000000107, 15.80000000000000071 ) ) ;
#595 =( LENGTH_UNIT ( ) NAMED_UNIT ( * ) SI_UNIT ( .MILLI., .METRE. ) );
#596 = CIRCLE ( 'NONE', #644, 0.9499999999999995115 ) ;
#597 = FILL_AREA_STYLE_COLOUR ( '', #1760 ) ;
#598 = CARTESIAN_POINT ( 'NONE',  ( -44.20000000000000284, 3.349999999999999645, -21.80000000000000071 ) ) ;
#599 =( NAMED_UNIT ( * ) PLANE_ANGLE_UNIT ( ) SI_UNIT ( $, .RADIAN. ) );
#600 = DIRECTION ( 'NONE',  ( 0.000000000000000000, -1.000000000000000000, 0.000000000000000000 ) ) ;
#601 = ORIENTED_EDGE ( 'NONE', *, *, #2243, .T. ) ;
#602 = FILL_AREA_STYLE ('',( #2456 ) ) ;
#603 = SURFACE_SIDE_STYLE ('',( #2599 ) ) ;
#604 = AXIS2_PLACEMENT_3D ( 'NONE', #627, #2887, #2680 ) ;
#605 = SURFACE_SIDE_STYLE ('',( #104 ) ) ;
#606 = EDGE_CURVE ( 'NONE', #1772, #2554, #1579, .T. ) ;
#607 = PLANE ( 'NONE',  #995 ) ;
#608 = CIRCLE ( 'NONE', #559, 2.000000000000000000 ) ;
#609 = EDGE_CURVE ( 'NONE', #2126, #2955, #674, .T. ) ;
#610 = AXIS2_PLACEMENT_3D ( 'NONE', #386, #844, #1788 ) ;
#611 =( GEOMETRIC_REPRESENTATION_CONTEXT ( 3 ) GLOBAL_UNCERTAINTY_ASSIGNED_CONTEXT ( ( #117 ) ) GLOBAL_UNIT_ASSIGNED_CONTEXT ( ( #2578, #369, #2188 ) ) REPRESENTATION_CONTEXT ( 'NONE', 'WORKASPACE' ) );
#612 = DIRECTION ( 'NONE',  ( 0.000000000000000000, -1.000000000000000000, 0.000000000000000000 ) ) ;
#613 = FILL_AREA_STYLE_COLOUR ( '', #1379 ) ;
#614 = DIRECTION ( 'NONE',  ( 1.000000000000000000, 0.000000000000000000, -0.000000000000000000 ) ) ;
#615 = CARTESIAN_POINT ( 'NONE',  ( 42.50000000000000000, 12.69999999999999929, 11.19999999999999929 ) ) ;
#616 = STYLED_ITEM ( 'NONE', ( #255 ), #535 ) ;
#617 = DIRECTION ( 'NONE',  ( -1.365923996832131609E-16, 1.000000000000000000, 0.000000000000000000 ) ) ;
#618 = CYLINDRICAL_SURFACE ( 'NONE', #811, 1.000000000000000888 ) ;
#619 = CARTESIAN_POINT ( 'NONE',  ( -25.39999999999998792, -12.70009999999999906, 10.50000000000000000 ) ) ;
#620 = EDGE_LOOP ( 'NONE', ( #1521, #331, #2685, #1814, #177, #2538, #1578, #924, #1443, #231 ) ) ;
#621 = CYLINDRICAL_SURFACE ( 'NONE', #2854, 1.000000000000000888 ) ;
#622 =( LENGTH_UNIT ( ) NAMED_UNIT ( * ) SI_UNIT ( .MILLI., .METRE. ) );
#623 = UNCERTAINTY_MEASURE_WITH_UNIT (LENGTH_MEASURE( 1.000000000000000082E-05 ), #2426, 'distance_accuracy_value', 'NONE');
#624 = DIRECTION ( 'NONE',  ( 0.000000000000000000, -1.000000000000000000, 0.000000000000000000 ) ) ;
#625 = DIRECTION ( 'NONE',  ( 0.000000000000000000, -1.000000000000000000, 0.000000000000000000 ) ) ;
#626 = ADVANCED_FACE ( 'NONE', ( #2247 ), #2665, .F. ) ;
#627 = CARTESIAN_POINT ( 'NONE',  ( -35.29999999999999005, 12.70009999999999906, -11.19999999999999929 ) ) ;
#628 = ORIENTED_EDGE ( 'NONE', *, *, #1022, .T. ) ;
#629 = LINE ( 'NONE', #192, #634 ) ;
#630 = FACE_OUTER_BOUND ( 'NONE', #304, .T. ) ;
#631 = VERTEX_POINT ( 'NONE', #615 ) ;
#632 = DIRECTION ( 'NONE',  ( 0.000000000000000000, 0.000000000000000000, -1.000000000000000000 ) ) ;
#633 = ORIENTED_EDGE ( 'NONE', *, *, #1143, .F. ) ;
#634 = VECTOR ( 'NONE', #1299, 1000.000000000000000 ) ;
#635 = PRESENTATION_LAYER_ASSIGNMENT (  '', '', ( #2158 ) ) ;
#636 = ORIENTED_EDGE ( 'NONE', *, *, #965, .T. ) ;
#637 = DIRECTION ( 'NONE',  ( -0.000000000000000000, -1.000000000000000000, -0.000000000000000000 ) ) ;
#638 = FACE_OUTER_BOUND ( 'NONE', #2073, .T. ) ;
#639 = SURFACE_SIDE_STYLE ('',( #2438 ) ) ;
#640 = ADVANCED_FACE ( 'NONE', ( #1782 ), #2232, .T. ) ;
#641 = CARTESIAN_POINT ( 'NONE',  ( -22.19999999999999929, 12.69999999999999929, -16.80009999999999692 ) ) ;
#642 = ORIENTED_EDGE ( 'NONE', *, *, #2556, .T. ) ;
#643 = CARTESIAN_POINT ( 'NONE',  ( -35.29999999999999005, 12.69999999999999929, -11.19999999999999929 ) ) ;
#644 = AXIS2_PLACEMENT_3D ( 'NONE', #978, #19, #2086 ) ;
#645 = LINE ( 'NONE', #862, #580 ) ;
#646 = ADVANCED_FACE ( 'NONE', ( #1313 ), #2006, .T. ) ;
#647 =( GEOMETRIC_REPRESENTATION_CONTEXT ( 3 ) GLOBAL_UNCERTAINTY_ASSIGNED_CONTEXT ( ( #1448 ) ) GLOBAL_UNIT_ASSIGNED_CONTEXT ( ( #780, #1512, #547 ) ) REPRESENTATION_CONTEXT ( 'NONE', 'WORKASPACE' ) );
#648 = ORIENTED_EDGE ( 'NONE', *, *, #2785, .T. ) ;
#649 = DIRECTION ( 'NONE',  ( 1.000000000000000000, 0.000000000000000000, 6.646450099527995912E-17 ) ) ;
#650 = CARTESIAN_POINT ( 'NONE',  ( -22.19999999999999574, -11.69999999999999929, 16.80009999999999692 ) ) ;
#651 = EDGE_LOOP ( 'NONE', ( #1210, #549, #262 ) ) ;
#652 = EDGE_LOOP ( 'NONE', ( #512, #683, #1289, #665, #2111 ) ) ;
#653 = DIRECTION ( 'NONE',  ( 3.329603600723238155E-17, 0.000000000000000000, -1.000000000000000000 ) ) ;
#654 = DIRECTION ( 'NONE',  ( 1.000000000000000000, 0.000000000000000000, -0.000000000000000000 ) ) ;
#655 = AXIS2_PLACEMENT_3D ( 'NONE', #2606, #829, #1928 ) ;
#656 = DIRECTION ( 'NONE',  ( 1.000000000000000000, 0.000000000000000000, -6.646450099527995912E-17 ) ) ;
#657 = PRESENTATION_STYLE_ASSIGNMENT (( #2450 ) ) ;
#658 = STYLED_ITEM ( 'NONE', ( #1894 ), #2823 ) ;
#659 = FILL_AREA_STYLE_COLOUR ( '', #1991 ) ;
#660 = MECHANICAL_DESIGN_GEOMETRIC_PRESENTATION_REPRESENTATION (  '', ( #86 ), #1993 ) ;
#661 = AXIS2_PLACEMENT_3D ( 'NONE', #530, #1208, #1675 ) ;
#662 = CARTESIAN_POINT ( 'NONE',  ( 40.50000000000000000, 12.70009999999999906, -11.19999999999999929 ) ) ;
#663 =( NAMED_UNIT ( * ) PLANE_ANGLE_UNIT ( ) SI_UNIT ( $, .RADIAN. ) );
#664 = CARTESIAN_POINT ( 'NONE',  ( -22.19999999999999929, 11.69999999999999929, 16.80000000000000071 ) ) ;
#665 = ORIENTED_EDGE ( 'NONE', *, *, #182, .F. ) ;
#666 = PRESENTATION_STYLE_ASSIGNMENT (( #1276 ) ) ;
#667 = DIRECTION ( 'NONE',  ( -0.000000000000000000, 1.000000000000000000, -0.000000000000000000 ) ) ;
#668 = ORIENTED_EDGE ( 'NONE', *, *, #2403, .T. ) ;
#669 = EDGE_CURVE ( 'NONE', #2664, #2343, #955, .T. ) ;
#670 = VERTEX_POINT ( 'NONE', #2766 ) ;
#671 = FACE_BOUND ( 'NONE', #267, .T. ) ;
#672 = PRESENTATION_LAYER_ASSIGNMENT (  '', '', ( #50 ) ) ;
#673 = CARTESIAN_POINT ( 'NONE',  ( -23.39999999999998792, -12.69999999999999929, 12.50000000000000000 ) ) ;
#674 = LINE ( 'NONE', #1747, #318 ) ;
#675 = DIRECTION ( 'NONE',  ( 1.000000000000000000, 0.000000000000000000, -0.000000000000000000 ) ) ;
#676 =( NAMED_UNIT ( * ) SI_UNIT ( $, .STERADIAN. ) SOLID_ANGLE_UNIT ( ) );
#677 = EDGE_LOOP ( 'NONE', ( #1343, #1161, #1565, #2698, #996, #294 ) ) ;
#678 = FILL_AREA_STYLE ('',( #273 ) ) ;
#679 = CARTESIAN_POINT ( 'NONE',  ( -22.19999999999999929, 11.69999999999999929, 15.80009999999999692 ) ) ;
#680 = ORIENTED_EDGE ( 'NONE', *, *, #131, .T. ) ;
#681 = VECTOR ( 'NONE', #519, 1000.000000000000000 ) ;
#682 = EDGE_CURVE ( 'NONE', #2077, #1599, #1861, .T. ) ;
#683 = ORIENTED_EDGE ( 'NONE', *, *, #762, .F. ) ;
#684 = LINE ( 'NONE', #2487, #354 ) ;
#685 = FILL_AREA_STYLE ('',( #2463 ) ) ;
#686 = DIRECTION ( 'NONE',  ( 0.000000000000000000, -0.000000000000000000, -1.000000000000000000 ) ) ;
#687 = LINE ( 'NONE', #2259, #1987 ) ;
#688 = EDGE_LOOP ( 'NONE', ( #1704, #47, #2688, #2011 ) ) ;
#689 = DIRECTION ( 'NONE',  ( -1.000000000000000000, 0.000000000000000000, 0.000000000000000000 ) ) ;
#690 = VERTEX_POINT ( 'NONE', #2307 ) ;
#691 = FACE_OUTER_BOUND ( 'NONE', #695, .T. ) ;
#692 = CARTESIAN_POINT ( 'NONE',  ( -52.20000000000000284, 12.69999999999999929, 16.80000000000000071 ) ) ;
#693 = ORIENTED_EDGE ( 'NONE', *, *, #1346, .F. ) ;
#694 = CARTESIAN_POINT ( 'NONE',  ( -22.19999999999999929, 12.69999999999999929, 16.80009999999999692 ) ) ;
#695 = EDGE_LOOP ( 'NONE', ( #724, #2546, #2570, #501, #2824, #288 ) ) ;
#696 = PRESENTATION_LAYER_ASSIGNMENT (  '', '', ( #1980 ) ) ;
#697 = ORIENTED_EDGE ( 'NONE', *, *, #983, .T. ) ;
#698 = SURFACE_STYLE_FILL_AREA ( #2319 ) ;
#699 = CARTESIAN_POINT ( 'NONE',  ( -44.20000000000000284, -3.349999999999999645, -16.80000000000000071 ) ) ;
#700 = DIRECTION ( 'NONE',  ( -0.000000000000000000, 0.000000000000000000, 1.000000000000000000 ) ) ;
#701 = EDGE_CURVE ( 'NONE', #166, #1375, #1327, .T. ) ;
#702 = ORIENTED_EDGE ( 'NONE', *, *, #2239, .F. ) ;
#703 = DIRECTION ( 'NONE',  ( -0.000000000000000000, -1.000000000000000000, -0.000000000000000000 ) ) ;
#704 = STYLED_ITEM ( 'NONE', ( #2245 ), #1539 ) ;
#705 = PLANE ( 'NONE',  #2559 ) ;
#706 = MECHANICAL_DESIGN_GEOMETRIC_PRESENTATION_REPRESENTATION (  '', ( #2503 ), #903 ) ;
#707 = FILL_AREA_STYLE ('',( #2942 ) ) ;
#708 = COLOUR_RGB ( '',0.5019607843137254832, 0.5019607843137254832, 0.5019607843137254832 ) ;
#709 = STYLED_ITEM ( 'NONE', ( #1811 ), #2185 ) ;
#710 = CARTESIAN_POINT ( 'NONE',  ( -48.15000000000002700, 1.099999999999999423, 19.79999999999999716 ) ) ;
#711 = AXIS2_PLACEMENT_3D ( 'NONE', #778, #2802, #1477 ) ;
#712 = AXIS2_PLACEMENT_3D ( 'NONE', #1684, #2797, #540 ) ;
#713 = DIRECTION ( 'NONE',  ( -1.000000000000000000, -0.000000000000000000, -0.000000000000000000 ) ) ;
#714 = PRESENTATION_LAYER_ASSIGNMENT (  '', '', ( #566 ) ) ;
#715 = DIRECTION ( 'NONE',  ( -1.000000000000000000, 0.000000000000000000, 0.000000000000000000 ) ) ;
#716 = ORIENTED_EDGE ( 'NONE', *, *, #1234, .F. ) ;
#717 =( GEOMETRIC_REPRESENTATION_CONTEXT ( 3 ) GLOBAL_UNCERTAINTY_ASSIGNED_CONTEXT ( ( #1524 ) ) GLOBAL_UNIT_ASSIGNED_CONTEXT ( ( #1421, #1815, #2311 ) ) REPRESENTATION_CONTEXT ( 'NONE', 'WORKASPACE' ) );
#718 = ORIENTED_EDGE ( 'NONE', *, *, #2068, .T. ) ;
#719 = SURFACE_STYLE_USAGE ( .BOTH. , #962 ) ;
#720 = PRESENTATION_STYLE_ASSIGNMENT (( #2510 ) ) ;
#721 = VECTOR ( 'NONE', #2329, 1000.000000000000000 ) ;
#722 = DIRECTION ( 'NONE',  ( 0.000000000000000000, 0.000000000000000000, 1.000000000000000000 ) ) ;
#723 = UNCERTAINTY_MEASURE_WITH_UNIT (LENGTH_MEASURE( 1.000000000000000082E-05 ), #2514, 'distance_accuracy_value', 'NONE');
#724 = ORIENTED_EDGE ( 'NONE', *, *, #378, .T. ) ;
#725 = LINE ( 'NONE', #1840, #91 ) ;
#726 = EDGE_CURVE ( 'NONE', #87, #2251, #480, .T. ) ;
#727 = PRESENTATION_STYLE_ASSIGNMENT (( #495 ) ) ;
#728 = LINE ( 'NONE', #2122, #767 ) ;
#729 = ORIENTED_EDGE ( 'NONE', *, *, #801, .F. ) ;
#730 = CARTESIAN_POINT ( 'NONE',  ( -51.20000000000000284, 2.699999999999999289, 15.80000000000000071 ) ) ;
#731 = CARTESIAN_POINT ( 'NONE',  ( -23.39999999999998792, -12.70009999999999906, -12.50000000000000000 ) ) ;
#732 = ORIENTED_EDGE ( 'NONE', *, *, #2104, .F. ) ;
#733 = CARTESIAN_POINT ( 'NONE',  ( 1.050139115725423179E-15, -12.69999999999999929, -15.79999999999999893 ) ) ;
#734 = LINE ( 'NONE', #1197, #2113 ) ;
#735 =( GEOMETRIC_REPRESENTATION_CONTEXT ( 3 ) GLOBAL_UNCERTAINTY_ASSIGNED_CONTEXT ( ( #593 ) ) GLOBAL_UNIT_ASSIGNED_CONTEXT ( ( #2416, #1015, #2289 ) ) REPRESENTATION_CONTEXT ( 'NONE', 'WORKASPACE' ) );
#736 =( GEOMETRIC_REPRESENTATION_CONTEXT ( 3 ) GLOBAL_UNCERTAINTY_ASSIGNED_CONTEXT ( ( #92 ) ) GLOBAL_UNIT_ASSIGNED_CONTEXT ( ( #1392, #2296, #2124 ) ) REPRESENTATION_CONTEXT ( 'NONE', 'WORKASPACE' ) );
#737 = FILL_AREA_STYLE_COLOUR ( '', #2856 ) ;
#738 = EDGE_LOOP ( 'NONE', ( #2734, #2429, #1907, #1128 ) ) ;
#739 = CARTESIAN_POINT ( 'NONE',  ( -23.39999999999998792, -12.70009999999999906, 12.50000000000000000 ) ) ;
#740 = AXIS2_PLACEMENT_3D ( 'NONE', #641, #2214, #617 ) ;
#741 = EDGE_LOOP ( 'NONE', ( #1178, #1889, #2526, #2277 ) ) ;
#742 = DIRECTION ( 'NONE',  ( 0.000000000000000000, 0.000000000000000000, -1.000000000000000000 ) ) ;
#743 = EDGE_CURVE ( 'NONE', #448, #631, #725, .T. ) ;
#744 = FILL_AREA_STYLE_COLOUR ( '', #2269 ) ;
#745 = DIRECTION ( 'NONE',  ( 0.000000000000000000, -1.000000000000000000, 0.000000000000000000 ) ) ;
#746 = ORIENTED_EDGE ( 'NONE', *, *, #2388, .F. ) ;
#747 = FILL_AREA_STYLE ('',( #1942 ) ) ;
#748 = CARTESIAN_POINT ( 'NONE',  ( -22.19999999999999574, -11.69999999999999929, 16.80000000000000071 ) ) ;
#749 = EDGE_CURVE ( 'NONE', #1634, #1432, #41, .T. ) ;
#750 = EDGE_LOOP ( 'NONE', ( #636, #935 ) ) ;
#751 = DIRECTION ( 'NONE',  ( 1.000000000000000000, 0.000000000000000000, 0.000000000000000000 ) ) ;
#752 = FILL_AREA_STYLE_COLOUR ( '', #2477 ) ;
#753 = AXIS2_PLACEMENT_3D ( 'NONE', #2058, #993, #2117 ) ;
#754 = AXIS2_PLACEMENT_3D ( 'NONE', #1731, #2573, #1719 ) ;
#755 = FILL_AREA_STYLE_COLOUR ( '', #159 ) ;
#756 = ORIENTED_EDGE ( 'NONE', *, *, #606, .F. ) ;
#757 = UNCERTAINTY_MEASURE_WITH_UNIT (LENGTH_MEASURE( 1.000000000000000082E-05 ), #1836, 'distance_accuracy_value', 'NONE');
#758 = DIRECTION ( 'NONE',  ( 0.000000000000000000, -0.000000000000000000, 1.000000000000000000 ) ) ;
#759 = SURFACE_STYLE_USAGE ( .BOTH. , #2121 ) ;
#760 = CARTESIAN_POINT ( 'NONE',  ( 51.20000000000000284, 12.69999999999999929, 15.79999999999999538 ) ) ;
#761 = SURFACE_STYLE_USAGE ( .BOTH. , #1423 ) ;
#762 = EDGE_CURVE ( 'NONE', #2128, #779, #854, .T. ) ;
#763 = AXIS2_PLACEMENT_3D ( 'NONE', #2687, #225, #1107 ) ;
#764 = ORIENTED_EDGE ( 'NONE', *, *, #2575, .F. ) ;
#765 = VECTOR ( 'NONE', #1460, 1000.000000000000000 ) ;
#766 = VERTEX_POINT ( 'NONE', #2293 ) ;
#767 = VECTOR ( 'NONE', #2550, 1000.000000000000000 ) ;
#768 = EDGE_CURVE ( 'NONE', #1824, #2914, #320, .T. ) ;
#769 = ORIENTED_EDGE ( 'NONE', *, *, #2877, .T. ) ;
#770 = SURFACE_SIDE_STYLE ('',( #2806 ) ) ;
#771 = EDGE_LOOP ( 'NONE', ( #2708, #2219, #546, #422, #2253 ) ) ;
#772 = CARTESIAN_POINT ( 'NONE',  ( -44.20000000000000284, 3.349999999999999645, -16.80000000000000071 ) ) ;
#773 = CARTESIAN_POINT ( 'NONE',  ( 29.50000000000000711, -12.69999999999999929, 10.50000000000000000 ) ) ;
#774 = AXIS2_PLACEMENT_3D ( 'NONE', #679, #1566, #910 ) ;
#775 = SURFACE_STYLE_FILL_AREA ( #2875 ) ;
#776 =( NAMED_UNIT ( * ) PLANE_ANGLE_UNIT ( ) SI_UNIT ( $, .RADIAN. ) );
#777 = VERTEX_POINT ( 'NONE', #2782 ) ;
#778 = CARTESIAN_POINT ( 'NONE',  ( -47.19999999999998153, -3.299999999999998934, 19.79999999999999716 ) ) ;
#779 = VERTEX_POINT ( 'NONE', #2278 ) ;
#780 =( LENGTH_UNIT ( ) NAMED_UNIT ( * ) SI_UNIT ( .MILLI., .METRE. ) );
#781 = EDGE_CURVE ( 'NONE', #938, #1787, #948, .T. ) ;
#782 = ORIENTED_EDGE ( 'NONE', *, *, #1474, .F. ) ;
#783 = UNCERTAINTY_MEASURE_WITH_UNIT (LENGTH_MEASURE( 1.000000000000000082E-05 ), #134, 'distance_accuracy_value', 'NONE');
#784 = AXIS2_PLACEMENT_3D ( 'NONE', #2695, #654, #1777 ) ;
#785 = EDGE_CURVE ( 'NONE', #2585, #840, #1670, .T. ) ;
#786 = FILL_AREA_STYLE ('',( #2825 ) ) ;
#787 = VERTEX_POINT ( 'NONE', #2049 ) ;
#788 = DIRECTION ( 'NONE',  ( 6.646450099527995912E-17, -0.000000000000000000, -1.000000000000000000 ) ) ;
#789 = VECTOR ( 'NONE', #125, 1000.000000000000000 ) ;
#790 = VECTOR ( 'NONE', #2418, 1000.000000000000000 ) ;
#791 = CARTESIAN_POINT ( 'NONE',  ( -51.20000000000000284, 12.69999999999999929, -16.80000000000000071 ) ) ;
#792 = DIRECTION ( 'NONE',  ( -6.646450099527995912E-17, 0.000000000000000000, -1.000000000000000000 ) ) ;
#793 = DIRECTION ( 'NONE',  ( -0.000000000000000000, 1.000000000000000000, 0.000000000000000000 ) ) ;
#794 = ORIENTED_EDGE ( 'NONE', *, *, #1784, .F. ) ;
#795 = CYLINDRICAL_SURFACE ( 'NONE', #396, 2.000000000000000000 ) ;
#796 = CARTESIAN_POINT ( 'NONE',  ( -42.20000000000000284, 12.69999999999999929, 16.80009999999999692 ) ) ;
#797 = EDGE_CURVE ( 'NONE', #1774, #2062, #2517, .T. ) ;
#798 = DIRECTION ( 'NONE',  ( -0.000000000000000000, 1.000000000000000000, -0.000000000000000000 ) ) ;
#799 = PRESENTATION_LAYER_ASSIGNMENT (  '', '', ( #356 ) ) ;
#800 = CARTESIAN_POINT ( 'NONE',  ( -52.20000000000000284, 12.69999999999999929, -16.80000000000000071 ) ) ;
#801 = EDGE_CURVE ( 'NONE', #2486, #2339, #2547, .T. ) ;
#802 = CARTESIAN_POINT ( 'NONE',  ( -46.10000000000000142, 3.350000000000000089, -16.80000000000000071 ) ) ;
#803 = DIRECTION ( 'NONE',  ( 0.000000000000000000, 0.000000000000000000, 1.000000000000000000 ) ) ;
#804 = PRESENTATION_STYLE_ASSIGNMENT (( #2863 ) ) ;
#805 = DIRECTION ( 'NONE',  ( 1.000000000000000000, -0.000000000000000000, -0.000000000000000000 ) ) ;
#806 = COLOUR_RGB ( '',0.5019607843137254832, 0.5019607843137254832, 0.5019607843137254832 ) ;
#807 = CARTESIAN_POINT ( 'NONE',  ( 51.20000000000000284, 12.69999999999999929, -16.79999999999999716 ) ) ;
#808 =( NAMED_UNIT ( * ) SI_UNIT ( $, .STERADIAN. ) SOLID_ANGLE_UNIT ( ) );
#809 = PRESENTATION_LAYER_ASSIGNMENT (  '', '', ( #1475 ) ) ;
#810 = AXIS2_PLACEMENT_3D ( 'NONE', #699, #1182, #2092 ) ;
#811 = AXIS2_PLACEMENT_3D ( 'NONE', #381, #2890, #2427 ) ;
#812 = PRESENTATION_LAYER_ASSIGNMENT (  '', '', ( #2760 ) ) ;
#813 = UNCERTAINTY_MEASURE_WITH_UNIT (LENGTH_MEASURE( 1.000000000000000082E-05 ), #814, 'distance_accuracy_value', 'NONE');
#814 =( LENGTH_UNIT ( ) NAMED_UNIT ( * ) SI_UNIT ( .MILLI., .METRE. ) );
#815 =( GEOMETRIC_REPRESENTATION_CONTEXT ( 3 ) GLOBAL_UNCERTAINTY_ASSIGNED_CONTEXT ( ( #374 ) ) GLOBAL_UNIT_ASSIGNED_CONTEXT ( ( #2747, #1368, #1798 ) ) REPRESENTATION_CONTEXT ( 'NONE', 'WORKASPACE' ) );
#816 = DIRECTION ( 'NONE',  ( 1.000000000000000000, 0.000000000000000000, 0.000000000000000000 ) ) ;
#817 = DIRECTION ( 'NONE',  ( 0.000000000000000000, 0.000000000000000000, 1.000000000000000000 ) ) ;
#818 = EDGE_CURVE ( 'NONE', #1432, #1824, #62, .T. ) ;
#819 = CIRCLE ( 'NONE', #774, 1.000000000000000888 ) ;
#820 = DIRECTION ( 'NONE',  ( -1.000000000000000000, 0.000000000000000000, 0.000000000000000000 ) ) ;
#821 = FILL_AREA_STYLE ('',( #1945 ) ) ;
#822 = ADVANCED_FACE ( 'NONE', ( #1860 ), #287, .T. ) ;
#823 = ORIENTED_EDGE ( 'NONE', *, *, #2893, .T. ) ;
#824 = VECTOR ( 'NONE', #893, 1000.000000000000000 ) ;
#825 =( NAMED_UNIT ( * ) SI_UNIT ( $, .STERADIAN. ) SOLID_ANGLE_UNIT ( ) );
#826 = PLANE ( 'NONE',  #2299 ) ;
#827 = CARTESIAN_POINT ( 'NONE',  ( -23.39999999999998792, -12.69999999999999929, -12.50000000000000000 ) ) ;
#828 = SURFACE_SIDE_STYLE ('',( #154 ) ) ;
#829 = DIRECTION ( 'NONE',  ( 6.646450099527995912E-17, -0.000000000000000000, -1.000000000000000000 ) ) ;
#830 = CARTESIAN_POINT ( 'NONE',  ( -42.20000000000000284, -11.70000000000000107, -16.80000000000000071 ) ) ;
#831 = COLOUR_RGB ( '',0.9607843137254902244, 0.03921568627450980338, 0.03921568627450980338 ) ;
#832 = EDGE_CURVE ( 'NONE', #1690, #1774, #2261, .T. ) ;
#833 = PRESENTATION_STYLE_ASSIGNMENT (( #2878 ) ) ;
#834 = EDGE_LOOP ( 'NONE', ( #1202, #61, #346, #157, #981, #1648, #1455, #1062 ) ) ;
#835 = EDGE_CURVE ( 'NONE', #2952, #1816, #98, .T. ) ;
#836 = UNCERTAINTY_MEASURE_WITH_UNIT (LENGTH_MEASURE( 1.000000000000000082E-05 ), #595, 'distance_accuracy_value', 'NONE');
#837 = CARTESIAN_POINT ( 'NONE',  ( -35.29999999999999005, 12.70009999999999906, 13.19999999999999929 ) ) ;
#838 = DIRECTION ( 'NONE',  ( 0.000000000000000000, 0.000000000000000000, -1.000000000000000000 ) ) ;
#839 = DIRECTION ( 'NONE',  ( 0.000000000000000000, 0.000000000000000000, -1.000000000000000000 ) ) ;
#840 = VERTEX_POINT ( 'NONE', #1450 ) ;
#841 = SURFACE_STYLE_USAGE ( .BOTH. , #2667 ) ;
#842 = CARTESIAN_POINT ( 'NONE',  ( -47.20000000000000284, -1.100000000000000311, 16.80000000000000071 ) ) ;
#843 = ORIENTED_EDGE ( 'NONE', *, *, #1461, .T. ) ;
#844 = DIRECTION ( 'NONE',  ( 0.000000000000000000, 1.000000000000000000, 0.000000000000000000 ) ) ;
#845 = FILL_AREA_STYLE ('',( #450 ) ) ;
#846 = STYLED_ITEM ( 'NONE', ( #727 ), #1978 ) ;
#847 = EDGE_CURVE ( 'NONE', #1634, #1859, #476, .T. ) ;
#848 = STYLED_ITEM ( 'NONE', ( #666 ), #2677 ) ;
#849 = VECTOR ( 'NONE', #2906, 1000.000000000000000 ) ;
#850 = STYLED_ITEM ( 'NONE', ( #1405 ), #441 ) ;
#851 = PRESENTATION_LAYER_ASSIGNMENT (  '', '', ( #2605 ) ) ;
#852 = COLOUR_RGB ( '',0.5019607843137254832, 0.5019607843137254832, 0.5019607843137254832 ) ;
#853 = PRESENTATION_LAYER_ASSIGNMENT (  '', '', ( #468 ) ) ;
#854 = CIRCLE ( 'NONE', #1761, 10.00000000000000178 ) ;
#855 = CYLINDRICAL_SURFACE ( 'NONE', #88, 1.000000000000000888 ) ;
#856 = ORIENTED_EDGE ( 'NONE', *, *, #2403, .F. ) ;
#857 = FILL_AREA_STYLE ('',( #659 ) ) ;
#858 = MECHANICAL_DESIGN_GEOMETRIC_PRESENTATION_REPRESENTATION (  '', ( #138 ), #1284 ) ;
#859 = SURFACE_STYLE_FILL_AREA ( #2233 ) ;
#860 = DIRECTION ( 'NONE',  ( -0.000000000000000000, 1.000000000000000000, -0.000000000000000000 ) ) ;
#861 = CIRCLE ( 'NONE', #2228, 1.899999999999999023 ) ;
#862 = CARTESIAN_POINT ( 'NONE',  ( -35.29999999999999005, 12.69999999999999929, -13.19999999999999929 ) ) ;
#863 = AXIS2_PLACEMENT_3D ( 'NONE', #2822, #2587, #1054 ) ;
#864 = ORIENTED_EDGE ( 'NONE', *, *, #983, .F. ) ;
#865 =( NAMED_UNIT ( * ) PLANE_ANGLE_UNIT ( ) SI_UNIT ( $, .RADIAN. ) );
#866 = ORIENTED_EDGE ( 'NONE', *, *, #2954, .T. ) ;
#867 = ORIENTED_EDGE ( 'NONE', *, *, #1429, .F. ) ;
#868 = CARTESIAN_POINT ( 'NONE',  ( -47.20000000000002416, 1.099999999999999423, 19.79999999999999716 ) ) ;
#869 = DIRECTION ( 'NONE',  ( 0.000000000000000000, 0.000000000000000000, -1.000000000000000000 ) ) ;
#870 = EDGE_CURVE ( 'NONE', #1057, #777, #2916, .T. ) ;
#871 = SURFACE_STYLE_FILL_AREA ( #1088 ) ;
#872 = CARTESIAN_POINT ( 'NONE',  ( 27.50000000000000000, -12.70009999999999906, -12.50000000000000000 ) ) ;
#873 = EDGE_CURVE ( 'NONE', #531, #2947, #2142, .T. ) ;
#874 = ORIENTED_EDGE ( 'NONE', *, *, #2439, .T. ) ;
#875 = CARTESIAN_POINT ( 'NONE',  ( -37.29999999999999005, 12.70009999999999906, -11.19999999999999929 ) ) ;
#876 = COLOUR_RGB ( '',0.5019607843137254832, 0.5019607843137254832, 0.5019607843137254832 ) ;
#877 =( LENGTH_UNIT ( ) NAMED_UNIT ( * ) SI_UNIT ( .MILLI., .METRE. ) );
#878 = ORIENTED_EDGE ( 'NONE', *, *, #2921, .F. ) ;
#879 = DIRECTION ( 'NONE',  ( 0.000000000000000000, 0.000000000000000000, 1.000000000000000000 ) ) ;
#880 = CARTESIAN_POINT ( 'NONE',  ( -35.29999999999999005, 12.70009999999999906, 13.19999999999999929 ) ) ;
#881 = ORIENTED_EDGE ( 'NONE', *, *, #2857, .F. ) ;
#882 = PRESENTATION_LAYER_ASSIGNMENT (  '', '', ( #1111 ) ) ;
#883 = AXIS2_PLACEMENT_3D ( 'NONE', #2600, #2378, #2145 ) ;
#884 = ORIENTED_EDGE ( 'NONE', *, *, #2519, .F. ) ;
#885 = FILL_AREA_STYLE_COLOUR ( '', #2355 ) ;
#886 = EDGE_CURVE ( 'NONE', #1395, #403, #861, .T. ) ;
#887 = CARTESIAN_POINT ( 'NONE',  ( 27.50000000000000000, -12.70009999999999906, 10.50000000000000000 ) ) ;
#888 = DIRECTION ( 'NONE',  ( -0.000000000000000000, -0.000000000000000000, 1.000000000000000000 ) ) ;
#889 = ORIENTED_EDGE ( 'NONE', *, *, #421, .F. ) ;
#890 =( NAMED_UNIT ( * ) SI_UNIT ( $, .STERADIAN. ) SOLID_ANGLE_UNIT ( ) );
#891 = ADVANCED_FACE ( 'NONE', ( #1214 ), #371, .T. ) ;
#892 = AXIS2_PLACEMENT_3D ( 'NONE', #2694, #653, #2948 ) ;
#893 = DIRECTION ( 'NONE',  ( -0.000000000000000000, -1.000000000000000000, -0.000000000000000000 ) ) ;
#894 = COLOUR_RGB ( '',0.5019607843137254832, 0.5019607843137254832, 0.5019607843137254832 ) ;
#895 = ORIENTED_EDGE ( 'NONE', *, *, #1038, .T. ) ;
#896 = CYLINDRICAL_SURFACE ( 'NONE', #915, 10.00000000000000178 ) ;
#897 = ORIENTED_EDGE ( 'NONE', *, *, #1143, .T. ) ;
#898 = ORIENTED_EDGE ( 'NONE', *, *, #749, .F. ) ;
#899 = DIRECTION ( 'NONE',  ( 1.000000000000000000, 0.000000000000000000, 0.000000000000000000 ) ) ;
#900 = DIRECTION ( 'NONE',  ( -3.329603600723238155E-17, -0.000000000000000000, 1.000000000000000000 ) ) ;
#901 = AXIS2_PLACEMENT_3D ( 'NONE', #970, #1402, #1205 ) ;
#902 = FACE_OUTER_BOUND ( 'NONE', #1082, .T. ) ;
#903 =( GEOMETRIC_REPRESENTATION_CONTEXT ( 3 ) GLOBAL_UNCERTAINTY_ASSIGNED_CONTEXT ( ( #297 ) ) GLOBAL_UNIT_ASSIGNED_CONTEXT ( ( #513, #1918, #1495 ) ) REPRESENTATION_CONTEXT ( 'NONE', 'WORKASPACE' ) );
#904 = FACE_OUTER_BOUND ( 'NONE', #1770, .T. ) ;
#905 = VERTEX_POINT ( 'NONE', #827 ) ;
#906 = APPLICATION_PROTOCOL_DEFINITION ( 'draft international standard', 'automotive_design', 1998, #59 ) ;
#907 = EDGE_CURVE ( 'NONE', #2681, #1300, #472, .T. ) ;
#908 = DIRECTION ( 'NONE',  ( -1.000000000000000000, -0.000000000000000000, -0.000000000000000000 ) ) ;
#909 = VERTEX_POINT ( 'NONE', #1722 ) ;
#910 = DIRECTION ( 'NONE',  ( 0.000000000000000000, -1.000000000000000000, 0.000000000000000000 ) ) ;
#911 = CIRCLE ( 'NONE', #2568, 2.000000000000000000 ) ;
#912 = EDGE_LOOP ( 'NONE', ( #409, #1639 ) ) ;
#913 = ORIENTED_EDGE ( 'NONE', *, *, #1584, .F. ) ;
#914 = CARTESIAN_POINT ( 'NONE',  ( -25.39999999999998792, -12.69999999999999929, -10.50000000000000000 ) ) ;
#915 = AXIS2_PLACEMENT_3D ( 'NONE', #1306, #2671, #2931 ) ;
#916 =( NAMED_UNIT ( * ) SI_UNIT ( $, .STERADIAN. ) SOLID_ANGLE_UNIT ( ) );
#917 = CARTESIAN_POINT ( 'NONE',  ( -42.20000000000000284, 11.69999999999999929, -16.80009999999999692 ) ) ;
#918 = ORIENTED_EDGE ( 'NONE', *, *, #1076, .F. ) ;
#919 = CARTESIAN_POINT ( 'NONE',  ( 51.20000000000000284, 12.69999999999999929, 15.79999999999999538 ) ) ;
#920 = EDGE_LOOP ( 'NONE', ( #1791, #1637, #30, #1975 ) ) ;
#921 = DIRECTION ( 'NONE',  ( -1.000000000000000000, -1.365923996832131609E-16, 0.000000000000000000 ) ) ;
#922 = DIRECTION ( 'NONE',  ( -6.646450099527995912E-17, 0.000000000000000000, 1.000000000000000000 ) ) ;
#923 = EDGE_CURVE ( 'NONE', #2946, #2681, #93, .T. ) ;
#924 = ORIENTED_EDGE ( 'NONE', *, *, #2459, .T. ) ;
#925 = CARTESIAN_POINT ( 'NONE',  ( -46.24999999999997868, -3.299999999999998934, 19.79999999999999716 ) ) ;
#926 = ORIENTED_EDGE ( 'NONE', *, *, #1784, .T. ) ;
#927 = MECHANICAL_DESIGN_GEOMETRIC_PRESENTATION_REPRESENTATION (  '', ( #1919 ), #736 ) ;
#928 = PRESENTATION_LAYER_ASSIGNMENT (  '', '', ( #1828 ) ) ;
#929 = EDGE_CURVE ( 'NONE', #631, #57, #1224, .T. ) ;
#930 = EDGE_LOOP ( 'NONE', ( #209, #248, #628, #729 ) ) ;
#931 = FACE_BOUND ( 'NONE', #912, .T. ) ;
#932 = MECHANICAL_DESIGN_GEOMETRIC_PRESENTATION_REPRESENTATION (  '', ( #1111 ), #442 ) ;
#933 = EDGE_LOOP ( 'NONE', ( #1612, #2317, #1304, #1602, #451 ) ) ;
#934 = CARTESIAN_POINT ( 'NONE',  ( 27.50000000000000000, -12.69999999999999929, -10.50000000000000000 ) ) ;
#935 = ORIENTED_EDGE ( 'NONE', *, *, #1999, .T. ) ;
#936 =( NAMED_UNIT ( * ) SI_UNIT ( $, .STERADIAN. ) SOLID_ANGLE_UNIT ( ) );
#937 = AXIS2_PLACEMENT_3D ( 'NONE', #2432, #637, #1572 ) ;
#938 = VERTEX_POINT ( 'NONE', #2342 ) ;
#939 = PLANE ( 'NONE',  #1681 ) ;
#940 = CIRCLE ( 'NONE', #754, 0.9499999999999995115 ) ;
#941 =( GEOMETRIC_REPRESENTATION_CONTEXT ( 3 ) GLOBAL_UNCERTAINTY_ASSIGNED_CONTEXT ( ( #1654 ) ) GLOBAL_UNIT_ASSIGNED_CONTEXT ( ( #1256, #2855, #1293 ) ) REPRESENTATION_CONTEXT ( 'NONE', 'WORKASPACE' ) );
#942 = ORIENTED_EDGE ( 'NONE', *, *, #873, .F. ) ;
#943 = CYLINDRICAL_SURFACE ( 'NONE', #63, 1.000000000000000888 ) ;
#944 = EDGE_CURVE ( 'NONE', #1599, #2077, #419, .T. ) ;
#945 = DIRECTION ( 'NONE',  ( 0.000000000000000000, 0.000000000000000000, 1.000000000000000000 ) ) ;
#946 = DIRECTION ( 'NONE',  ( -0.000000000000000000, 1.000000000000000000, -0.000000000000000000 ) ) ;
#947 = ORIENTED_EDGE ( 'NONE', *, *, #2683, .T. ) ;
#948 = LINE ( 'NONE', #1154, #1868 ) ;
#949 = MECHANICAL_DESIGN_GEOMETRIC_PRESENTATION_REPRESENTATION (  '', ( #704 ), #29 ) ;
#950 = MECHANICAL_DESIGN_GEOMETRIC_PRESENTATION_REPRESENTATION (  '', ( #462 ), #2130 ) ;
#951 = AXIS2_PLACEMENT_3D ( 'NONE', #730, #2284, #483 ) ;
#952 =( GEOMETRIC_REPRESENTATION_CONTEXT ( 3 ) GLOBAL_UNCERTAINTY_ASSIGNED_CONTEXT ( ( #537 ) ) GLOBAL_UNIT_ASSIGNED_CONTEXT ( ( #1017, #324, #108 ) ) REPRESENTATION_CONTEXT ( 'NONE', 'WORKASPACE' ) );
#953 = DIRECTION ( 'NONE',  ( -0.000000000000000000, -0.000000000000000000, -1.000000000000000000 ) ) ;
#954 = FILL_AREA_STYLE ('',( #2067 ) ) ;
#955 = CIRCLE ( 'NONE', #1087, 2.000000000000003553 ) ;
#956 = VERTEX_POINT ( 'NONE', #133 ) ;
#957 = DIRECTION ( 'NONE',  ( -1.000000000000000000, 0.000000000000000000, 0.000000000000000000 ) ) ;
#958 = ORIENTED_EDGE ( 'NONE', *, *, #221, .F. ) ;
#959 = MECHANICAL_DESIGN_GEOMETRIC_PRESENTATION_REPRESENTATION (  '', ( #616 ), #815 ) ;
#960 = VECTOR ( 'NONE', #1053, 1000.000000000000000 ) ;
#961 = ORIENTED_EDGE ( 'NONE', *, *, #835, .T. ) ;
#962 = SURFACE_SIDE_STYLE ('',( #698 ) ) ;
#963 = MECHANICAL_DESIGN_GEOMETRIC_PRESENTATION_REPRESENTATION (  '', ( #2518 ), #2098 ) ;
#964 = FACE_OUTER_BOUND ( 'NONE', #1316, .T. ) ;
#965 = EDGE_CURVE ( 'NONE', #1682, #1216, #1241, .T. ) ;
#966 = UNCERTAINTY_MEASURE_WITH_UNIT (LENGTH_MEASURE( 1.000000000000000082E-05 ), #2679, 'distance_accuracy_value', 'NONE');
#967 = EDGE_LOOP ( 'NONE', ( #2146, #2629, #1642, #2085 ) ) ;
#968 = CARTESIAN_POINT ( 'NONE',  ( -35.29999999999999005, 12.70009999999999906, -13.19999999999999929 ) ) ;
#969 = VERTEX_POINT ( 'NONE', #1736 ) ;
#970 = CARTESIAN_POINT ( 'NONE',  ( -44.20000000000000284, -3.349999999999999645, -21.80000000000000071 ) ) ;
#971 = ADVANCED_FACE ( 'NONE', ( #2634 ), #298, .T. ) ;
#972 = CIRCLE ( 'NONE', #2235, 1.000000000000000888 ) ;
#973 = FILL_AREA_STYLE_COLOUR ( '', #14 ) ;
#974 = CARTESIAN_POINT ( 'NONE',  ( -37.29999999999999005, 12.70009999999999906, 11.19999999999999929 ) ) ;
#975 =( NAMED_UNIT ( * ) SI_UNIT ( $, .STERADIAN. ) SOLID_ANGLE_UNIT ( ) );
#976 = EDGE_LOOP ( 'NONE', ( #1108, #2224, #732, #508 ) ) ;
#977 = ORIENTED_EDGE ( 'NONE', *, *, #1779, .F. ) ;
#978 = CARTESIAN_POINT ( 'NONE',  ( -47.20000000000002416, 1.099999999999999423, 19.79999999999999716 ) ) ;
#979 = CARTESIAN_POINT ( 'NONE',  ( -42.20000000000000284, -12.69999999999999929, 15.80009999999999692 ) ) ;
#980 = MECHANICAL_DESIGN_GEOMETRIC_PRESENTATION_REPRESENTATION (  '', ( #2387 ), #1160 ) ;
#981 = ORIENTED_EDGE ( 'NONE', *, *, #329, .T. ) ;
#982 = DIRECTION ( 'NONE',  ( -0.000000000000000000, 1.000000000000000000, -0.000000000000000000 ) ) ;
#983 = EDGE_CURVE ( 'NONE', #2792, #1859, #143, .T. ) ;
#984 = ORIENTED_EDGE ( 'NONE', *, *, #1012, .T. ) ;
#985 = DIRECTION ( 'NONE',  ( -6.646450099527995912E-17, 0.000000000000000000, -1.000000000000000000 ) ) ;
#986 = CARTESIAN_POINT ( 'NONE',  ( 52.20000000000000284, 12.69999999999999929, -15.79999999999999538 ) ) ;
#987 = ADVANCED_FACE ( 'NONE', ( #1055 ), #1526, .T. ) ;
#988 = LINE ( 'NONE', #1674, #2537 ) ;
#989 = ORIENTED_EDGE ( 'NONE', *, *, #2494, .T. ) ;
#990 = SURFACE_STYLE_USAGE ( .BOTH. , #1662 ) ;
#991 = DIRECTION ( 'NONE',  ( 6.646450099527995912E-17, -0.000000000000000000, -1.000000000000000000 ) ) ;
#992 = ORIENTED_EDGE ( 'NONE', *, *, #1796, .T. ) ;
#993 = DIRECTION ( 'NONE',  ( -6.646450099527995912E-17, 0.000000000000000000, -1.000000000000000000 ) ) ;
#994 = FILL_AREA_STYLE ('',( #1445 ) ) ;
#995 = AXIS2_PLACEMENT_3D ( 'NONE', #868, #1536, #1113 ) ;
#996 = ORIENTED_EDGE ( 'NONE', *, *, #361, .T. ) ;
#997 = UNCERTAINTY_MEASURE_WITH_UNIT (LENGTH_MEASURE( 1.000000000000000082E-05 ), #1247, 'distance_accuracy_value', 'NONE');
#998 = CARTESIAN_POINT ( 'NONE',  ( -37.29999999999999005, 12.70009999999999906, -11.19999999999999929 ) ) ;
#999 = EDGE_LOOP ( 'NONE', ( #2773, #420, #2400, #1097 ) ) ;
#1000 = DIRECTION ( 'NONE',  ( -1.000000000000000000, 0.000000000000000000, 0.000000000000000000 ) ) ;
#1001 = PRESENTATION_LAYER_ASSIGNMENT (  '', '', ( #558 ) ) ;
#1002 = FILL_AREA_STYLE_COLOUR ( '', #708 ) ;
#1003 = FILL_AREA_STYLE_COLOUR ( '', #1301 ) ;
#1004 = PRESENTATION_LAYER_ASSIGNMENT (  '', '', ( #1755 ) ) ;
#1005 = CARTESIAN_POINT ( 'NONE',  ( -42.20000000000000284, 12.69999999999999929, -16.80009999999999692 ) ) ;
#1006 = VECTOR ( 'NONE', #27, 1000.000000000000000 ) ;
#1007 = ADVANCED_FACE ( 'NONE', ( #2627, #343 ), #1065, .T. ) ;
#1008 = COLOUR_RGB ( '',0.5019607843137254832, 0.5019607843137254832, 0.5019607843137254832 ) ;
#1009 = ORIENTED_EDGE ( 'NONE', *, *, #118, .T. ) ;
#1010 = CARTESIAN_POINT ( 'NONE',  ( -23.39999999999998792, -12.70009999999999906, 10.50000000000000000 ) ) ;
#1011 = DIRECTION ( 'NONE',  ( 1.000000000000000000, -0.000000000000000000, 6.646450099527995912E-17 ) ) ;
#1012 = EDGE_CURVE ( 'NONE', #956, #2792, #577, .T. ) ;
#1013 = EDGE_LOOP ( 'NONE', ( #2523, #2572, #2805, #2271 ) ) ;
#1014 =( NAMED_UNIT ( * ) PLANE_ANGLE_UNIT ( ) SI_UNIT ( $, .RADIAN. ) );
#1015 =( NAMED_UNIT ( * ) PLANE_ANGLE_UNIT ( ) SI_UNIT ( $, .RADIAN. ) );
#1016 = DIRECTION ( 'NONE',  ( 1.000000000000000000, 0.000000000000000000, 0.000000000000000000 ) ) ;
#1017 =( LENGTH_UNIT ( ) NAMED_UNIT ( * ) SI_UNIT ( .MILLI., .METRE. ) );
#1018 = DIRECTION ( 'NONE',  ( 0.000000000000000000, -1.000000000000000000, 0.000000000000000000 ) ) ;
#1019 = ORIENTED_EDGE ( 'NONE', *, *, #2424, .T. ) ;
#1020 = CARTESIAN_POINT ( 'NONE',  ( -47.20000000000004547, 3.299999999999998934, 19.79999999999999716 ) ) ;
#1021 = CARTESIAN_POINT ( 'NONE',  ( 52.20000000000000284, 12.69999999999999929, -16.79999999999999716 ) ) ;
#1022 = EDGE_CURVE ( 'NONE', #1355, #2339, #2613, .T. ) ;
#1023 = UNCERTAINTY_MEASURE_WITH_UNIT (LENGTH_MEASURE( 1.000000000000000082E-05 ), #1532, 'distance_accuracy_value', 'NONE');
#1024 = DIRECTION ( 'NONE',  ( -0.000000000000000000, -0.000000000000000000, -1.000000000000000000 ) ) ;
#1025 = ORIENTED_EDGE ( 'NONE', *, *, #832, .F. ) ;
#1026 = AXIS2_PLACEMENT_3D ( 'NONE', #2314, #271, #52 ) ;
#1027 = CIRCLE ( 'NONE', #254, 1.000000000000000888 ) ;
#1028 = CARTESIAN_POINT ( 'NONE',  ( -42.30000000000000426, 3.349999999999999645, -21.80000000000000071 ) ) ;
#1029 = FILL_AREA_STYLE ('',( #2866 ) ) ;
#1030 = DIRECTION ( 'NONE',  ( -0.000000000000000000, -0.000000000000000000, -1.000000000000000000 ) ) ;
#1031 =( LENGTH_UNIT ( ) NAMED_UNIT ( * ) SI_UNIT ( .MILLI., .METRE. ) );
#1032 = DIRECTION ( 'NONE',  ( -1.000000000000000000, -1.365923996832131609E-16, 0.000000000000000000 ) ) ;
#1033 = PRESENTATION_LAYER_ASSIGNMENT (  '', '', ( #1574 ) ) ;
#1034 = EDGE_CURVE ( 'NONE', #2499, #2095, #911, .T. ) ;
#1035 = CARTESIAN_POINT ( 'NONE',  ( 51.20000000000000284, 11.69999999999999929, 15.79999999999999538 ) ) ;
#1036 = PRESENTATION_STYLE_ASSIGNMENT (( #2381 ) ) ;
#1037 = DIRECTION ( 'NONE',  ( 0.000000000000000000, 0.000000000000000000, 1.000000000000000000 ) ) ;
#1038 = EDGE_CURVE ( 'NONE', #1787, #631, #43, .T. ) ;
#1039 = SURFACE_SIDE_STYLE ('',( #124 ) ) ;
#1040 = FACE_OUTER_BOUND ( 'NONE', #1511, .T. ) ;
#1041 = FACE_OUTER_BOUND ( 'NONE', #1655, .T. ) ;
#1042 = ORIENTED_EDGE ( 'NONE', *, *, #2015, .T. ) ;
#1043 = VECTOR ( 'NONE', #1635, 1000.000000000000000 ) ;
#1044 = UNCERTAINTY_MEASURE_WITH_UNIT (LENGTH_MEASURE( 1.000000000000000082E-05 ), #1259, 'distance_accuracy_value', 'NONE');
#1045 = DIRECTION ( 'NONE',  ( 3.329603600723238155E-17, 0.000000000000000000, -1.000000000000000000 ) ) ;
#1046 = FILL_AREA_STYLE_COLOUR ( '', #1576 ) ;
#1047 = EDGE_CURVE ( 'NONE', #2792, #531, #1677, .T. ) ;
#1048 = CARTESIAN_POINT ( 'NONE',  ( -47.19999999999998153, -3.299999999999998934, 16.80000000000000071 ) ) ;
#1049 = DIRECTION ( 'NONE',  ( -1.000000000000000000, -0.000000000000000000, -0.000000000000000000 ) ) ;
#1050 = ADVANCED_FACE ( 'NONE', ( #127, #545, #1041 ), #2793, .F. ) ;
#1051 = SURFACE_STYLE_FILL_AREA ( #110 ) ;
#1052 = SPHERICAL_SURFACE ( 'NONE', #2094, 1.000000000000000000 ) ;
#1053 = DIRECTION ( 'NONE',  ( -0.000000000000000000, -0.000000000000000000, 1.000000000000000000 ) ) ;
#1054 = DIRECTION ( 'NONE',  ( 1.000000000000000000, 0.000000000000000000, 0.000000000000000000 ) ) ;
#1055 = FACE_OUTER_BOUND ( 'NONE', #2470, .T. ) ;
#1056 = DIRECTION ( 'NONE',  ( 0.000000000000000000, 0.000000000000000000, -1.000000000000000000 ) ) ;
#1057 = VERTEX_POINT ( 'NONE', #20 ) ;
#1058 = EDGE_CURVE ( 'NONE', #1542, #2554, #250, .T. ) ;
#1059 = AXIS2_PLACEMENT_3D ( 'NONE', #2087, #39, #1652 ) ;
#1060 = SURFACE_SIDE_STYLE ('',( #147 ) ) ;
#1061 =( NAMED_UNIT ( * ) PLANE_ANGLE_UNIT ( ) SI_UNIT ( $, .RADIAN. ) );
#1062 = ORIENTED_EDGE ( 'NONE', *, *, #1624, .T. ) ;
#1063 = CARTESIAN_POINT ( 'NONE',  ( -48.15000000000004832, 3.299999999999998934, 19.79999999999999716 ) ) ;
#1064 = ADVANCED_FACE ( 'NONE', ( #1398 ), #2759, .T. ) ;
#1065 = PLANE ( 'NONE',  #2515 ) ;
#1066 = ORIENTED_EDGE ( 'NONE', *, *, #482, .T. ) ;
#1067 =( NAMED_UNIT ( * ) PLANE_ANGLE_UNIT ( ) SI_UNIT ( $, .RADIAN. ) );
#1068 = CYLINDRICAL_SURFACE ( 'NONE', #863, 1.000000000000000888 ) ;
#1069 = SURFACE_STYLE_USAGE ( .BOTH. , #423 ) ;
#1070 = UNCERTAINTY_MEASURE_WITH_UNIT (LENGTH_MEASURE( 1.000000000000000082E-05 ), #2930, 'distance_accuracy_value', 'NONE');
#1071 = DIRECTION ( 'NONE',  ( 0.000000000000000000, -0.000000000000000000, -1.000000000000000000 ) ) ;
#1072 = DIRECTION ( 'NONE',  ( 0.000000000000000000, 0.000000000000000000, -1.000000000000000000 ) ) ;
#1073 = ORIENTED_EDGE ( 'NONE', *, *, #502, .F. ) ;
#1074 = AXIS2_PLACEMENT_3D ( 'NONE', #2172, #612, #583 ) ;
#1075 = LINE ( 'NONE', #1335, #824 ) ;
#1076 = EDGE_CURVE ( 'NONE', #2914, #1585, #475, .T. ) ;
#1077 = ORIENTED_EDGE ( 'NONE', *, *, #682, .T. ) ;
#1078 = FACE_OUTER_BOUND ( 'NONE', #2776, .T. ) ;
#1079 = DIRECTION ( 'NONE',  ( 1.000000000000000000, 1.365923996832131609E-16, 0.000000000000000000 ) ) ;
#1080 = STYLED_ITEM ( 'NONE', ( #525 ), #2031 ) ;
#1081 = PRESENTATION_LAYER_ASSIGNMENT (  '', '', ( #2503 ) ) ;
#1082 = EDGE_LOOP ( 'NONE', ( #75, #1425, #898, #1805, #485 ) ) ;
#1083 = DIRECTION ( 'NONE',  ( 0.000000000000000000, 0.000000000000000000, -1.000000000000000000 ) ) ;
#1084 = CARTESIAN_POINT ( 'NONE',  ( 0.000000000000000000, 11.69999999999999929, 16.80009999999999692 ) ) ;
#1085 = AXIS2_PLACEMENT_3D ( 'NONE', #1769, #2940, #208 ) ;
#1086 = VECTOR ( 'NONE', #1715, 1000.000000000000000 ) ;
#1087 = AXIS2_PLACEMENT_3D ( 'NONE', #934, #12, #46 ) ;
#1088 = FILL_AREA_STYLE ('',( #1766 ) ) ;
#1089 =( NAMED_UNIT ( * ) SI_UNIT ( $, .STERADIAN. ) SOLID_ANGLE_UNIT ( ) );
#1090 = ORIENTED_EDGE ( 'NONE', *, *, #2459, .F. ) ;
#1091 = STYLED_ITEM ( 'NONE', ( #363 ), #971 ) ;
#1092 = PRESENTATION_STYLE_ASSIGNMENT (( #379 ) ) ;
#1093 = CARTESIAN_POINT ( 'NONE',  ( -52.20000000000000284, 12.69999999999999929, 15.80000000000000071 ) ) ;
#1094 = VECTOR ( 'NONE', #1656, 1000.000000000000000 ) ;
#1095 = CARTESIAN_POINT ( 'NONE',  ( -35.29999999999999005, 12.70009999999999906, -13.19999999999999929 ) ) ;
#1096 = CIRCLE ( 'NONE', #1198, 1.000000000000000888 ) ;
#1097 = ORIENTED_EDGE ( 'NONE', *, *, #402, .F. ) ;
#1098 = CARTESIAN_POINT ( 'NONE',  ( -51.20000000000000284, 2.699999999999999289, -15.80000000000000071 ) ) ;
#1099 = ORIENTED_EDGE ( 'NONE', *, *, #135, .F. ) ;
#1100 = ORIENTED_EDGE ( 'NONE', *, *, #68, .T. ) ;
#1101 =( NAMED_UNIT ( * ) PLANE_ANGLE_UNIT ( ) SI_UNIT ( $, .RADIAN. ) );
#1102 = DIRECTION ( 'NONE',  ( -6.646450099527995912E-17, 0.000000000000000000, -1.000000000000000000 ) ) ;
#1103 = EDGE_CURVE ( 'NONE', #1176, #1355, #1679, .T. ) ;
#1104 = CARTESIAN_POINT ( 'NONE',  ( -52.20000000000000284, -11.69999999999999929, 15.80000000000000071 ) ) ;
#1105 = ORIENTED_EDGE ( 'NONE', *, *, #2156, .F. ) ;
#1106 = CARTESIAN_POINT ( 'NONE',  ( -23.39999999999998792, -12.69999999999999929, -12.50000000000000000 ) ) ;
#1107 = DIRECTION ( 'NONE',  ( 0.000000000000000000, 0.000000000000000000, 1.000000000000000000 ) ) ;
#1108 = ORIENTED_EDGE ( 'NONE', *, *, #2718, .T. ) ;
#1109 = CARTESIAN_POINT ( 'NONE',  ( 27.50000000000000000, -12.70009999999999906, 12.50000000000000000 ) ) ;
#1110 = ORIENTED_EDGE ( 'NONE', *, *, #2239, .T. ) ;
#1111 = STYLED_ITEM ( 'NONE', ( #1092 ), #1897 ) ;
#1112 = EDGE_LOOP ( 'NONE', ( #718, #2417, #1418, #2691 ) ) ;
#1113 = DIRECTION ( 'NONE',  ( 1.000000000000000000, 0.000000000000000000, -0.000000000000000000 ) ) ;
#1114 = LINE ( 'NONE', #2433, #1254 ) ;
#1115 = CARTESIAN_POINT ( 'NONE',  ( -42.20000000000000284, 12.69999999999999929, -16.80000000000000071 ) ) ;
#1116 = EDGE_CURVE ( 'NONE', #1912, #1831, #734, .T. ) ;
#1117 = ORIENTED_EDGE ( 'NONE', *, *, #116, .T. ) ;
#1118 = CARTESIAN_POINT ( 'NONE',  ( -22.19999999999999929, 12.69999999999999929, -16.80009999999999692 ) ) ;
#1119 = FACE_OUTER_BOUND ( 'NONE', #677, .T. ) ;
#1120 = ADVANCED_FACE ( 'NONE', ( #534 ), #943, .T. ) ;
#1121 = VERTEX_POINT ( 'NONE', #1742 ) ;
#1122 = VECTOR ( 'NONE', #235, 1000.000000000000000 ) ;
#1123 = PRODUCT_DEFINITION_SHAPE ( 'NONE', 'NONE',  #2419 ) ;
#1124 = AXIS2_PLACEMENT_3D ( 'NONE', #1549, #2444, #649 ) ;
#1125 = ORIENTED_EDGE ( 'NONE', *, *, #2123, .F. ) ;
#1126 = CARTESIAN_POINT ( 'NONE',  ( -47.20000000000000284, -1.100000000000000311, 16.80000000000000071 ) ) ;
#1127 = DIRECTION ( 'NONE',  ( -3.329603600723238155E-17, -0.000000000000000000, 1.000000000000000000 ) ) ;
#1128 = ORIENTED_EDGE ( 'NONE', *, *, #1267, .T. ) ;
#1129 = VERTEX_POINT ( 'NONE', #2631 ) ;
#1130 = CARTESIAN_POINT ( 'NONE',  ( -48.14999999999997726, -3.299999999999998934, 19.79999999999999716 ) ) ;
#1131 = AXIS2_PLACEMENT_3D ( 'NONE', #2076, #700, #2276 ) ;
#1132 = AXIS2_PLACEMENT_3D ( 'NONE', #51, #303, #2065 ) ;
#1133 = CIRCLE ( 'NONE', #1520, 2.000000000000000000 ) ;
#1134 = CYLINDRICAL_SURFACE ( 'NONE', #2125, 1.000000000000000888 ) ;
#1135 =( NAMED_UNIT ( * ) PLANE_ANGLE_UNIT ( ) SI_UNIT ( $, .RADIAN. ) );
#1136 = ORIENTED_EDGE ( 'NONE', *, *, #1500, .T. ) ;
#1137 = CIRCLE ( 'NONE', #2274, 1.000000000000000888 ) ;
#1138 = CARTESIAN_POINT ( 'NONE',  ( -47.20000000000004547, 3.299999999999998934, 19.79999999999999716 ) ) ;
#1139 = EDGE_CURVE ( 'NONE', #285, #2095, #2868, .T. ) ;
#1140 = FACE_OUTER_BOUND ( 'NONE', #933, .T. ) ;
#1141 = ORIENTED_EDGE ( 'NONE', *, *, #1267, .F. ) ;
#1142 = DIRECTION ( 'NONE',  ( 0.000000000000000000, 0.000000000000000000, -1.000000000000000000 ) ) ;
#1143 = EDGE_CURVE ( 'NONE', #1129, #1808, #1212, .T. ) ;
#1144 = ORIENTED_EDGE ( 'NONE', *, *, #929, .F. ) ;
#1145 = DIRECTION ( 'NONE',  ( 0.000000000000000000, 0.000000000000000000, -1.000000000000000000 ) ) ;
#1146 = ORIENTED_EDGE ( 'NONE', *, *, #781, .F. ) ;
#1147 = ORIENTED_EDGE ( 'NONE', *, *, #2442, .T. ) ;
#1148 = DIRECTION ( 'NONE',  ( -1.000000000000000000, 0.000000000000000000, 0.000000000000000000 ) ) ;
#1149 = FACE_BOUND ( 'NONE', #1337, .T. ) ;
#1150 = AXIS2_PLACEMENT_3D ( 'NONE', #1647, #991, #2525 ) ;
#1151 = FACE_OUTER_BOUND ( 'NONE', #1601, .T. ) ;
#1152 = CARTESIAN_POINT ( 'NONE',  ( 51.20000000000000284, -12.69999999999999929, 0.000000000000000000 ) ) ;
#1153 = ORIENTED_EDGE ( 'NONE', *, *, #797, .T. ) ;
#1154 = CARTESIAN_POINT ( 'NONE',  ( -35.29999999999999005, 12.69999999999999929, 13.19999999999999929 ) ) ;
#1155 =( NAMED_UNIT ( * ) PLANE_ANGLE_UNIT ( ) SI_UNIT ( $, .RADIAN. ) );
#1156 = CYLINDRICAL_SURFACE ( 'NONE', #2481, 1.899999999999999023 ) ;
#1157 = CARTESIAN_POINT ( 'NONE',  ( -35.29999999999999005, 12.70009999999999906, 13.19999999999999929 ) ) ;
#1158 = ADVANCED_FACE ( 'NONE', ( #1732 ), #141, .T. ) ;
#1159 = AXIS2_PLACEMENT_3D ( 'NONE', #2047, #1594, #188 ) ;
#1160 =( GEOMETRIC_REPRESENTATION_CONTEXT ( 3 ) GLOBAL_UNCERTAINTY_ASSIGNED_CONTEXT ( ( #2119 ) ) GLOBAL_UNIT_ASSIGNED_CONTEXT ( ( #2779, #2075, #2807 ) ) REPRESENTATION_CONTEXT ( 'NONE', 'WORKASPACE' ) );
#1161 = ORIENTED_EDGE ( 'NONE', *, *, #2170, .T. ) ;
#1162 = DIRECTION ( 'NONE',  ( -3.329603600723238155E-17, -0.000000000000000000, 1.000000000000000000 ) ) ;
#1163 = CARTESIAN_POINT ( 'NONE',  ( 0.000000000000000000, 11.69999999999999929, -16.80009999999999692 ) ) ;
#1164 = AXIS2_PLACEMENT_3D ( 'NONE', #373, #1032, #2168 ) ;
#1165 = CARTESIAN_POINT ( 'NONE',  ( -47.20000000000000284, -1.100000000000000311, 19.79999999999999716 ) ) ;
#1166 = CARTESIAN_POINT ( 'NONE',  ( 42.50000000000000000, 12.70009999999999906, -11.19999999999999929 ) ) ;
#1167 = ORIENTED_EDGE ( 'NONE', *, *, #2842, .F. ) ;
#1168 = CARTESIAN_POINT ( 'NONE',  ( -52.20000000000000284, -2.699999999999999289, -16.80000000000000071 ) ) ;
#1169 = SURFACE_STYLE_FILL_AREA ( #2534 ) ;
#1170 = LINE ( 'NONE', #710, #2040 ) ;
#1171 = DIRECTION ( 'NONE',  ( 1.000000000000000000, 0.000000000000000000, 0.000000000000000000 ) ) ;
#1172 = PRESENTATION_LAYER_ASSIGNMENT (  '', '', ( #2165 ) ) ;
#1173 = ORIENTED_EDGE ( 'NONE', *, *, #1696, .T. ) ;
#1174 = FILL_AREA_STYLE ('',( #31 ) ) ;
#1175 = LINE ( 'NONE', #470, #2036 ) ;
#1176 = VERTEX_POINT ( 'NONE', #115 ) ;
#1177 = ADVANCED_FACE ( 'NONE', ( #152 ), #1068, .T. ) ;
#1178 = ORIENTED_EDGE ( 'NONE', *, *, #1999, .F. ) ;
#1179 = CYLINDRICAL_SURFACE ( 'NONE', #2548, 1.899999999999999023 ) ;
#1180 = CARTESIAN_POINT ( 'NONE',  ( -46.25000000000000711, -1.100000000000000089, 19.79999999999999716 ) ) ;
#1181 = EDGE_CURVE ( 'NONE', #2010, #909, #548, .T. ) ;
#1182 = DIRECTION ( 'NONE',  ( 6.646450099527995912E-17, -0.000000000000000000, -1.000000000000000000 ) ) ;
#1183 = VERTEX_POINT ( 'NONE', #2618 ) ;
#1184 = DIRECTION ( 'NONE',  ( 0.000000000000000000, -1.000000000000000000, 0.000000000000000000 ) ) ;
#1185 = ORIENTED_EDGE ( 'NONE', *, *, #762, .T. ) ;
#1186 = AXIS2_PLACEMENT_3D ( 'NONE', #71, #792, #2385 ) ;
#1187 = AXIS2_PLACEMENT_3D ( 'NONE', #2103, #42, #488 ) ;
#1188 = DIRECTION ( 'NONE',  ( -0.000000000000000000, -0.000000000000000000, -1.000000000000000000 ) ) ;
#1189 = COLOUR_RGB ( '',0.5019607843137254832, 0.5019607843137254832, 0.5019607843137254832 ) ;
#1190 = COLOUR_RGB ( '',0.2509803921568627416, 0.2509803921568627416, 0.2509803921568627416 ) ;
#1191 = SURFACE_STYLE_USAGE ( .BOTH. , #2772 ) ;
#1192 = SURFACE_SIDE_STYLE ('',( #449 ) ) ;
#1193 = CARTESIAN_POINT ( 'NONE',  ( -22.19999999999999929, 11.69999999999999929, 16.80009999999999692 ) ) ;
#1194 = AXIS2_PLACEMENT_3D ( 'NONE', #1765, #2662, #375 ) ;
#1195 = ORIENTED_EDGE ( 'NONE', *, *, #2352, .F. ) ;
#1196 = DIRECTION ( 'NONE',  ( 1.000000000000000000, 1.365923996832131609E-16, -0.000000000000000000 ) ) ;
#1197 = CARTESIAN_POINT ( 'NONE',  ( 52.20000000000000284, 11.69999999999999929, -16.79999999999999716 ) ) ;
#1198 = AXIS2_PLACEMENT_3D ( 'NONE', #1996, #1977, #632 ) ;
#1199 = PLANE ( 'NONE',  #1187 ) ;
#1200 = UNCERTAINTY_MEASURE_WITH_UNIT (LENGTH_MEASURE( 1.000000000000000082E-05 ), #2908, 'distance_accuracy_value', 'NONE');
#1201 = EDGE_CURVE ( 'NONE', #1933, #57, #2431, .T. ) ;
#1202 = ORIENTED_EDGE ( 'NONE', *, *, #1264, .T. ) ;
#1203 =( NAMED_UNIT ( * ) SI_UNIT ( $, .STERADIAN. ) SOLID_ANGLE_UNIT ( ) );
#1204 = EDGE_LOOP ( 'NONE', ( #372, #1324 ) ) ;
#1205 = DIRECTION ( 'NONE',  ( -1.000000000000000000, 0.000000000000000000, 0.000000000000000000 ) ) ;
#1206 = DIRECTION ( 'NONE',  ( 1.000000000000000000, 0.000000000000000000, -6.646450099527995912E-17 ) ) ;
#1207 = ORIENTED_EDGE ( 'NONE', *, *, #907, .T. ) ;
#1208 = DIRECTION ( 'NONE',  ( 0.000000000000000000, 0.000000000000000000, -1.000000000000000000 ) ) ;
#1209 = DIRECTION ( 'NONE',  ( 0.000000000000000000, 0.000000000000000000, 1.000000000000000000 ) ) ;
#1210 = ORIENTED_EDGE ( 'NONE', *, *, #749, .T. ) ;
#1211 = FACE_OUTER_BOUND ( 'NONE', #2351, .T. ) ;
#1212 = CIRCLE ( 'NONE', #2531, 1.000000000000000888 ) ;
#1213 = PRESENTATION_LAYER_ASSIGNMENT (  '', '', ( #382 ) ) ;
#1214 = FACE_OUTER_BOUND ( 'NONE', #771, .T. ) ;
#1215 = AXIS2_PLACEMENT_3D ( 'NONE', #1687, #1905, #370 ) ;
#1216 = VERTEX_POINT ( 'NONE', #2690 ) ;
#1217 = EDGE_CURVE ( 'NONE', #2554, #1808, #2183, .T. ) ;
#1218 = DIRECTION ( 'NONE',  ( -0.000000000000000000, 1.000000000000000000, -0.000000000000000000 ) ) ;
#1219 = ORIENTED_EDGE ( 'NONE', *, *, #743, .F. ) ;
#1220 = ORIENTED_EDGE ( 'NONE', *, *, #1834, .T. ) ;
#1221 = LINE ( 'NONE', #316, #2594 ) ;
#1222 = CIRCLE ( 'NONE', #1609, 1.000000000000000888 ) ;
#1223 = UNCERTAINTY_MEASURE_WITH_UNIT (LENGTH_MEASURE( 1.000000000000000082E-05 ), #2639, 'distance_accuracy_value', 'NONE');
#1224 = LINE ( 'NONE', #1504, #1580 ) ;
#1225 = CARTESIAN_POINT ( 'NONE',  ( -48.15000000000002700, 1.099999999999999423, 16.80000000000000071 ) ) ;
#1226 = SURFACE_STYLE_FILL_AREA ( #1462 ) ;
#1227 = AXIS2_PLACEMENT_3D ( 'NONE', #1048, #1955, #156 ) ;
#1228 = PRESENTATION_STYLE_ASSIGNMENT (( #2384 ) ) ;
#1229 = MECHANICAL_DESIGN_GEOMETRIC_PRESENTATION_REPRESENTATION (  '', ( #1080 ), #275 ) ;
#1230 = MECHANICAL_DESIGN_GEOMETRIC_PRESENTATION_REPRESENTATION (  '', ( #848 ), #1754 ) ;
#1231 = DIRECTION ( 'NONE',  ( 0.000000000000000000, 0.000000000000000000, 1.000000000000000000 ) ) ;
#1232 = PLANE ( 'NONE',  #661 ) ;
#1233 = MECHANICAL_DESIGN_GEOMETRIC_PRESENTATION_REPRESENTATION (  '', ( #709 ), #2755 ) ;
#1234 = EDGE_CURVE ( 'NONE', #2585, #1121, #2267, .T. ) ;
#1235 = PRESENTATION_LAYER_ASSIGNMENT (  '', '', ( #1575 ) ) ;
#1236 = STYLED_ITEM ( 'NONE', ( #2817 ), #576 ) ;
#1237 = AXIS2_PLACEMENT_3D ( 'NONE', #392, #429, #445 ) ;
#1238 = VERTEX_POINT ( 'NONE', #213 ) ;
#1239 = DIRECTION ( 'NONE',  ( 0.000000000000000000, 0.000000000000000000, 1.000000000000000000 ) ) ;
#1240 = LINE ( 'NONE', #2194, #2070 ) ;
#1241 = CIRCLE ( 'NONE', #179, 1.899999999999999023 ) ;
#1242 = PRESENTATION_LAYER_ASSIGNMENT (  '', '', ( #2518 ) ) ;
#1243 = AXIS2_PLACEMENT_3D ( 'NONE', #197, #1079, #1773 ) ;
#1244 = ORIENTED_EDGE ( 'NONE', *, *, #516, .T. ) ;
#1245 = DIRECTION ( 'NONE',  ( -6.646450099527995912E-17, 0.000000000000000000, 1.000000000000000000 ) ) ;
#1246 = CARTESIAN_POINT ( 'NONE',  ( 29.50000000000000355, -12.69999999999999929, 10.50000000000000000 ) ) ;
#1247 =( LENGTH_UNIT ( ) NAMED_UNIT ( * ) SI_UNIT ( .MILLI., .METRE. ) );
#1248 = EDGE_CURVE ( 'NONE', #1827, #1121, #1638, .T. ) ;
#1249 = ORIENTED_EDGE ( 'NONE', *, *, #2632, .F. ) ;
#1250 = SURFACE_STYLE_FILL_AREA ( #2376 ) ;
#1251 = FILL_AREA_STYLE ('',( #591 ) ) ;
#1252 =( GEOMETRIC_REPRESENTATION_CONTEXT ( 3 ) GLOBAL_UNCERTAINTY_ASSIGNED_CONTEXT ( ( #1253 ) ) GLOBAL_UNIT_ASSIGNED_CONTEXT ( ( #2401, #1513, #1484 ) ) REPRESENTATION_CONTEXT ( 'NONE', 'WORKASPACE' ) );
#1253 = UNCERTAINTY_MEASURE_WITH_UNIT (LENGTH_MEASURE( 1.000000000000000082E-05 ), #2401, 'distance_accuracy_value', 'NONE');
#1254 = VECTOR ( 'NONE', #1553, 1000.000000000000000 ) ;
#1255 = DIRECTION ( 'NONE',  ( -6.646450099527995912E-17, 0.000000000000000000, 1.000000000000000000 ) ) ;
#1256 =( LENGTH_UNIT ( ) NAMED_UNIT ( * ) SI_UNIT ( .MILLI., .METRE. ) );
#1257 = AXIS2_PLACEMENT_3D ( 'NONE', #257, #922, #1171 ) ;
#1258 = CARTESIAN_POINT ( 'NONE',  ( -35.29999999999999005, 12.70009999999999906, -11.19999999999999929 ) ) ;
#1259 =( LENGTH_UNIT ( ) NAMED_UNIT ( * ) SI_UNIT ( .MILLI., .METRE. ) );
#1260 = CARTESIAN_POINT ( 'NONE',  ( 51.20000000000000284, 11.69999999999999929, 15.79999999999999538 ) ) ;
#1261 = FACE_OUTER_BOUND ( 'NONE', #920, .T. ) ;
#1262 = DIRECTION ( 'NONE',  ( 0.000000000000000000, 0.000000000000000000, -1.000000000000000000 ) ) ;
#1263 = PLANE ( 'NONE',  #1302 ) ;
#1264 = EDGE_CURVE ( 'NONE', #1183, #471, #2231, .T. ) ;
#1265 =( NAMED_UNIT ( * ) SI_UNIT ( $, .STERADIAN. ) SOLID_ANGLE_UNIT ( ) );
#1266 = VECTOR ( 'NONE', #7, 1000.000000000000000 ) ;
#1267 = EDGE_CURVE ( 'NONE', #909, #2222, #2445, .T. ) ;
#1268 = DIRECTION ( 'NONE',  ( -1.000000000000000000, 0.000000000000000000, 0.000000000000000000 ) ) ;
#1269 = PRESENTATION_LAYER_ASSIGNMENT (  '', '', ( #2449 ) ) ;
#1270 = FILL_AREA_STYLE ('',( #107 ) ) ;
#1271 = DIRECTION ( 'NONE',  ( 0.000000000000000000, 0.000000000000000000, -1.000000000000000000 ) ) ;
#1272 = DIRECTION ( 'NONE',  ( -1.000000000000000000, 0.000000000000000000, 0.000000000000000000 ) ) ;
#1273 = CIRCLE ( 'NONE', #1227, 0.9499999999999995115 ) ;
#1274 =( NAMED_UNIT ( * ) SI_UNIT ( $, .STERADIAN. ) SOLID_ANGLE_UNIT ( ) );
#1275 = MECHANICAL_DESIGN_GEOMETRIC_PRESENTATION_REPRESENTATION (  '', ( #846 ), #1853 ) ;
#1276 = SURFACE_STYLE_USAGE ( .BOTH. , #2704 ) ;
#1277 = SURFACE_STYLE_FILL_AREA ( #358 ) ;
#1278 = COLOUR_RGB ( '',0.2509803921568627416, 0.2509803921568627416, 0.2509803921568627416 ) ;
#1279 = AXIS2_PLACEMENT_3D ( 'NONE', #81, #953, #1880 ) ;
#1280 = EDGE_CURVE ( 'NONE', #1372, #2126, #1096, .T. ) ;
#1281 = UNCERTAINTY_MEASURE_WITH_UNIT (LENGTH_MEASURE( 1.000000000000000082E-05 ), #2918, 'distance_accuracy_value', 'NONE');
#1282 =( NAMED_UNIT ( * ) PLANE_ANGLE_UNIT ( ) SI_UNIT ( $, .RADIAN. ) );
#1283 = LINE ( 'NONE', #837, #23 ) ;
#1284 =( GEOMETRIC_REPRESENTATION_CONTEXT ( 3 ) GLOBAL_UNCERTAINTY_ASSIGNED_CONTEXT ( ( #2169 ) ) GLOBAL_UNIT_ASSIGNED_CONTEXT ( ( #2406, #2891, #2151 ) ) REPRESENTATION_CONTEXT ( 'NONE', 'WORKASPACE' ) );
#1285 = ADVANCED_FACE ( 'NONE', ( #1374 ), #896, .T. ) ;
#1286 = DIRECTION ( 'NONE',  ( 0.000000000000000000, 0.000000000000000000, -1.000000000000000000 ) ) ;
#1287 = PLANE ( 'NONE',  #1546 ) ;
#1288 = FILL_AREA_STYLE_COLOUR ( '', #1189 ) ;
#1289 = ORIENTED_EDGE ( 'NONE', *, *, #2737, .T. ) ;
#1290 =( NAMED_UNIT ( * ) SI_UNIT ( $, .STERADIAN. ) SOLID_ANGLE_UNIT ( ) );
#1291 = FACE_OUTER_BOUND ( 'NONE', #976, .T. ) ;
#1292 = FILL_AREA_STYLE ('',( #1538 ) ) ;
#1293 =( NAMED_UNIT ( * ) SI_UNIT ( $, .STERADIAN. ) SOLID_ANGLE_UNIT ( ) );
#1294 = DIRECTION ( 'NONE',  ( 0.000000000000000000, 1.000000000000000000, -0.000000000000000000 ) ) ;
#1295 = PRESENTATION_STYLE_ASSIGNMENT (( #2187 ) ) ;
#1296 = ORIENTED_EDGE ( 'NONE', *, *, #2388, .T. ) ;
#1297 = PRESENTATION_LAYER_ASSIGNMENT (  '', '', ( #539 ) ) ;
#1298 = EDGE_CURVE ( 'NONE', #1595, #1439, #2619, .T. ) ;
#1299 = DIRECTION ( 'NONE',  ( -0.000000000000000000, -0.000000000000000000, 1.000000000000000000 ) ) ;
#1300 = VERTEX_POINT ( 'NONE', #880 ) ;
#1301 = COLOUR_RGB ( '',0.5019607843137254832, 0.5019607843137254832, 0.5019607843137254832 ) ;
#1302 = AXIS2_PLACEMENT_3D ( 'NONE', #1720, #335, #1922 ) ;
#1303 = DIRECTION ( 'NONE',  ( 1.000000000000000000, 0.000000000000000000, -0.000000000000000000 ) ) ;
#1304 = ORIENTED_EDGE ( 'NONE', *, *, #2014, .F. ) ;
#1305 = PRESENTATION_STYLE_ASSIGNMENT (( #1948 ) ) ;
#1306 = CARTESIAN_POINT ( 'NONE',  ( -42.20000000000000284, -2.699999999999999289, -16.80000000000000071 ) ) ;
#1307 = CARTESIAN_POINT ( 'NONE',  ( 51.20000000000000284, -11.69999999999999929, 16.79999999999999716 ) ) ;
#1308 = SURFACE_SIDE_STYLE ('',( #2435 ) ) ;
#1309 = MECHANICAL_DESIGN_GEOMETRIC_PRESENTATION_REPRESENTATION (  '', ( #1369 ), #21 ) ;
#1310 = CARTESIAN_POINT ( 'NONE',  ( -42.30000000000000426, -3.349999999999999645, -16.80000000000000071 ) ) ;
#1311 =( LENGTH_UNIT ( ) NAMED_UNIT ( * ) SI_UNIT ( .MILLI., .METRE. ) );
#1312 = AXIS2_PLACEMENT_3D ( 'NONE', #560, #2166, #332 ) ;
#1313 = FACE_OUTER_BOUND ( 'NONE', #486, .T. ) ;
#1314 = AXIS2_PLACEMENT_3D ( 'NONE', #1505, #1737, #2395 ) ;
#1315 = FILL_AREA_STYLE_COLOUR ( '', #2460 ) ;
#1316 = EDGE_LOOP ( 'NONE', ( #391, #1025, #1249, #1534 ) ) ;
#1317 = FACE_OUTER_BOUND ( 'NONE', #1850, .T. ) ;
#1318 = DIRECTION ( 'NONE',  ( 0.000000000000000000, -1.000000000000000000, 0.000000000000000000 ) ) ;
#1319 = VERTEX_POINT ( 'NONE', #2705 ) ;
#1320 = EDGE_CURVE ( 'NONE', #1216, #1893, #434, .T. ) ;
#1321 = VECTOR ( 'NONE', #2649, 1000.000000000000000 ) ;
#1322 = CIRCLE ( 'NONE', #2853, 1.000000000000000888 ) ;
#1323 = STYLED_ITEM ( 'NONE', ( #2774 ), #2700 ) ;
#1324 = ORIENTED_EDGE ( 'NONE', *, *, #886, .F. ) ;
#1325 = LINE ( 'NONE', #2919, #1353 ) ;
#1326 = MECHANICAL_DESIGN_GEOMETRIC_PRESENTATION_REPRESENTATION (  '', ( #468 ), #952 ) ;
#1327 = CIRCLE ( 'NONE', #1998, 0.9499999999999995115 ) ;
#1328 =( NAMED_UNIT ( * ) PLANE_ANGLE_UNIT ( ) SI_UNIT ( $, .RADIAN. ) );
#1329 = SURFACE_SIDE_STYLE ('',( #407 ) ) ;
#1330 = ORIENTED_EDGE ( 'NONE', *, *, #482, .F. ) ;
#1331 = AXIS2_PLACEMENT_3D ( 'NONE', #842, #330, #1753 ) ;
#1332 =( NAMED_UNIT ( * ) SI_UNIT ( $, .STERADIAN. ) SOLID_ANGLE_UNIT ( ) );
#1333 = DIRECTION ( 'NONE',  ( 0.000000000000000000, 0.000000000000000000, 1.000000000000000000 ) ) ;
#1334 = VECTOR ( 'NONE', #219, 1000.000000000000000 ) ;
#1335 = CARTESIAN_POINT ( 'NONE',  ( -37.29999999999999005, 12.70009999999999906, -11.19999999999999929 ) ) ;
#1336 = AXIS2_PLACEMENT_3D ( 'NONE', #1789, #164, #2963 ) ;
#1337 = EDGE_LOOP ( 'NONE', ( #2801, #2944 ) ) ;
#1338 =( NAMED_UNIT ( * ) SI_UNIT ( $, .STERADIAN. ) SOLID_ANGLE_UNIT ( ) );
#1339 = PRESENTATION_STYLE_ASSIGNMENT (( #2897 ) ) ;
#1340 = VERTEX_POINT ( 'NONE', #2039 ) ;
#1341 = EDGE_CURVE ( 'NONE', #2955, #2179, #574, .T. ) ;
#1342 = AXIS2_PLACEMENT_3D ( 'NONE', #431, #383, #1142 ) ;
#1343 = ORIENTED_EDGE ( 'NONE', *, *, #1341, .T. ) ;
#1344 = FACE_OUTER_BOUND ( 'NONE', #18, .T. ) ;
#1345 = PRESENTATION_STYLE_ASSIGNMENT (( #424 ) ) ;
#1346 = EDGE_CURVE ( 'NONE', #1842, #1383, #819, .T. ) ;
#1347 = DIRECTION ( 'NONE',  ( 1.000000000000000000, 1.365923996832131609E-16, 0.000000000000000000 ) ) ;
#1348 = LINE ( 'NONE', #1166, #2215 ) ;
#1349 = ORIENTED_EDGE ( 'NONE', *, *, #726, .T. ) ;
#1350 = CARTESIAN_POINT ( 'NONE',  ( -46.24999999999997868, -3.299999999999998934, 19.79999999999999716 ) ) ;
#1351 = CARTESIAN_POINT ( 'NONE',  ( -42.20000000000000284, 12.69999999749999908, -15.80009999999974823 ) ) ;
#1352 = VECTOR ( 'NONE', #1666, 1000.000000000000000 ) ;
#1353 = VECTOR ( 'NONE', #869, 1000.000000000000000 ) ;
#1354 = PRESENTATION_STYLE_ASSIGNMENT (( #2701 ) ) ;
#1355 = VERTEX_POINT ( 'NONE', #1817 ) ;
#1356 =( NAMED_UNIT ( * ) PLANE_ANGLE_UNIT ( ) SI_UNIT ( $, .RADIAN. ) );
#1357 = CARTESIAN_POINT ( 'NONE',  ( -46.10000000000000142, -3.349999999999999201, -21.80000000000000071 ) ) ;
#1358 = ORIENTED_EDGE ( 'NONE', *, *, #1877, .T. ) ;
#1359 = STYLED_ITEM ( 'NONE', ( #804 ), #1852 ) ;
#1360 = ORIENTED_EDGE ( 'NONE', *, *, #221, .T. ) ;
#1361 = FACE_OUTER_BOUND ( 'NONE', #1561, .T. ) ;
#1362 = CARTESIAN_POINT ( 'NONE',  ( -37.29999999999999005, 12.69999999999999929, -11.19999999999999929 ) ) ;
#1363 = ADVANCED_FACE ( 'NONE', ( #2484 ), #2912, .T. ) ;
#1364 = FILL_AREA_STYLE ('',( #1792 ) ) ;
#1365 = EDGE_CURVE ( 'NONE', #956, #1831, #526, .T. ) ;
#1366 = VERTEX_POINT ( 'NONE', #748 ) ;
#1367 = SURFACE_STYLE_FILL_AREA ( #857 ) ;
#1368 =( NAMED_UNIT ( * ) PLANE_ANGLE_UNIT ( ) SI_UNIT ( $, .RADIAN. ) );
#1369 = STYLED_ITEM ( 'NONE', ( #1979 ), #2322 ) ;
#1370 = CYLINDRICAL_SURFACE ( 'NONE', #763, 1.000000000000000888 ) ;
#1371 = PRODUCT ( 'Battery 2200mAh 11.1V LionPower', 'Battery 2200mAh 11.1V LionPower', '', ( #223 ) ) ;
#1372 = VERTEX_POINT ( 'NONE', #500 ) ;
#1373 = CYLINDRICAL_SURFACE ( 'NONE', #1990, 1.000000000000000888 ) ;
#1374 = FACE_OUTER_BOUND ( 'NONE', #524, .T. ) ;
#1375 = VERTEX_POINT ( 'NONE', #246 ) ;
#1376 = VERTEX_POINT ( 'NONE', #2608 ) ;
#1377 = CARTESIAN_POINT ( 'NONE',  ( -35.29999999999999005, 12.70009999999999906, 11.19999999999999929 ) ) ;
#1378 = FILL_AREA_STYLE ('',( #2026 ) ) ;
#1379 = COLOUR_RGB ( '',0.5019607843137254832, 0.5019607843137254832, 0.5019607843137254832 ) ;
#1380 = MECHANICAL_DESIGN_GEOMETRIC_PRESENTATION_REPRESENTATION (  '', ( #1755 ), #465 ) ;
#1381 = LINE ( 'NONE', #2939, #1689 ) ;
#1382 = PRESENTATION_LAYER_ASSIGNMENT (  '', '', ( #276 ) ) ;
#1383 = VERTEX_POINT ( 'NONE', #1193 ) ;
#1384 = VECTOR ( 'NONE', #16, 1000.000000000000000 ) ;
#1385 = DIRECTION ( 'NONE',  ( 0.000000000000000000, -1.000000000000000000, 0.000000000000000000 ) ) ;
#1386 = AXIS2_PLACEMENT_3D ( 'NONE', #509, #1401, #2495 ) ;
#1387 = ADVANCED_FACE ( 'NONE', ( #72 ), #939, .F. ) ;
#1388 = DIRECTION ( 'NONE',  ( -0.000000000000000000, 1.000000000000000000, 0.000000000000000000 ) ) ;
#1389 =( NAMED_UNIT ( * ) SI_UNIT ( $, .STERADIAN. ) SOLID_ANGLE_UNIT ( ) );
#1390 = CARTESIAN_POINT ( 'NONE',  ( -51.20000000000000284, -2.699999999999999289, -16.80000000000000071 ) ) ;
#1391 = STYLED_ITEM ( 'NONE', ( #357 ), #1007 ) ;
#1392 =( LENGTH_UNIT ( ) NAMED_UNIT ( * ) SI_UNIT ( .MILLI., .METRE. ) );
#1393 = DIRECTION ( 'NONE',  ( 1.000000000000000000, 0.000000000000000000, 6.646450099527995912E-17 ) ) ;
#1394 = FILL_AREA_STYLE_COLOUR ( '', #290 ) ;
#1395 = VERTEX_POINT ( 'NONE', #802 ) ;
#1396 = AXIS2_PLACEMENT_3D ( 'NONE', #460, #1875, #1184 ) ;
#1397 = ORIENTED_EDGE ( 'NONE', *, *, #1248, .F. ) ;
#1398 = FACE_OUTER_BOUND ( 'NONE', #1661, .T. ) ;
#1399 = DIRECTION ( 'NONE',  ( 0.000000000000000000, -1.000000000000000000, 0.000000000000000000 ) ) ;
#1400 = ORIENTED_EDGE ( 'NONE', *, *, #944, .T. ) ;
#1401 = DIRECTION ( 'NONE',  ( 1.000000000000000000, 0.000000000000000000, -0.000000000000000000 ) ) ;
#1402 = DIRECTION ( 'NONE',  ( 3.329603600723238155E-17, 0.000000000000000000, -1.000000000000000000 ) ) ;
#1403 = PRESENTATION_STYLE_ASSIGNMENT (( #2280 ) ) ;
#1404 = EDGE_CURVE ( 'NONE', #1893, #2101, #2421, .T. ) ;
#1405 = PRESENTATION_STYLE_ASSIGNMENT (( #2082 ) ) ;
#1406 = LINE ( 'NONE', #528, #492 ) ;
#1407 = EDGE_LOOP ( 'NONE', ( #2975, #308, #2803, #473 ) ) ;
#1408 = LINE ( 'NONE', #1157, #464 ) ;
#1409 = FACE_OUTER_BOUND ( 'NONE', #2443, .T. ) ;
#1410 = COLOUR_RGB ( '',1.000000000000000000, 1.000000000000000000, 1.000000000000000000 ) ;
#1411 = ADVANCED_FACE ( 'NONE', ( #1409 ), #259, .T. ) ;
#1412 = ORIENTED_EDGE ( 'NONE', *, *, #1957, .F. ) ;
#1413 =( NAMED_UNIT ( * ) SI_UNIT ( $, .STERADIAN. ) SOLID_ANGLE_UNIT ( ) );
#1414 = MECHANICAL_DESIGN_GEOMETRIC_PRESENTATION_REPRESENTATION (  '', ( #1886 ), #589 ) ;
#1415 = AXIS2_PLACEMENT_3D ( 'NONE', #2428, #1547, #2976 ) ;
#1416 = CARTESIAN_POINT ( 'NONE',  ( 27.50000000000000000, -12.70009999999999906, -10.50000000000000000 ) ) ;
#1417 =( NAMED_UNIT ( * ) SI_UNIT ( $, .STERADIAN. ) SOLID_ANGLE_UNIT ( ) );
#1418 = ORIENTED_EDGE ( 'NONE', *, *, #2072, .F. ) ;
#1419 =( NAMED_UNIT ( * ) PLANE_ANGLE_UNIT ( ) SI_UNIT ( $, .RADIAN. ) );
#1420 = ORIENTED_EDGE ( 'NONE', *, *, #1496, .T. ) ;
#1421 =( LENGTH_UNIT ( ) NAMED_UNIT ( * ) SI_UNIT ( .MILLI., .METRE. ) );
#1422 = DIRECTION ( 'NONE',  ( -0.000000000000000000, 1.000000000000000000, -0.000000000000000000 ) ) ;
#1423 = SURFACE_SIDE_STYLE ('',( #1659 ) ) ;
#1424 = STYLED_ITEM ( 'NONE', ( #1591 ), #2258 ) ;
#1425 = ORIENTED_EDGE ( 'NONE', *, *, #818, .F. ) ;
#1426 = SURFACE_STYLE_FILL_AREA ( #2298 ) ;
#1427 = EDGE_LOOP ( 'NONE', ( #2205, #2529, #503, #1349 ) ) ;
#1428 = CIRCLE ( 'NONE', #562, 1.000000000000000888 ) ;
#1429 = EDGE_CURVE ( 'NONE', #1057, #1650, #1175, .T. ) ;
#1430 = CARTESIAN_POINT ( 'NONE',  ( -22.19999999999999929, 12.69999999999999929, -16.80000000000000071 ) ) ;
#1431 = FILL_AREA_STYLE ('',( #456 ) ) ;
#1432 = VERTEX_POINT ( 'NONE', #1780 ) ;
#1433 = CARTESIAN_POINT ( 'NONE',  ( -48.15000000000000568, -1.100000000000000311, 19.79999999999999716 ) ) ;
#1434 = FACE_OUTER_BOUND ( 'NONE', #930, .T. ) ;
#1435 = FILL_AREA_STYLE_COLOUR ( '', #806 ) ;
#1436 = DIRECTION ( 'NONE',  ( 0.000000000000000000, -0.000000000000000000, 1.000000000000000000 ) ) ;
#1437 = VECTOR ( 'NONE', #805, 1000.000000000000000 ) ;
#1438 = FILL_AREA_STYLE ('',( #2334 ) ) ;
#1439 = VERTEX_POINT ( 'NONE', #830 ) ;
#1440 = SURFACE_STYLE_FILL_AREA ( #747 ) ;
#1441 = FILL_AREA_STYLE ('',( #1394 ) ) ;
#1442 = MECHANICAL_DESIGN_GEOMETRIC_PRESENTATION_REPRESENTATION (  '', ( #1391 ), #522 ) ;
#1443 = ORIENTED_EDGE ( 'NONE', *, *, #1584, .T. ) ;
#1444 = DIRECTION ( 'NONE',  ( -1.000000000000000000, -0.000000000000000000, -0.000000000000000000 ) ) ;
#1445 = FILL_AREA_STYLE_COLOUR ( '', #876 ) ;
#1446 = ADVANCED_FACE ( 'NONE', ( #2174 ), #1738, .T. ) ;
#1447 =( GEOMETRIC_REPRESENTATION_CONTEXT ( 3 ) GLOBAL_UNCERTAINTY_ASSIGNED_CONTEXT ( ( #2871 ) ) GLOBAL_UNIT_ASSIGNED_CONTEXT ( ( #293, #2084, #975 ) ) REPRESENTATION_CONTEXT ( 'NONE', 'WORKASPACE' ) );
#1448 = UNCERTAINTY_MEASURE_WITH_UNIT (LENGTH_MEASURE( 1.000000000000000082E-05 ), #780, 'distance_accuracy_value', 'NONE');
#1449 = EDGE_CURVE ( 'NONE', #1183, #2664, #2923, .T. ) ;
#1450 = CARTESIAN_POINT ( 'NONE',  ( -23.39999999999998792, -12.70009999999999906, 12.50000000000000000 ) ) ;
#1451 =( NAMED_UNIT ( * ) SI_UNIT ( $, .STERADIAN. ) SOLID_ANGLE_UNIT ( ) );
#1452 = CARTESIAN_POINT ( 'NONE',  ( -42.30000000000000426, 3.349999999999999645, -16.80000000000000071 ) ) ;
#1453 = CARTESIAN_POINT ( 'NONE',  ( -52.20000000000000284, -2.699999999999999289, -15.80000000000000071 ) ) ;
#1454 = CARTESIAN_POINT ( 'NONE',  ( 0.000000000000000000, 12.69999999999999929, 15.80009999999999692 ) ) ;
#1455 = ORIENTED_EDGE ( 'NONE', *, *, #870, .T. ) ;
#1456 = SURFACE_STYLE_FILL_AREA ( #994 ) ;
#1457 =( GEOMETRIC_REPRESENTATION_CONTEXT ( 3 ) GLOBAL_UNCERTAINTY_ASSIGNED_CONTEXT ( ( #2434 ) ) GLOBAL_UNIT_ASSIGNED_CONTEXT ( ( #487, #2349, #1911 ) ) REPRESENTATION_CONTEXT ( 'NONE', 'WORKASPACE' ) );
#1458 = EDGE_CURVE ( 'NONE', #398, #2472, #1273, .T. ) ;
#1459 = CYLINDRICAL_SURFACE ( 'NONE', #712, 2.000000000000003553 ) ;
#1460 = DIRECTION ( 'NONE',  ( -0.000000000000000000, -0.000000000000000000, 1.000000000000000000 ) ) ;
#1461 = EDGE_CURVE ( 'NONE', #87, #2946, #1619, .T. ) ;
#1462 = FILL_AREA_STYLE ('',( #973 ) ) ;
#1463 = FACE_OUTER_BOUND ( 'NONE', #1427, .T. ) ;
#1464 = SPHERICAL_SURFACE ( 'NONE', #2832, 1.000000000000000000 ) ;
#1465 = MECHANICAL_DESIGN_GEOMETRIC_PRESENTATION_REPRESENTATION (  '', ( #1574 ), #2308 ) ;
#1466 = EDGE_LOOP ( 'NONE', ( #1590, #1066, #843, #2926, #1207, #680, #1042, #2300 ) ) ;
#1467 = CARTESIAN_POINT ( 'NONE',  ( 52.20000000000000284, 12.69999999999999929, 15.79999999999999538 ) ) ;
#1468 = PRESENTATION_STYLE_ASSIGNMENT (( #2167 ) ) ;
#1469 = VECTOR ( 'NONE', #1444, 1000.000000000000000 ) ;
#1470 =( NAMED_UNIT ( * ) SI_UNIT ( $, .STERADIAN. ) SOLID_ANGLE_UNIT ( ) );
#1471 = ORIENTED_EDGE ( 'NONE', *, *, #1047, .T. ) ;
#1472 = SURFACE_SIDE_STYLE ('',( #775 ) ) ;
#1473 = PRESENTATION_LAYER_ASSIGNMENT (  '', '', ( #1080 ) ) ;
#1474 = EDGE_CURVE ( 'NONE', #1902, #690, #2264, .T. ) ;
#1475 = STYLED_ITEM ( 'NONE', ( #2201 ), #640 ) ;
#1476 = CARTESIAN_POINT ( 'NONE',  ( -22.19999999999999929, 12.69999999749999908, -15.80009999999974823 ) ) ;
#1477 = DIRECTION ( 'NONE',  ( -1.000000000000000000, 0.000000000000000000, 0.000000000000000000 ) ) ;
#1478 = CIRCLE ( 'NONE', #172, 1.899999999999999023 ) ;
#1479 = DIRECTION ( 'NONE',  ( 1.000000000000000000, 0.000000000000000000, -0.000000000000000000 ) ) ;
#1480 = CLOSED_SHELL ( 'NONE', ( #441, #44, #1713, #2552, #2368, #1800, #1961, #1007, #1050, #1605, #1728, #592, #242, #2031, #1285, #1938, #1589, #2322, #1539, #971, #2056, #1158, #2677, #2258, #1446, #165, #2823, #987, #1680, #417, #1510, #2318, #1923, #590, #2282, #286, #571, #283, #2473, #2203, #2304, #1857, #1897, #17, #626, #822, #2838, #2589, #1974, #1563, #1387, #2185, #1978, #2108, #2804, #891, #2218, #2615, #2700, #65, #2661, #640, #2938, #1064, #1177, #1120, #2140, #576, #1852, #646, #2958, #368, #1411, #1363 ) ) ;
#1481 = MECHANICAL_DESIGN_GEOMETRIC_PRESENTATION_REPRESENTATION (  '', ( #566 ), #2761 ) ;
#1482 = VERTEX_POINT ( 'NONE', #1506 ) ;
#1483 = FILL_AREA_STYLE_COLOUR ( '', #894 ) ;
#1484 =( NAMED_UNIT ( * ) SI_UNIT ( $, .STERADIAN. ) SOLID_ANGLE_UNIT ( ) );
#1485 = DIRECTION ( 'NONE',  ( 1.000000000000000000, 0.000000000000000000, 0.000000000000000000 ) ) ;
#1486 = PRESENTATION_LAYER_ASSIGNMENT (  '', '', ( #138 ) ) ;
#1487 = ORIENTED_EDGE ( 'NONE', *, *, #2535, .T. ) ;
#1488 = AXIS2_PLACEMENT_3D ( 'NONE', #1138, #2590, #76 ) ;
#1489 = DIRECTION ( 'NONE',  ( 0.000000000000000000, 0.000000000000000000, -1.000000000000000000 ) ) ;
#1490 = PRESENTATION_LAYER_ASSIGNMENT (  '', '', ( #1583 ) ) ;
#1491 = CARTESIAN_POINT ( 'NONE',  ( -35.29999999999999005, 12.70009999999999906, -13.19999999999999929 ) ) ;
#1492 = DIRECTION ( 'NONE',  ( 0.000000000000000000, 0.000000000000000000, 1.000000000000000000 ) ) ;
#1493 = PLANE ( 'NONE',  #1085 ) ;
#1494 = CARTESIAN_POINT ( 'NONE',  ( 52.20000000000000284, -11.69999999999999929, 15.79999999999999538 ) ) ;
#1495 =( NAMED_UNIT ( * ) SI_UNIT ( $, .STERADIAN. ) SOLID_ANGLE_UNIT ( ) );
#1496 = EDGE_CURVE ( 'NONE', #1793, #2362, #85, .T. ) ;
#1497 = CARTESIAN_POINT ( 'NONE',  ( 52.20000000000000284, 11.69999999999999929, 16.79999999999999716 ) ) ;
#1498 = CARTESIAN_POINT ( 'NONE',  ( -47.20000000000004547, 3.299999999999998934, 19.79999999999999716 ) ) ;
#1499 = DIRECTION ( 'NONE',  ( -1.000000000000000000, 0.000000000000000000, 0.000000000000000000 ) ) ;
#1500 = EDGE_CURVE ( 'NONE', #2095, #1650, #1556, .T. ) ;
#1501 = PRESENTATION_LAYER_ASSIGNMENT (  '', '', ( #2879 ) ) ;
#1502 = UNCERTAINTY_MEASURE_WITH_UNIT (LENGTH_MEASURE( 1.000000000000000082E-05 ), #1795, 'distance_accuracy_value', 'NONE');
#1503 =( GEOMETRIC_REPRESENTATION_CONTEXT ( 3 ) GLOBAL_UNCERTAINTY_ASSIGNED_CONTEXT ( ( #723 ) ) GLOBAL_UNIT_ASSIGNED_CONTEXT ( ( #2514, #478, #1417 ) ) REPRESENTATION_CONTEXT ( 'NONE', 'WORKASPACE' ) );
#1504 = CARTESIAN_POINT ( 'NONE',  ( 42.50000000000000000, 12.69999999999999929, -11.19999999999999929 ) ) ;
#1505 = CARTESIAN_POINT ( 'NONE',  ( -44.20000000000000284, 3.349999999999999645, -21.80000000000000071 ) ) ;
#1506 = CARTESIAN_POINT ( 'NONE',  ( -22.19999999999999929, 12.69999999999999929, 15.79999999999999893 ) ) ;
#1507 = AXIS2_PLACEMENT_3D ( 'NONE', #692, #2110, #1846 ) ;
#1508 = DIRECTION ( 'NONE',  ( 0.000000000000000000, 1.000000000000000000, 0.000000000000000000 ) ) ;
#1509 = SURFACE_STYLE_FILL_AREA ( #821 ) ;
#1510 = ADVANCED_FACE ( 'NONE', ( #1724 ), #585, .T. ) ;
#1511 = EDGE_LOOP ( 'NONE', ( #1718, #162, #668, #517 ) ) ;
#1512 =( NAMED_UNIT ( * ) PLANE_ANGLE_UNIT ( ) SI_UNIT ( $, .RADIAN. ) );
#1513 =( NAMED_UNIT ( * ) PLANE_ANGLE_UNIT ( ) SI_UNIT ( $, .RADIAN. ) );
#1514 = SURFACE_STYLE_USAGE ( .BOTH. , #605 ) ;
#1515 = SURFACE_STYLE_USAGE ( .BOTH. , #1472 ) ;
#1516 = CARTESIAN_POINT ( 'NONE',  ( -22.19999999999999574, -12.69999999999999929, 15.79999999999999893 ) ) ;
#1517 = LINE ( 'NONE', #1093, #2223 ) ;
#1518 = STYLED_ITEM ( 'NONE', ( #1295 ), #1446 ) ;
#1519 =( GEOMETRIC_REPRESENTATION_CONTEXT ( 3 ) GLOBAL_UNCERTAINTY_ASSIGNED_CONTEXT ( ( #2379 ) ) GLOBAL_UNIT_ASSIGNED_CONTEXT ( ( #2313, #270, #936 ) ) REPRESENTATION_CONTEXT ( 'NONE', 'WORKASPACE' ) );
#1520 = AXIS2_PLACEMENT_3D ( 'NONE', #2423, #1294, #838 ) ;
#1521 = ORIENTED_EDGE ( 'NONE', *, *, #768, .T. ) ;
#1522 = AXIS2_PLACEMENT_3D ( 'NONE', #2789, #1586, #1145 ) ;
#1523 = CARTESIAN_POINT ( 'NONE',  ( -37.29999999999999005, 12.69999999999999929, 11.19999999999999929 ) ) ;
#1524 = UNCERTAINTY_MEASURE_WITH_UNIT (LENGTH_MEASURE( 1.000000000000000082E-05 ), #1421, 'distance_accuracy_value', 'NONE');
#1525 = EDGE_CURVE ( 'NONE', #448, #1933, #1348, .T. ) ;
#1526 = PLANE ( 'NONE',  #2764 ) ;
#1527 = CARTESIAN_POINT ( 'NONE',  ( -42.20000000000000284, -11.69999999999999929, 15.80009999999999692 ) ) ;
#1528 = SURFACE_STYLE_FILL_AREA ( #2648 ) ;
#1529 = FILL_AREA_STYLE_COLOUR ( '', #1901 ) ;
#1530 = EDGE_CURVE ( 'NONE', #2966, #787, #687, .T. ) ;
#1531 = SURFACE_STYLE_USAGE ( .BOTH. , #410 ) ;
#1532 =( LENGTH_UNIT ( ) NAMED_UNIT ( * ) SI_UNIT ( .MILLI., .METRE. ) );
#1533 = FACE_OUTER_BOUND ( 'NONE', #237, .T. ) ;
#1534 = ORIENTED_EDGE ( 'NONE', *, *, #1877, .F. ) ;
#1535 =( NAMED_UNIT ( * ) PLANE_ANGLE_UNIT ( ) SI_UNIT ( $, .RADIAN. ) );
#1536 = DIRECTION ( 'NONE',  ( 0.000000000000000000, 0.000000000000000000, 1.000000000000000000 ) ) ;
#1537 =( NAMED_UNIT ( * ) PLANE_ANGLE_UNIT ( ) SI_UNIT ( $, .RADIAN. ) );
#1538 = FILL_AREA_STYLE_COLOUR ( '', #2865 ) ;
#1539 = ADVANCED_FACE ( 'NONE', ( #236 ), #1838, .T. ) ;
#1540 = MECHANICAL_DESIGN_GEOMETRIC_PRESENTATION_REPRESENTATION (  '', ( #2478 ), #1503 ) ;
#1541 = FILL_AREA_STYLE_COLOUR ( '', #2129 ) ;
#1542 = VERTEX_POINT ( 'NONE', #917 ) ;
#1543 = EDGE_CURVE ( 'NONE', #1121, #2499, #1577, .T. ) ;
#1544 = CARTESIAN_POINT ( 'NONE',  ( -22.19999999999999929, 11.69999999999999929, -16.80000000000000071 ) ) ;
#1545 =( LENGTH_UNIT ( ) NAMED_UNIT ( * ) SI_UNIT ( .MILLI., .METRE. ) );
#1546 = AXIS2_PLACEMENT_3D ( 'NONE', #312, #1272, #1231 ) ;
#1547 = DIRECTION ( 'NONE',  ( 1.000000000000000000, 0.000000000000000000, 0.000000000000000000 ) ) ;
#1548 = ORIENTED_EDGE ( 'NONE', *, *, #801, .T. ) ;
#1549 = CARTESIAN_POINT ( 'NONE',  ( -42.20000000000000284, 2.699999999999999289, -15.80000000000000071 ) ) ;
#1550 = DIRECTION ( 'NONE',  ( 0.000000000000000000, -1.000000000000000000, 0.000000000000000000 ) ) ;
#1551 = VERTEX_POINT ( 'NONE', #2493 ) ;
#1552 = ORIENTED_EDGE ( 'NONE', *, *, #1116, .F. ) ;
#1553 = DIRECTION ( 'NONE',  ( 1.000000000000000000, 0.000000000000000000, 0.000000000000000000 ) ) ;
#1554 = VECTOR ( 'NONE', #38, 1000.000000000000000 ) ;
#1555 = FACE_OUTER_BOUND ( 'NONE', #2543, .T. ) ;
#1556 = LINE ( 'NONE', #122, #314 ) ;
#1557 = ORIENTED_EDGE ( 'NONE', *, *, #2089, .T. ) ;
#1558 = AXIS2_PLACEMENT_3D ( 'NONE', #102, #2359, #533 ) ;
#1559 = FILL_AREA_STYLE ('',( #1812 ) ) ;
#1560 =( LENGTH_UNIT ( ) NAMED_UNIT ( * ) SI_UNIT ( .MILLI., .METRE. ) );
#1561 = EDGE_LOOP ( 'NONE', ( #895, #1219, #1695, #2230 ) ) ;
#1562 = FILL_AREA_STYLE_COLOUR ( '', #852 ) ;
#1563 = ADVANCED_FACE ( 'NONE', ( #1606 ), #2291, .T. ) ;
#1564 =( NAMED_UNIT ( * ) PLANE_ANGLE_UNIT ( ) SI_UNIT ( $, .RADIAN. ) );
#1565 = ORIENTED_EDGE ( 'NONE', *, *, #606, .T. ) ;
#1566 = DIRECTION ( 'NONE',  ( 1.000000000000000000, 1.365923996832131609E-16, -0.000000000000000000 ) ) ;
#1567 = ORIENTED_EDGE ( 'NONE', *, *, #349, .T. ) ;
#1568 = EDGE_CURVE ( 'NONE', #1678, #151, #1381, .T. ) ;
#1569 = COLOUR_RGB ( '',1.000000000000000000, 1.000000000000000000, 1.000000000000000000 ) ;
#1570 = CIRCLE ( 'NONE', #171, 9.000000000000001776 ) ;
#1571 = EDGE_LOOP ( 'NONE', ( #1471, #2453, #190 ) ) ;
#1572 = DIRECTION ( 'NONE',  ( 0.000000000000000000, 0.000000000000000000, -1.000000000000000000 ) ) ;
#1573 = CARTESIAN_POINT ( 'NONE',  ( -52.20000000000000284, 2.699999999999999289, -15.80000000000000071 ) ) ;
#1574 = STYLED_ITEM ( 'NONE', ( #1653 ), #2218 ) ;
#1575 = STYLED_ITEM ( 'NONE', ( #1785 ), #2938 ) ;
#1576 = COLOUR_RGB ( '',0.5019607843137254832, 0.5019607843137254832, 0.5019607843137254832 ) ;
#1577 = LINE ( 'NONE', #673, #8 ) ;
#1578 = ORIENTED_EDGE ( 'NONE', *, *, #1908, .T. ) ;
#1579 = LINE ( 'NONE', #1118, #849 ) ;
#1580 = VECTOR ( 'NONE', #1024, 1000.000000000000000 ) ;
#1581 = PRESENTATION_STYLE_ASSIGNMENT (( #2684 ) ) ;
#1582 = DIRECTION ( 'NONE',  ( -1.000000000000000000, 0.000000000000000000, 0.000000000000000000 ) ) ;
#1583 = STYLED_ITEM ( 'NONE', ( #1339 ), #1285 ) ;
#1584 = EDGE_CURVE ( 'NONE', #1372, #1432, #2743, .T. ) ;
#1585 = VERTEX_POINT ( 'NONE', #458 ) ;
#1586 = DIRECTION ( 'NONE',  ( 0.000000000000000000, 1.000000000000000000, -0.000000000000000000 ) ) ;
#1587 = DIRECTION ( 'NONE',  ( -0.000000000000000000, -1.000000000000000000, -0.000000000000000000 ) ) ;
#1588 = ORIENTED_EDGE ( 'NONE', *, *, #2439, .F. ) ;
#1589 = ADVANCED_FACE ( 'NONE', ( #2061 ), #444, .T. ) ;
#1590 = ORIENTED_EDGE ( 'NONE', *, *, #2104, .T. ) ;
#1591 = PRESENTATION_STYLE_ASSIGNMENT (( #2448 ) ) ;
#1592 =( NAMED_UNIT ( * ) SI_UNIT ( $, .STERADIAN. ) SOLID_ANGLE_UNIT ( ) );
#1593 = LINE ( 'NONE', #1823, #1122 ) ;
#1594 = DIRECTION ( 'NONE',  ( -3.329603600723238155E-17, -0.000000000000000000, 1.000000000000000000 ) ) ;
#1595 = VERTEX_POINT ( 'NONE', #455 ) ;
#1596 = SURFACE_STYLE_FILL_AREA ( #2655 ) ;
#1597 = SURFACE_STYLE_USAGE ( .BOTH. , #1843 ) ;
#1598 = CARTESIAN_POINT ( 'NONE',  ( 51.20000000000000284, -11.69999999999999929, -15.79999999999999538 ) ) ;
#1599 = VERTEX_POINT ( 'NONE', #2710 ) ;
#1600 = CARTESIAN_POINT ( 'NONE',  ( 42.50000000000000000, 12.70009999999999906, -11.19999999999999929 ) ) ;
#1601 = EDGE_LOOP ( 'NONE', ( #1730, #1412, #2474, #228 ) ) ;
#1602 = ORIENTED_EDGE ( 'NONE', *, *, #2494, .F. ) ;
#1603 = FILL_AREA_STYLE_COLOUR ( '', #2257 ) ;
#1604 = SURFACE_STYLE_FILL_AREA ( #685 ) ;
#1605 = ADVANCED_FACE ( 'NONE', ( #671, #931, #2013, #1149, #2059 ), #440, .F. ) ;
#1606 = FACE_OUTER_BOUND ( 'NONE', #1013, .T. ) ;
#1607 = ORIENTED_EDGE ( 'NONE', *, *, #520, .T. ) ;
#1608 = SURFACE_STYLE_FILL_AREA ( #2783 ) ;
#1609 = AXIS2_PLACEMENT_3D ( 'NONE', #352, #1968, #1937 ) ;
#1610 = CARTESIAN_POINT ( 'NONE',  ( 51.20000000000000284, 11.69999999999999929, -15.79999999999999538 ) ) ;
#1611 = CARTESIAN_POINT ( 'NONE',  ( -47.20000000000002416, 1.099999999999999423, 19.79999999999999716 ) ) ;
#1612 = ORIENTED_EDGE ( 'NONE', *, *, #118, .F. ) ;
#1613 =( NAMED_UNIT ( * ) SI_UNIT ( $, .STERADIAN. ) SOLID_ANGLE_UNIT ( ) );
#1614 = SURFACE_SIDE_STYLE ('',( #2540 ) ) ;
#1615 = ORIENTED_EDGE ( 'NONE', *, *, #669, .T. ) ;
#1616 = EDGE_LOOP ( 'NONE', ( #601, #2260 ) ) ;
#1617 = CARTESIAN_POINT ( 'NONE',  ( -42.20000000000000284, 11.70000000000000107, 16.80000000000000071 ) ) ;
#1618 = SURFACE_SIDE_STYLE ('',( #1900 ) ) ;
#1619 = CIRCLE ( 'NONE', #604, 2.000000000000000000 ) ;
#1620 = PRESENTATION_LAYER_ASSIGNMENT (  '', '', ( #360 ) ) ;
#1621 = MECHANICAL_DESIGN_GEOMETRIC_PRESENTATION_REPRESENTATION (  '', ( #2364 ), #2090 ) ;
#1622 = PRESENTATION_LAYER_ASSIGNMENT (  '', '', ( #86 ) ) ;
#1623 = SURFACE_STYLE_FILL_AREA ( #2970 ) ;
#1624 = EDGE_CURVE ( 'NONE', #777, #1183, #1114, .T. ) ;
#1625 = SURFACE_STYLE_USAGE ( .BOTH. , #1329 ) ;
#1626 = PRESENTATION_LAYER_ASSIGNMENT (  '', '', ( #2507 ) ) ;
#1627 = ORIENTED_EDGE ( 'NONE', *, *, #1764, .T. ) ;
#1628 = DIRECTION ( 'NONE',  ( -1.000000000000000000, 0.000000000000000000, 0.000000000000000000 ) ) ;
#1629 = CARTESIAN_POINT ( 'NONE',  ( -25.39999999999998792, -12.70009999999999906, 10.50000000000000000 ) ) ;
#1630 = SURFACE_STYLE_FILL_AREA ( #2717 ) ;
#1631 = FACE_OUTER_BOUND ( 'NONE', #2328, .T. ) ;
#1632 = COLOUR_RGB ( '',1.000000000000000000, 1.000000000000000000, 1.000000000000000000 ) ;
#1633 = DIRECTION ( 'NONE',  ( -0.000000000000000000, -0.000000000000000000, -1.000000000000000000 ) ) ;
#1634 = VERTEX_POINT ( 'NONE', #1307 ) ;
#1635 = DIRECTION ( 'NONE',  ( 0.000000000000000000, -1.000000000000000000, 0.000000000000000000 ) ) ;
#1636 = PRESENTATION_STYLE_ASSIGNMENT (( #2336 ) ) ;
#1637 = ORIENTED_EDGE ( 'NONE', *, *, #2519, .T. ) ;
#1638 = CIRCLE ( 'NONE', #327, 2.000000000000003553 ) ;
#1639 = ORIENTED_EDGE ( 'NONE', *, *, #944, .F. ) ;
#1640 = DIRECTION ( 'NONE',  ( -1.365923996832131609E-16, 1.000000000000000000, -0.000000000000000000 ) ) ;
#1641 = SURFACE_STYLE_USAGE ( .BOTH. , #2726 ) ;
#1642 = ORIENTED_EDGE ( 'NONE', *, *, #1525, .F. ) ;
#1643 = DIRECTION ( 'NONE',  ( -1.000000000000000000, 0.000000000000000000, 0.000000000000000000 ) ) ;
#1644 = CARTESIAN_POINT ( 'NONE',  ( -52.20000000000000284, -11.69999999999999929, 16.80000000000000071 ) ) ;
#1645 = EDGE_CURVE ( 'NONE', #1383, #2010, #2226, .T. ) ;
#1646 = CARTESIAN_POINT ( 'NONE',  ( -42.30000000000000426, 3.349999999999999645, -21.80000000000000071 ) ) ;
#1647 = CARTESIAN_POINT ( 'NONE',  ( -44.20000000000000284, -3.349999999999999645, -16.80000000000000071 ) ) ;
#1648 = ORIENTED_EDGE ( 'NONE', *, *, #135, .T. ) ;
#1649 = AXIS2_PLACEMENT_3D ( 'NONE', #1810, #2475, #2001 ) ;
#1650 = VERTEX_POINT ( 'NONE', #914 ) ;
#1651 = CARTESIAN_POINT ( 'NONE',  ( 0.000000000000000000, 12.69999999999999929, -15.80009999999999692 ) ) ;
#1652 = DIRECTION ( 'NONE',  ( 1.000000000000000000, 0.000000000000000000, 6.646450099527995912E-17 ) ) ;
#1653 = PRESENTATION_STYLE_ASSIGNMENT (( #2513 ) ) ;
#1654 = UNCERTAINTY_MEASURE_WITH_UNIT (LENGTH_MEASURE( 1.000000000000000082E-05 ), #1256, 'distance_accuracy_value', 'NONE');
#1655 = EDGE_LOOP ( 'NONE', ( #1358, #479, #1557, #2588 ) ) ;
#1656 = DIRECTION ( 'NONE',  ( -1.000000000000000000, -0.000000000000000000, -0.000000000000000000 ) ) ;
#1657 = FACE_OUTER_BOUND ( 'NONE', #620, .T. ) ;
#1658 = CARTESIAN_POINT ( 'NONE',  ( 29.50000000000000711, -12.70009999999999906, -10.50000000000000000 ) ) ;
#1659 = SURFACE_STYLE_FILL_AREA ( #1438 ) ;
#1660 = AXIS2_PLACEMENT_3D ( 'NONE', #1377, #2778, #2724 ) ;
#1661 = EDGE_LOOP ( 'NONE', ( #2716, #2000, #942, #106, #453 ) ) ;
#1662 = SURFACE_SIDE_STYLE ('',( #1440 ) ) ;
#1663 = EDGE_CURVE ( 'NONE', #2792, #2947, #2579, .T. ) ;
#1664 = ORIENTED_EDGE ( 'NONE', *, *, #311, .T. ) ;
#1665 = LINE ( 'NONE', #249, #2843 ) ;
#1666 = DIRECTION ( 'NONE',  ( -1.000000000000000000, -0.000000000000000000, -0.000000000000000000 ) ) ;
#1667 = FILL_AREA_STYLE ('',( #755 ) ) ;
#1668 = AXIS2_PLACEMENT_3D ( 'NONE', #2874, #1037, #816 ) ;
#1669 = EDGE_LOOP ( 'NONE', ( #2042, #992 ) ) ;
#1670 = LINE ( 'NONE', #739, #1094 ) ;
#1671 = SURFACE_SIDE_STYLE ('',( #1169 ) ) ;
#1672 = AXIS2_PLACEMENT_3D ( 'NONE', #1610, #67, #2800 ) ;
#1673 = PRESENTATION_STYLE_ASSIGNMENT (( #2345 ) ) ;
#1674 = CARTESIAN_POINT ( 'NONE',  ( -22.19999999999999929, 12.69999999999999929, 16.80000000000000071 ) ) ;
#1675 = DIRECTION ( 'NONE',  ( -1.000000000000000000, 0.000000000000000000, -0.000000000000000000 ) ) ;
#1676 = EDGE_CURVE ( 'NONE', #1859, #2053, #1325, .T. ) ;
#1677 = CIRCLE ( 'NONE', #2913, 1.000000000000000888 ) ;
#1678 = VERTEX_POINT ( 'NONE', #1362 ) ;
#1679 = LINE ( 'NONE', #1180, #681 ) ;
#1680 = ADVANCED_FACE ( 'NONE', ( #2242 ), #2044, .F. ) ;
#1681 = AXIS2_PLACEMENT_3D ( 'NONE', #731, #2841, #2753 ) ;
#1682 = VERTEX_POINT ( 'NONE', #2968 ) ;
#1683 = FILL_AREA_STYLE_COLOUR ( '', #325 ) ;
#1684 = CARTESIAN_POINT ( 'NONE',  ( 27.50000000000000000, -12.70009999999999906, -10.50000000000000000 ) ) ;
#1685 = DIRECTION ( 'NONE',  ( -0.000000000000000000, -0.000000000000000000, 1.000000000000000000 ) ) ;
#1686 =( NAMED_UNIT ( * ) PLANE_ANGLE_UNIT ( ) SI_UNIT ( $, .RADIAN. ) );
#1687 = CARTESIAN_POINT ( 'NONE',  ( -47.20000000000000284, -1.100000000000000311, 19.79999999999999716 ) ) ;
#1688 = ORIENTED_EDGE ( 'NONE', *, *, #1034, .T. ) ;
#1689 = VECTOR ( 'NONE', #2479, 1000.000000000000000 ) ;
#1690 = VERTEX_POINT ( 'NONE', #1573 ) ;
#1691 = SURFACE_STYLE_USAGE ( .BOTH. , #770 ) ;
#1692 = PRESENTATION_STYLE_ASSIGNMENT (( #2882 ) ) ;
#1693 = STYLED_ITEM ( 'NONE', ( #720 ), #1120 ) ;
#1694 = AXIS2_PLACEMENT_3D ( 'NONE', #1830, #713, #244 ) ;
#1695 = ORIENTED_EDGE ( 'NONE', *, *, #2015, .F. ) ;
#1696 = EDGE_CURVE ( 'NONE', #956, #1376, #109, .T. ) ;
#1697 = SURFACE_STYLE_FILL_AREA ( #786 ) ;
#1698 = CYLINDRICAL_SURFACE ( 'NONE', #282, 0.9499999999999995115 ) ;
#1699 = SURFACE_SIDE_STYLE ('',( #2826 ) ) ;
#1700 = SPHERICAL_SURFACE ( 'NONE', #2135, 1.000000000000000000 ) ;
#1701 = DIRECTION ( 'NONE',  ( -0.000000000000000000, 1.000000000000000000, -0.000000000000000000 ) ) ;
#1702 = CARTESIAN_POINT ( 'NONE',  ( -23.39999999999998792, -12.69999999999999929, 10.50000000000000000 ) ) ;
#1703 = MECHANICAL_DESIGN_GEOMETRIC_PRESENTATION_REPRESENTATION (  '', ( #2165 ), #77 ) ;
#1704 = ORIENTED_EDGE ( 'NONE', *, *, #1217, .F. ) ;
#1705 = DIRECTION ( 'NONE',  ( 1.000000000000000000, 0.000000000000000000, 0.000000000000000000 ) ) ;
#1706 = CARTESIAN_POINT ( 'NONE',  ( 51.20000000000000284, -11.69999999999999929, -16.79999999999999716 ) ) ;
#1707 = AXIS2_PLACEMENT_3D ( 'NONE', #1498, #1030, #2391 ) ;
#1708 =( NAMED_UNIT ( * ) PLANE_ANGLE_UNIT ( ) SI_UNIT ( $, .RADIAN. ) );
#1709 = CIRCLE ( 'NONE', #2742, 1.000000000000000888 ) ;
#1710 = UNCERTAINTY_MEASURE_WITH_UNIT (LENGTH_MEASURE( 1.000000000000000082E-05 ), #622, 'distance_accuracy_value', 'NONE');
#1711 = DIRECTION ( 'NONE',  ( 0.000000000000000000, 0.000000000000000000, -1.000000000000000000 ) ) ;
#1712 = LINE ( 'NONE', #144, #2081 ) ;
#1713 = ADVANCED_FACE ( 'NONE', ( #638 ), #2787, .T. ) ;
#1714 = PLANE ( 'NONE',  #1752 ) ;
#1715 = DIRECTION ( 'NONE',  ( 0.000000000000000000, -1.000000000000000000, 0.000000000000000000 ) ) ;
#1716 = COLOUR_RGB ( '',1.000000000000000000, 0.08235294117647058709, 0.08235294117647058709 ) ;
#1717 = VECTOR ( 'NONE', #543, 1000.000000000000000 ) ;
#1718 = ORIENTED_EDGE ( 'NONE', *, *, #2740, .F. ) ;
#1719 = DIRECTION ( 'NONE',  ( -1.000000000000000000, 0.000000000000000000, 0.000000000000000000 ) ) ;
#1720 = CARTESIAN_POINT ( 'NONE',  ( -47.20000000000000284, -1.100000000000000311, 19.79999999999999716 ) ) ;
#1721 = VECTOR ( 'NONE', #624, 1000.000000000000000 ) ;
#1722 = CARTESIAN_POINT ( 'NONE',  ( -42.20000000000000284, -11.69999999999999929, 16.80009999999999692 ) ) ;
#1723 = COLOUR_RGB ( '',0.5019607843137254832, 0.5019607843137254832, 0.5019607843137254832 ) ;
#1724 = FACE_OUTER_BOUND ( 'NONE', #738, .T. ) ;
#1725 = CARTESIAN_POINT ( 'NONE',  ( 51.20000000000000284, 11.69999999999999929, 15.79999999999999538 ) ) ;
#1726 = CIRCLE ( 'NONE', #427, 2.000000000000000000 ) ;
#1727 = LINE ( 'NONE', #1106, #2707 ) ;
#1728 = ADVANCED_FACE ( 'NONE', ( #2733 ), #2551, .F. ) ;
#1729 = DIRECTION ( 'NONE',  ( 1.000000000000000000, 0.000000000000000000, 0.000000000000000000 ) ) ;
#1730 = ORIENTED_EDGE ( 'NONE', *, *, #781, .T. ) ;
#1731 = CARTESIAN_POINT ( 'NONE',  ( -47.20000000000004547, 3.299999999999998934, 16.80000000000000071 ) ) ;
#1732 = FACE_OUTER_BOUND ( 'NONE', #2727, .T. ) ;
#1733 = COLOUR_RGB ( '',0.9607843137254902244, 0.03921568627450980338, 0.03921568627450980338 ) ;
#1734 = UNCERTAINTY_MEASURE_WITH_UNIT (LENGTH_MEASURE( 1.000000000000000082E-05 ), #1311, 'distance_accuracy_value', 'NONE');
#1735 = PRESENTATION_LAYER_ASSIGNMENT (  '', '', ( #1919 ) ) ;
#1736 = CARTESIAN_POINT ( 'NONE',  ( 40.50000000000000000, 12.70009999999999906, 13.19999999999999929 ) ) ;
#1737 = DIRECTION ( 'NONE',  ( 3.329603600723238155E-17, 0.000000000000000000, -1.000000000000000000 ) ) ;
#1738 = CYLINDRICAL_SURFACE ( 'NONE', #461, 0.9499999999999995115 ) ;
#1739 = SURFACE_SIDE_STYLE ('',( #2827 ) ) ;
#1740 = EDGE_CURVE ( 'NONE', #1366, #315, #988, .T. ) ;
#1741 =( LENGTH_UNIT ( ) NAMED_UNIT ( * ) SI_UNIT ( .MILLI., .METRE. ) );
#1742 = CARTESIAN_POINT ( 'NONE',  ( 27.50000000000000000, -12.69999999999999929, 12.50000000000000000 ) ) ;
#1743 = CYLINDRICAL_SURFACE ( 'NONE', #2796, 2.000000000000000000 ) ;
#1744 = AXIS2_PLACEMENT_3D ( 'NONE', #1165, #945, #1855 ) ;
#1745 = DIRECTION ( 'NONE',  ( 0.000000000000000000, 0.000000000000000000, 1.000000000000000000 ) ) ;
#1746 = FILL_AREA_STYLE ('',( #1529 ) ) ;
#1747 = CARTESIAN_POINT ( 'NONE',  ( -52.20000000000000284, -11.69999999999999929, -16.80000000000000071 ) ) ;
#1748 = DIRECTION ( 'NONE',  ( -1.000000000000000000, 0.000000000000000000, 0.000000000000000000 ) ) ;
#1749 = EDGE_LOOP ( 'NONE', ( #1567, #1874, #1330, #2020 ) ) ;
#1750 = SURFACE_SIDE_STYLE ('',( #174 ) ) ;
#1751 = AXIS2_PLACEMENT_3D ( 'NONE', #2410, #614, #839 ) ;
#1752 = AXIS2_PLACEMENT_3D ( 'NONE', #800, #1245, #2623 ) ;
#1753 = DIRECTION ( 'NONE',  ( -1.000000000000000000, 0.000000000000000000, 0.000000000000000000 ) ) ;
#1754 =( GEOMETRIC_REPRESENTATION_CONTEXT ( 3 ) GLOBAL_UNCERTAINTY_ASSIGNED_CONTEXT ( ( #1967 ) ) GLOBAL_UNIT_ASSIGNED_CONTEXT ( ( #1741, #865, #2054 ) ) REPRESENTATION_CONTEXT ( 'NONE', 'WORKASPACE' ) );
#1755 = STYLED_ITEM ( 'NONE', ( #1354 ), #368 ) ;
#1756 = COLOUR_RGB ( '',0.5019607843137254832, 0.5019607843137254832, 0.5019607843137254832 ) ;
#1757 = ORIENTED_EDGE ( 'NONE', *, *, #436, .F. ) ;
#1758 = SURFACE_SIDE_STYLE ('',( #230 ) ) ;
#1759 = PRESENTATION_LAYER_ASSIGNMENT (  '', '', ( #848 ) ) ;
#1760 = COLOUR_RGB ( '',0.5019607843137254832, 0.5019607843137254832, 0.5019607843137254832 ) ;
#1761 = AXIS2_PLACEMENT_3D ( 'NONE', #2530, #26, #1628 ) ;
#1762 = UNCERTAINTY_MEASURE_WITH_UNIT (LENGTH_MEASURE( 1.000000000000000082E-05 ), #877, 'distance_accuracy_value', 'NONE');
#1763 = AXIS2_PLACEMENT_3D ( 'NONE', #2872, #1255, #2120 ) ;
#1764 = EDGE_CURVE ( 'NONE', #1831, #2126, #1406, .T. ) ;
#1765 = CARTESIAN_POINT ( 'NONE',  ( -44.20000000000000284, -3.349999999999999645, -21.80000000000000071 ) ) ;
#1766 = FILL_AREA_STYLE_COLOUR ( '', #1756 ) ;
#1767 = VECTOR ( 'NONE', #2078, 1000.000000000000000 ) ;
#1768 = CARTESIAN_POINT ( 'NONE',  ( -47.20000000000000284, -1.100000000000000311, 19.79999999999999716 ) ) ;
#1769 = CARTESIAN_POINT ( 'NONE',  ( -52.20000000000000284, 12.69999999999999929, -16.80000000000000071 ) ) ;
#1770 = EDGE_LOOP ( 'NONE', ( #1125, #1185, #1073, #926 ) ) ;
#1771 = CARTESIAN_POINT ( 'NONE',  ( 51.20000000000000284, -11.69999999999999929, -15.79999999999999538 ) ) ;
#1772 = VERTEX_POINT ( 'NONE', #2283 ) ;
#1773 = DIRECTION ( 'NONE',  ( 0.000000000000000000, 1.000000000000000000, 0.000000000000000000 ) ) ;
#1774 = VERTEX_POINT ( 'NONE', #1453 ) ;
#1775 = ORIENTED_EDGE ( 'NONE', *, *, #349, .F. ) ;
#1776 =( NAMED_UNIT ( * ) PLANE_ANGLE_UNIT ( ) SI_UNIT ( $, .RADIAN. ) );
#1777 = DIRECTION ( 'NONE',  ( -0.000000000000000000, 0.000000000000000000, -1.000000000000000000 ) ) ;
#1778 = PRESENTATION_STYLE_ASSIGNMENT (( #2950 ) ) ;
#1779 = EDGE_CURVE ( 'NONE', #1340, #1595, #2436, .T. ) ;
#1780 = CARTESIAN_POINT ( 'NONE',  ( 51.20000000000000284, -12.69999999999999929, 15.79999999999999538 ) ) ;
#1781 = ORIENTED_EDGE ( 'NONE', *, *, #329, .F. ) ;
#1782 = FACE_OUTER_BOUND ( 'NONE', #2375, .T. ) ;
#1783 = CYLINDRICAL_SURFACE ( 'NONE', #2754, 10.00000000000000178 ) ;
#1784 = EDGE_CURVE ( 'NONE', #787, #1690, #2118, .T. ) ;
#1785 = PRESENTATION_STYLE_ASSIGNMENT (( #841 ) ) ;
#1786 = PRESENTATION_LAYER_ASSIGNMENT (  '', '', ( #112 ) ) ;
#1787 = VERTEX_POINT ( 'NONE', #28 ) ;
#1788 = DIRECTION ( 'NONE',  ( 0.000000000000000000, 0.000000000000000000, 1.000000000000000000 ) ) ;
#1789 = CARTESIAN_POINT ( 'NONE',  ( -22.19999999999999574, -11.69999999999999929, -15.79999999999999893 ) ) ;
#1790 = ORIENTED_EDGE ( 'NONE', *, *, #1530, .T. ) ;
#1791 = ORIENTED_EDGE ( 'NONE', *, *, #2591, .F. ) ;
#1792 = FILL_AREA_STYLE_COLOUR ( '', #831 ) ;
#1793 = VERTEX_POINT ( 'NONE', #2497 ) ;
#1794 = VECTOR ( 'NONE', #2630, 1000.000000000000000 ) ;
#1795 =( LENGTH_UNIT ( ) NAMED_UNIT ( * ) SI_UNIT ( .MILLI., .METRE. ) );
#1796 = EDGE_CURVE ( 'NONE', #25, #2757, #2066, .T. ) ;
#1797 = FACE_OUTER_BOUND ( 'NONE', #1466, .T. ) ;
#1798 =( NAMED_UNIT ( * ) SI_UNIT ( $, .STERADIAN. ) SOLID_ANGLE_UNIT ( ) );
#1799 = DIRECTION ( 'NONE',  ( 1.000000000000000000, 0.000000000000000000, 0.000000000000000000 ) ) ;
#1800 = ADVANCED_FACE ( 'NONE', ( #469 ), #1156, .T. ) ;
#1801 = PRESENTATION_LAYER_ASSIGNMENT (  '', '', ( #2520 ) ) ;
#1802 = ORIENTED_EDGE ( 'NONE', *, *, #2915, .F. ) ;
#1803 = CYLINDRICAL_SURFACE ( 'NONE', #515, 0.9499999999999995115 ) ;
#1804 = CARTESIAN_POINT ( 'NONE',  ( -42.20000000000000284, -11.70000000000000107, -15.80000000000000071 ) ) ;
#1805 = ORIENTED_EDGE ( 'NONE', *, *, #506, .F. ) ;
#1806 =( GEOMETRIC_REPRESENTATION_CONTEXT ( 3 ) GLOBAL_UNCERTAINTY_ASSIGNED_CONTEXT ( ( #2780 ) ) GLOBAL_UNIT_ASSIGNED_CONTEXT ( ( #1560, #1061, #2016 ) ) REPRESENTATION_CONTEXT ( 'NONE', 'WORKASPACE' ) );
#1807 = CIRCLE ( 'NONE', #951, 1.000000000000000888 ) ;
#1808 = VERTEX_POINT ( 'NONE', #1476 ) ;
#1809 = CARTESIAN_POINT ( 'NONE',  ( 29.50000000000000711, -12.69999999999999929, -10.50000000000000000 ) ) ;
#1810 = CARTESIAN_POINT ( 'NONE',  ( 51.20000000000000284, 11.69999999999999929, 15.79999999999999538 ) ) ;
#1811 = PRESENTATION_STYLE_ASSIGNMENT (( #1641 ) ) ;
#1812 = FILL_AREA_STYLE_COLOUR ( '', #175 ) ;
#1813 = CARTESIAN_POINT ( 'NONE',  ( -42.20000000000000284, 2.699999999999999289, 0.000000000000000000 ) ) ;
#1814 = ORIENTED_EDGE ( 'NONE', *, *, #457, .T. ) ;
#1815 =( NAMED_UNIT ( * ) PLANE_ANGLE_UNIT ( ) SI_UNIT ( $, .RADIAN. ) );
#1816 = VERTEX_POINT ( 'NONE', #2829 ) ;
#1817 = CARTESIAN_POINT ( 'NONE',  ( -46.25000000000000711, -1.100000000000000089, 16.80000000000000071 ) ) ;
#1818 = ORIENTED_EDGE ( 'NONE', *, *, #2718, .F. ) ;
#1819 = EDGE_CURVE ( 'NONE', #1176, #2486, #2676, .T. ) ;
#1820 = ORIENTED_EDGE ( 'NONE', *, *, #847, .T. ) ;
#1821 = CARTESIAN_POINT ( 'NONE',  ( -42.30000000000000426, -3.349999999999999645, -21.80000000000000071 ) ) ;
#1822 = DIRECTION ( 'NONE',  ( -0.000000000000000000, -0.000000000000000000, 1.000000000000000000 ) ) ;
#1823 = CARTESIAN_POINT ( 'NONE',  ( -22.19999999999999574, 12.69999999999999929, -15.79999999999999893 ) ) ;
#1824 = VERTEX_POINT ( 'NONE', #1516 ) ;
#1825 = CARTESIAN_POINT ( 'NONE',  ( -47.20000000000002416, 1.099999999999999423, 16.80000000000000071 ) ) ;
#1826 = DIRECTION ( 'NONE',  ( 0.000000000000000000, 0.000000000000000000, 1.000000000000000000 ) ) ;
#1827 = VERTEX_POINT ( 'NONE', #1246 ) ;
#1828 = STYLED_ITEM ( 'NONE', ( #1692 ), #1177 ) ;
#1829 = LINE ( 'NONE', #2732, #2045 ) ;
#1830 = CARTESIAN_POINT ( 'NONE',  ( -42.20000000000000284, -11.69999999999999929, -15.80009999999999692 ) ) ;
#1831 = VERTEX_POINT ( 'NONE', #2580 ) ;
#1832 = SURFACE_STYLE_USAGE ( .BOTH. , #1192 ) ;
#1833 = ORIENTED_EDGE ( 'NONE', *, *, #2027, .F. ) ;
#1834 = EDGE_CURVE ( 'NONE', #2757, #403, #1958, .T. ) ;
#1835 = ORIENTED_EDGE ( 'NONE', *, *, #2683, .F. ) ;
#1836 =( LENGTH_UNIT ( ) NAMED_UNIT ( * ) SI_UNIT ( .MILLI., .METRE. ) );
#1837 = SURFACE_STYLE_USAGE ( .BOTH. , #2273 ) ;
#1838 = CYLINDRICAL_SURFACE ( 'NONE', #1159, 1.899999999999999023 ) ;
#1839 = ORIENTED_EDGE ( 'NONE', *, *, #1012, .F. ) ;
#1840 = CARTESIAN_POINT ( 'NONE',  ( 42.50000000000000000, 12.70009999999999906, 11.19999999999999929 ) ) ;
#1841 = DIRECTION ( 'NONE',  ( 1.000000000000000000, 0.000000000000000000, 0.000000000000000000 ) ) ;
#1842 = VERTEX_POINT ( 'NONE', #542 ) ;
#1843 = SURFACE_SIDE_STYLE ('',( #2731 ) ) ;
#1844 = CIRCLE ( 'NONE', #1558, 1.000000000000000888 ) ;
#1845 = CARTESIAN_POINT ( 'NONE',  ( -42.20000000000000284, 12.69999999999999929, 16.80000000000000071 ) ) ;
#1846 = DIRECTION ( 'NONE',  ( -1.000000000000000000, 0.000000000000000000, 6.646450099527995912E-17 ) ) ;
#1847 = VERTEX_POINT ( 'NONE', #2163 ) ;
#1848 = CARTESIAN_POINT ( 'NONE',  ( -42.20000000000000284, -2.699999999999999289, 16.80000000000000071 ) ) ;
#1849 = VERTEX_POINT ( 'NONE', #1929 ) ;
#1850 = EDGE_LOOP ( 'NONE', ( #2746, #2502, #2744, #1090, #2048 ) ) ;
#1851 = DIRECTION ( 'NONE',  ( -1.000000000000000000, -0.000000000000000000, 6.646450099527995912E-17 ) ) ;
#1852 = ADVANCED_FACE ( 'NONE', ( #2150 ), #1464, .T. ) ;
#1853 =( GEOMETRIC_REPRESENTATION_CONTEXT ( 3 ) GLOBAL_UNCERTAINTY_ASSIGNED_CONTEXT ( ( #1888 ) ) GLOBAL_UNIT_ASSIGNED_CONTEXT ( ( #15, #2079, #2798 ) ) REPRESENTATION_CONTEXT ( 'NONE', 'WORKASPACE' ) );
#1854 = PRESENTATION_LAYER_ASSIGNMENT (  '', '', ( #1323 ) ) ;
#1855 = DIRECTION ( 'NONE',  ( 1.000000000000000000, 0.000000000000000000, 0.000000000000000000 ) ) ;
#1856 = SURFACE_STYLE_FILL_AREA ( #1364 ) ;
#1857 = ADVANCED_FACE ( 'NONE', ( #573 ), #1287, .F. ) ;
#1858 = MECHANICAL_DESIGN_GEOMETRIC_PRESENTATION_REPRESENTATION (  '', ( #1575 ), #2607 ) ;
#1859 = VERTEX_POINT ( 'NONE', #1494 ) ;
#1860 = FACE_OUTER_BOUND ( 'NONE', #260, .T. ) ;
#1861 = CIRCLE ( 'NONE', #2609, 0.9499999999999995115 ) ;
#1862 = FACE_OUTER_BOUND ( 'NONE', #253, .T. ) ;
#1863 = APPLICATION_PROTOCOL_DEFINITION ( 'draft international standard', 'automotive_design', 1998, #575 ) ;
#1864 = LINE ( 'NONE', #2771, #1384 ) ;
#1865 = PRESENTATION_LAYER_ASSIGNMENT (  '', '', ( #1391 ) ) ;
#1866 = SURFACE_STYLE_FILL_AREA ( #954 ) ;
#1867 = DIRECTION ( 'NONE',  ( 0.000000000000000000, 0.000000000000000000, 1.000000000000000000 ) ) ;
#1868 = VECTOR ( 'NONE', #2063, 1000.000000000000000 ) ;
#1869 = AXIS2_PLACEMENT_3D ( 'NONE', #2022, #1318, #2221 ) ;
#1870 = VERTEX_POINT ( 'NONE', #2178 ) ;
#1871 = CARTESIAN_POINT ( 'NONE',  ( -42.20000000000000284, -11.69999999999999929, -16.80009999999999692 ) ) ;
#1872 = SURFACE_STYLE_USAGE ( .BOTH. , #1618 ) ;
#1873 = CIRCLE ( 'NONE', #1342, 2.000000000000000000 ) ;
#1874 = ORIENTED_EDGE ( 'NONE', *, *, #726, .F. ) ;
#1875 = DIRECTION ( 'NONE',  ( -1.000000000000000000, -1.365923996832131609E-16, 0.000000000000000000 ) ) ;
#1876 = CARTESIAN_POINT ( 'NONE',  ( 42.50000000000000000, 12.69999999999999929, -11.19999999999999929 ) ) ;
#1877 = EDGE_CURVE ( 'NONE', #490, #428, #99, .T. ) ;
#1878 = LINE ( 'NONE', #2107, #32 ) ;
#1879 = SURFACE_SIDE_STYLE ('',( #1226 ) ) ;
#1880 = DIRECTION ( 'NONE',  ( -1.000000000000000000, 0.000000000000000000, 0.000000000000000000 ) ) ;
#1881 = PRESENTATION_LAYER_ASSIGNMENT (  '', '', ( #1693 ) ) ;
#1882 = ORIENTED_EDGE ( 'NONE', *, *, #2610, .F. ) ;
#1883 = COLOUR_RGB ( '',0.2509803921568627416, 0.2509803921568627416, 0.2509803921568627416 ) ;
#1884 = ORIENTED_EDGE ( 'NONE', *, *, #2535, .F. ) ;
#1885 = LINE ( 'NONE', #2527, #1554 ) ;
#1886 = STYLED_ITEM ( 'NONE', ( #341 ), #1800 ) ;
#1887 = SURFACE_SIDE_STYLE ('',( #2561 ) ) ;
#1888 = UNCERTAINTY_MEASURE_WITH_UNIT (LENGTH_MEASURE( 1.000000000000000082E-05 ), #15, 'distance_accuracy_value', 'NONE');
#1889 = ORIENTED_EDGE ( 'NONE', *, *, #1320, .T. ) ;
#1890 = DIRECTION ( 'NONE',  ( -0.000000000000000000, 1.000000000000000000, -0.000000000000000000 ) ) ;
#1891 = EDGE_CURVE ( 'NONE', #779, #1793, #2198, .T. ) ;
#1892 = LINE ( 'NONE', #497, #359 ) ;
#1893 = VERTEX_POINT ( 'NONE', #2699 ) ;
#1894 = PRESENTATION_STYLE_ASSIGNMENT (( #990 ) ) ;
#1895 = SURFACE_STYLE_USAGE ( .BOTH. , #2285 ) ;
#1896 = VERTEX_POINT ( 'NONE', #2468 ) ;
#1897 = ADVANCED_FACE ( 'NONE', ( #1797 ), #2666, .F. ) ;
#1898 = ORIENTED_EDGE ( 'NONE', *, *, #2089, .F. ) ;
#1899 = FILL_AREA_STYLE_COLOUR ( '', #2549 ) ;
#1900 = SURFACE_STYLE_FILL_AREA ( #2320 ) ;
#1901 = COLOUR_RGB ( '',0.2509803921568627416, 0.2509803921568627416, 0.2509803921568627416 ) ;
#1902 = VERTEX_POINT ( 'NONE', #1350 ) ;
#1903 = AXIS2_PLACEMENT_3D ( 'NONE', #481, #985, #289 ) ;
#1904 = CARTESIAN_POINT ( 'NONE',  ( -52.20000000000000284, -2.699999999999999289, 15.80000000000000071 ) ) ;
#1905 = DIRECTION ( 'NONE',  ( 0.000000000000000000, 0.000000000000000000, 1.000000000000000000 ) ) ;
#1906 = LINE ( 'NONE', #2819, #1717 ) ;
#1907 = ORIENTED_EDGE ( 'NONE', *, *, #1181, .T. ) ;
#1908 = EDGE_CURVE ( 'NONE', #2179, #2917, #629, .T. ) ;
#1909 = ORIENTED_EDGE ( 'NONE', *, *, #1139, .F. ) ;
#1910 = DIRECTION ( 'NONE',  ( -0.000000000000000000, -1.000000000000000000, -0.000000000000000000 ) ) ;
#1911 =( NAMED_UNIT ( * ) SI_UNIT ( $, .STERADIAN. ) SOLID_ANGLE_UNIT ( ) );
#1912 = VERTEX_POINT ( 'NONE', #1544 ) ;
#1913 = UNCERTAINTY_MEASURE_WITH_UNIT (LENGTH_MEASURE( 1.000000000000000082E-05 ), #2612, 'distance_accuracy_value', 'NONE');
#1914 = DIRECTION ( 'NONE',  ( 0.000000000000000000, 1.000000000000000000, 0.000000000000000000 ) ) ;
#1915 =( NAMED_UNIT ( * ) PLANE_ANGLE_UNIT ( ) SI_UNIT ( $, .RADIAN. ) );
#1916 = FACE_OUTER_BOUND ( 'NONE', #279, .T. ) ;
#1917 = DIRECTION ( 'NONE',  ( -3.329603600723238155E-17, -0.000000000000000000, 1.000000000000000000 ) ) ;
#1918 =( NAMED_UNIT ( * ) PLANE_ANGLE_UNIT ( ) SI_UNIT ( $, .RADIAN. ) );
#1919 = STYLED_ITEM ( 'NONE', ( #1345 ), #1713 ) ;
#1920 = ORIENTED_EDGE ( 'NONE', *, *, #538, .T. ) ;
#1921 = LINE ( 'NONE', #807, #126 ) ;
#1922 = DIRECTION ( 'NONE',  ( 1.000000000000000000, 0.000000000000000000, -0.000000000000000000 ) ) ;
#1923 = ADVANCED_FACE ( 'NONE', ( #1119 ), #173, .T. ) ;
#1924 = COLOUR_RGB ( '',0.9607843137254902244, 0.03921568627450980338, 0.03921568627450980338 ) ;
#1925 =( GEOMETRIC_REPRESENTATION_CONTEXT ( 3 ) GLOBAL_UNCERTAINTY_ASSIGNED_CONTEXT ( ( #2837 ) ) GLOBAL_UNIT_ASSIGNED_CONTEXT ( ( #2566, #1686, #1265 ) ) REPRESENTATION_CONTEXT ( 'NONE', 'WORKASPACE' ) );
#1926 = CARTESIAN_POINT ( 'NONE',  ( 51.20000000000000284, -11.69999999999999929, 15.79999999999999538 ) ) ;
#1927 = CARTESIAN_POINT ( 'NONE',  ( 40.50000000000000000, 12.70009999999999906, -13.19999999999999929 ) ) ;
#1928 = DIRECTION ( 'NONE',  ( 1.000000000000000000, 0.000000000000000000, 0.000000000000000000 ) ) ;
#1929 = CARTESIAN_POINT ( 'NONE',  ( -51.20000000000000284, -2.699999999999999289, 16.80000000000000071 ) ) ;
#1930 =( NAMED_UNIT ( * ) SI_UNIT ( $, .STERADIAN. ) SOLID_ANGLE_UNIT ( ) );
#1931 = CARTESIAN_POINT ( 'NONE',  ( -47.19999999999998153, -3.299999999999998934, 19.79999999999999716 ) ) ;
#1932 = VECTOR ( 'NONE', #389, 1000.000000000000000 ) ;
#1933 = VERTEX_POINT ( 'NONE', #2440 ) ;
#1934 = CARTESIAN_POINT ( 'NONE',  ( -22.19999999999999929, 11.69999999999999929, -16.80009999999999692 ) ) ;
#1935 = CIRCLE ( 'NONE', #2696, 0.9499999999999995115 ) ;
#1936 = UNCERTAINTY_MEASURE_WITH_UNIT (LENGTH_MEASURE( 1.000000000000000082E-05 ), #252, 'distance_accuracy_value', 'NONE');
#1937 = DIRECTION ( 'NONE',  ( 0.000000000000000000, 0.000000000000000000, 1.000000000000000000 ) ) ;
#1938 = ADVANCED_FACE ( 'NONE', ( #904 ), #1783, .T. ) ;
#1939 = SURFACE_STYLE_FILL_AREA ( #1746 ) ;
#1940 = FILL_AREA_STYLE_COLOUR ( '', #2654 ) ;
#1941 = VECTOR ( 'NONE', #2471, 1000.000000000000000 ) ;
#1942 = FILL_AREA_STYLE_COLOUR ( '', #1278 ) ;
#1943 = AXIS2_PLACEMENT_3D ( 'NONE', #1104, #656, #2937 ) ;
#1944 = MECHANICAL_DESIGN_GEOMETRIC_PRESENTATION_REPRESENTATION (  '', ( #2907 ), #36 ) ;
#1945 = FILL_AREA_STYLE_COLOUR ( '', #1632 ) ;
#1946 = STYLED_ITEM ( 'NONE', ( #1036 ), #65 ) ;
#1947 = ORIENTED_EDGE ( 'NONE', *, *, #2722, .T. ) ;
#1948 = SURFACE_STYLE_USAGE ( .BOTH. , #129 ) ;
#1949 = FILL_AREA_STYLE_COLOUR ( '', #437 ) ;
#1950 = FILL_AREA_STYLE_COLOUR ( '', #309 ) ;
#1951 = AXIS2_PLACEMENT_3D ( 'NONE', #105, #1914, #582 ) ;
#1952 = DIRECTION ( 'NONE',  ( -1.000000000000000000, 0.000000000000000000, 0.000000000000000000 ) ) ;
#1953 = VECTOR ( 'NONE', #2851, 1000.000000000000000 ) ;
#1954 = SURFACE_STYLE_USAGE ( .BOTH. , #337 ) ;
#1955 = DIRECTION ( 'NONE',  ( 6.646450099527995912E-17, -0.000000000000000000, 1.000000000000000000 ) ) ;
#1956 = PRESENTATION_STYLE_ASSIGNMENT (( #136 ) ) ;
#1957 = EDGE_CURVE ( 'NONE', #969, #1787, #2889, .T. ) ;
#1958 = LINE ( 'NONE', #1028, #789 ) ;
#1959 = DIRECTION ( 'NONE',  ( 0.000000000000000000, 1.000000000000000000, 0.000000000000000000 ) ) ;
#1960 = DIRECTION ( 'NONE',  ( 0.000000000000000000, 0.000000000000000000, 1.000000000000000000 ) ) ;
#1961 = ADVANCED_FACE ( 'NONE', ( #1657, #2310 ), #705, .F. ) ;
#1962 = DIRECTION ( 'NONE',  ( -1.000000000000000000, 0.000000000000000000, -6.646450099527995912E-17 ) ) ;
#1963 = CARTESIAN_POINT ( 'NONE',  ( -25.39999999999998792, -12.70009999999999906, 10.50000000000000000 ) ) ;
#1964 = CARTESIAN_POINT ( 'NONE',  ( 51.20000000000000284, -11.69999999999999929, 15.79999999999999538 ) ) ;
#1965 = CYLINDRICAL_SURFACE ( 'NONE', #937, 2.000000000000000000 ) ;
#1966 = AXIS2_PLACEMENT_3D ( 'NONE', #296, #1851, #2574 ) ;
#1967 = UNCERTAINTY_MEASURE_WITH_UNIT (LENGTH_MEASURE( 1.000000000000000082E-05 ), #1741, 'distance_accuracy_value', 'NONE');
#1968 = DIRECTION ( 'NONE',  ( 1.000000000000000000, 0.000000000000000000, 0.000000000000000000 ) ) ;
#1969 =( LENGTH_UNIT ( ) NAMED_UNIT ( * ) SI_UNIT ( .MILLI., .METRE. ) );
#1970 =( LENGTH_UNIT ( ) NAMED_UNIT ( * ) SI_UNIT ( .MILLI., .METRE. ) );
#1971 = DIRECTION ( 'NONE',  ( 0.000000000000000000, 0.000000000000000000, -1.000000000000000000 ) ) ;
#1972 = ORIENTED_EDGE ( 'NONE', *, *, #1740, .F. ) ;
#1973 = FILL_AREA_STYLE ('',( #1562 ) ) ;
#1974 = ADVANCED_FACE ( 'NONE', ( #1862 ), #239, .F. ) ;
#1975 = ORIENTED_EDGE ( 'NONE', *, *, #203, .F. ) ;
#1976 = DIRECTION ( 'NONE',  ( 0.000000000000000000, 0.000000000000000000, 1.000000000000000000 ) ) ;
#1977 = DIRECTION ( 'NONE',  ( 1.000000000000000000, 0.000000000000000000, 0.000000000000000000 ) ) ;
#1978 = ADVANCED_FACE ( 'NONE', ( #1140 ), #2652, .T. ) ;
#1979 = PRESENTATION_STYLE_ASSIGNMENT (( #1069 ) ) ;
#1980 = STYLED_ITEM ( 'NONE', ( #2402 ), #165 ) ;
#1981 = SURFACE_STYLE_USAGE ( .BOTH. , #551 ) ;
#1982 =( NAMED_UNIT ( * ) SI_UNIT ( $, .STERADIAN. ) SOLID_ANGLE_UNIT ( ) );
#1983 = SURFACE_SIDE_STYLE ('',( #1939 ) ) ;
#1984 = DIRECTION ( 'NONE',  ( -0.000000000000000000, 0.000000000000000000, 1.000000000000000000 ) ) ;
#1985 = FILL_AREA_STYLE_COLOUR ( '', #2157 ) ;
#1986 = CARTESIAN_POINT ( 'NONE',  ( 51.20000000000000284, 11.69999999999999929, 16.79999999999999716 ) ) ;
#1987 = VECTOR ( 'NONE', #2971, 1000.000000000000000 ) ;
#1988 = AXIS2_PLACEMENT_3D ( 'NONE', #2353, #788, #1016 ) ;
#1989 = DIRECTION ( 'NONE',  ( 0.000000000000000000, -1.000000000000000000, 0.000000000000000000 ) ) ;
#1990 = AXIS2_PLACEMENT_3D ( 'NONE', #229, #1393, #2315 ) ;
#1991 = COLOUR_RGB ( '',0.5019607843137254832, 0.5019607843137254832, 0.5019607843137254832 ) ;
#1992 = VECTOR ( 'NONE', #1218, 1000.000000000000000 ) ;
#1993 =( GEOMETRIC_REPRESENTATION_CONTEXT ( 3 ) GLOBAL_UNCERTAINTY_ASSIGNED_CONTEXT ( ( #507 ) ) GLOBAL_UNIT_ASSIGNED_CONTEXT ( ( #1969, #377, #2244 ) ) REPRESENTATION_CONTEXT ( 'NONE', 'WORKASPACE' ) );
#1994 = ORIENTED_EDGE ( 'NONE', *, *, #1047, .F. ) ;
#1995 = SURFACE_STYLE_FILL_AREA ( #2881 ) ;
#1996 = CARTESIAN_POINT ( 'NONE',  ( 51.20000000000000284, -11.69999999999999929, -15.79999999999999538 ) ) ;
#1997 = ORIENTED_EDGE ( 'NONE', *, *, #2189, .T. ) ;
#1998 = AXIS2_PLACEMENT_3D ( 'NONE', #238, #2745, #268 ) ;
#1999 = EDGE_CURVE ( 'NONE', #1216, #1682, #2501, .T. ) ;
#2000 = ORIENTED_EDGE ( 'NONE', *, *, #2893, .F. ) ;
#2001 = DIRECTION ( 'NONE',  ( 0.000000000000000000, 0.000000000000000000, 1.000000000000000000 ) ) ;
#2002 = AXIS2_PLACEMENT_3D ( 'NONE', #2394, #2132, #1268 ) ;
#2003 = EDGE_CURVE ( 'NONE', #670, #1827, #1878, .T. ) ;
#2004 = LINE ( 'NONE', #2212, #277 ) ;
#2005 = AXIS2_PLACEMENT_3D ( 'NONE', #1926, #798, #2380 ) ;
#2006 = CYLINDRICAL_SURFACE ( 'NONE', #2369, 1.000000000000000888 ) ;
#2007 = CARTESIAN_POINT ( 'NONE',  ( 51.20000000000000284, -11.69999999999999929, -15.79999999999999538 ) ) ;
#2008 = DIRECTION ( 'NONE',  ( -1.000000000000000000, -1.365923996832131609E-16, -0.000000000000000000 ) ) ;
#2009 = ORIENTED_EDGE ( 'NONE', *, *, #261, .T. ) ;
#2010 = VERTEX_POINT ( 'NONE', #2565 ) ;
#2011 = ORIENTED_EDGE ( 'NONE', *, *, #2476, .F. ) ;
#2012 =( LENGTH_UNIT ( ) NAMED_UNIT ( * ) SI_UNIT ( .MILLI., .METRE. ) );
#2013 = FACE_BOUND ( 'NONE', #2116, .T. ) ;
#2014 = EDGE_CURVE ( 'NONE', #2062, #1849, #1322, .T. ) ;
#2015 = EDGE_CURVE ( 'NONE', #969, #448, #608, .T. ) ;
#2016 =( NAMED_UNIT ( * ) SI_UNIT ( $, .STERADIAN. ) SOLID_ANGLE_UNIT ( ) );
#2017 = ORIENTED_EDGE ( 'NONE', *, *, #2737, .F. ) ;
#2018 = MECHANICAL_DESIGN_GEOMETRIC_PRESENTATION_REPRESENTATION (  '', ( #1359 ), #387 ) ;
#2019 = DIRECTION ( 'NONE',  ( 0.000000000000000000, 0.000000000000000000, 1.000000000000000000 ) ) ;
#2020 = ORIENTED_EDGE ( 'NONE', *, *, #5, .T. ) ;
#2021 = DIRECTION ( 'NONE',  ( 0.000000000000000000, 1.000000000000000000, 0.000000000000000000 ) ) ;
#2022 = CARTESIAN_POINT ( 'NONE',  ( 27.50000000000000000, -12.70009999999999906, -10.50000000000000000 ) ) ;
#2023 = ORIENTED_EDGE ( 'NONE', *, *, #1365, .T. ) ;
#2024 = ORIENTED_EDGE ( 'NONE', *, *, #2808, .F. ) ;
#2025 = SURFACE_STYLE_FILL_AREA ( #2884 ) ;
#2026 = FILL_AREA_STYLE_COLOUR ( '', #2294 ) ;
#2027 = EDGE_CURVE ( 'NONE', #428, #1551, #2270, .T. ) ;
#2028 = CIRCLE ( 'NONE', #753, 10.00000000000000178 ) ;
#2029 = CARTESIAN_POINT ( 'NONE',  ( 51.20000000000000284, -11.69999999999999929, -16.79999999999999716 ) ) ;
#2030 = EDGE_LOOP ( 'NONE', ( #2867, #2658 ) ) ;
#2031 = ADVANCED_FACE ( 'NONE', ( #1916 ), #1714, .F. ) ;
#2032 = DIRECTION ( 'NONE',  ( 0.000000000000000000, -0.000000000000000000, -1.000000000000000000 ) ) ;
#2033 = EDGE_LOOP ( 'NONE', ( #1688, #1909, #1781, #459 ) ) ;
#2034 = DIRECTION ( 'NONE',  ( 0.000000000000000000, 0.000000000000000000, 1.000000000000000000 ) ) ;
#2035 = CARTESIAN_POINT ( 'NONE',  ( -22.19999999999999929, 11.69999999999999929, -15.79999999999999893 ) ) ;
#2036 = VECTOR ( 'NONE', #2553, 1000.000000000000000 ) ;
#2037 = ORIENTED_EDGE ( 'NONE', *, *, #2808, .T. ) ;
#2038 = CARTESIAN_POINT ( 'NONE',  ( 52.20000000000000284, 11.69999999999999929, 15.79999999999999538 ) ) ;
#2039 = CARTESIAN_POINT ( 'NONE',  ( -42.20000000000000284, -11.69999999999999929, -16.80009999999999692 ) ) ;
#2040 = VECTOR ( 'NONE', #1188, 1000.000000000000000 ) ;
#2041 = VECTOR ( 'NONE', #1685, 1000.000000000000000 ) ;
#2042 = ORIENTED_EDGE ( 'NONE', *, *, #84, .T. ) ;
#2043 = CARTESIAN_POINT ( 'NONE',  ( -46.24999999999997868, -3.299999999999998934, 16.80000000000000071 ) ) ;
#2044 = PLANE ( 'NONE',  #784 ) ;
#2045 = VECTOR ( 'NONE', #2109, 1000.000000000000000 ) ;
#2046 = FACE_OUTER_BOUND ( 'NONE', #834, .T. ) ;
#2047 = CARTESIAN_POINT ( 'NONE',  ( -44.20000000000000284, -3.349999999999999645, -21.80000000000000071 ) ) ;
#2048 = ORIENTED_EDGE ( 'NONE', *, *, #1908, .F. ) ;
#2049 = CARTESIAN_POINT ( 'NONE',  ( -42.20000000000000284, 12.69999999999999929, -15.80000000000000071 ) ) ;
#2050 = DIRECTION ( 'NONE',  ( 0.000000000000000000, 1.000000000000000000, -0.000000000000000000 ) ) ;
#2051 = EDGE_CURVE ( 'NONE', #1439, #490, #2601, .T. ) ;
#2052 = CARTESIAN_POINT ( 'NONE',  ( -22.19999999999999929, 11.69999999999999929, 15.79999999999999893 ) ) ;
#2053 = VERTEX_POINT ( 'NONE', #2149 ) ;
#2054 =( NAMED_UNIT ( * ) SI_UNIT ( $, .STERADIAN. ) SOLID_ANGLE_UNIT ( ) );
#2055 = ORIENTED_EDGE ( 'NONE', *, *, #1280, .T. ) ;
#2056 = ADVANCED_FACE ( 'NONE', ( #2382 ), #310, .T. ) ;
#2057 = EDGE_LOOP ( 'NONE', ( #435, #1757, #2153, #380 ) ) ;
#2058 = CARTESIAN_POINT ( 'NONE',  ( -42.20000000000000284, -2.699999999999999289, 15.80000000000000071 ) ) ;
#2059 = FACE_OUTER_BOUND ( 'NONE', #2557, .T. ) ;
#2060 = CARTESIAN_POINT ( 'NONE',  ( -22.19999999999999574, -11.69999999999999929, 16.80009999999999692 ) ) ;
#2061 = FACE_OUTER_BOUND ( 'NONE', #578, .T. ) ;
#2062 = VERTEX_POINT ( 'NONE', #1904 ) ;
#2063 = DIRECTION ( 'NONE',  ( 1.000000000000000000, 0.000000000000000000, 0.000000000000000000 ) ) ;
#2064 = AXIS2_PLACEMENT_3D ( 'NONE', #185, #1102, #2210 ) ;
#2065 = DIRECTION ( 'NONE',  ( 1.365923996832131609E-16, -1.000000000000000000, 0.000000000000000000 ) ) ;
#2066 = CIRCLE ( 'NONE', #1026, 1.899999999999999023 ) ;
#2067 = FILL_AREA_STYLE_COLOUR ( '', #1924 ) ;
#2068 = EDGE_CURVE ( 'NONE', #2343, #1827, #2815, .T. ) ;
#2069 = CARTESIAN_POINT ( 'NONE',  ( -51.20000000000000284, 12.69999999999999929, 16.80000000000000071 ) ) ;
#2070 = VECTOR ( 'NONE', #2360, 1000.000000000000000 ) ;
#2071 = ORIENTED_EDGE ( 'NONE', *, *, #502, .T. ) ;
#2072 = EDGE_CURVE ( 'NONE', #471, #670, #2577, .T. ) ;
#2073 = EDGE_LOOP ( 'NONE', ( #746, #1360, #1400, #889 ) ) ;
#2074 = LINE ( 'NONE', #1430, #395 ) ;
#2075 =( NAMED_UNIT ( * ) PLANE_ANGLE_UNIT ( ) SI_UNIT ( $, .RADIAN. ) );
#2076 = CARTESIAN_POINT ( 'NONE',  ( 0.000000000000000000, 0.000000000000000000, 16.80009999999999692 ) ) ;
#2077 = VERTEX_POINT ( 'NONE', #1225 ) ;
#2078 = DIRECTION ( 'NONE',  ( -1.000000000000000000, -0.000000000000000000, 6.646450099527995912E-17 ) ) ;
#2079 =( NAMED_UNIT ( * ) PLANE_ANGLE_UNIT ( ) SI_UNIT ( $, .RADIAN. ) );
#2080 = CIRCLE ( 'NONE', #1312, 1.000000000000000888 ) ;
#2081 = VECTOR ( 'NONE', #1056, 1000.000000000000000 ) ;
#2082 = SURFACE_STYLE_USAGE ( .BOTH. , #256 ) ;
#2083 = SURFACE_STYLE_FILL_AREA ( #1174 ) ;
#2084 =( NAMED_UNIT ( * ) PLANE_ANGLE_UNIT ( ) SI_UNIT ( $, .RADIAN. ) );
#2085 = ORIENTED_EDGE ( 'NONE', *, *, #743, .T. ) ;
#2086 = DIRECTION ( 'NONE',  ( 1.000000000000000000, 0.000000000000000000, 0.000000000000000000 ) ) ;
#2087 = CARTESIAN_POINT ( 'NONE',  ( -52.20000000000000284, 12.69999999999999929, -16.80000000000000071 ) ) ;
#2088 =( GEOMETRIC_REPRESENTATION_CONTEXT ( 3 ) GLOBAL_UNCERTAINTY_ASSIGNED_CONTEXT ( ( #350 ) ) GLOBAL_UNIT_ASSIGNED_CONTEXT ( ( #2099, #69, #498 ) ) REPRESENTATION_CONTEXT ( 'NONE', 'WORKASPACE' ) );
#2089 = EDGE_CURVE ( 'NONE', #1551, #1439, #2134, .T. ) ;
#2090 =( GEOMETRIC_REPRESENTATION_CONTEXT ( 3 ) GLOBAL_UNCERTAINTY_ASSIGNED_CONTEXT ( ( #2350 ) ) GLOBAL_UNIT_ASSIGNED_CONTEXT ( ( #1970, #2888, #2451 ) ) REPRESENTATION_CONTEXT ( 'NONE', 'WORKASPACE' ) );
#2091 = CIRCLE ( 'NONE', #810, 1.899999999999999023 ) ;
#2092 = DIRECTION ( 'NONE',  ( 1.000000000000000000, 0.000000000000000000, 0.000000000000000000 ) ) ;
#2093 = UNCERTAINTY_MEASURE_WITH_UNIT (LENGTH_MEASURE( 1.000000000000000082E-05 ), #121, 'distance_accuracy_value', 'NONE');
#2094 = AXIS2_PLACEMENT_3D ( 'NONE', #2007, #1959, #820 ) ;
#2095 = VERTEX_POINT ( 'NONE', #170 ) ;
#2096 = ORIENTED_EDGE ( 'NONE', *, *, #1103, .F. ) ;
#2097 = COLOUR_RGB ( '',0.7921568627450980005, 0.8196078431372548767, 0.9333333333333333481 ) ;
#2098 =( GEOMETRIC_REPRESENTATION_CONTEXT ( 3 ) GLOBAL_UNCERTAINTY_ASSIGNED_CONTEXT ( ( #813 ) ) GLOBAL_UNIT_ASSIGNED_CONTEXT ( ( #814, #1014, #1470 ) ) REPRESENTATION_CONTEXT ( 'NONE', 'WORKASPACE' ) );
#2099 =( LENGTH_UNIT ( ) NAMED_UNIT ( * ) SI_UNIT ( .MILLI., .METRE. ) );
#2100 = MECHANICAL_DESIGN_GEOMETRIC_PRESENTATION_REPRESENTATION (  '', ( #1583 ), #2770 ) ;
#2101 = VERTEX_POINT ( 'NONE', #1310 ) ;
#2102 = CIRCLE ( 'NONE', #189, 0.9499999999999995115 ) ;
#2103 = CARTESIAN_POINT ( 'NONE',  ( -35.29999999999999005, 12.70009999999999906, 13.19999999999999929 ) ) ;
#2104 = EDGE_CURVE ( 'NONE', #1933, #1896, #1133, .T. ) ;
#2105 = ORIENTED_EDGE ( 'NONE', *, *, #669, .F. ) ;
#2106 = DIRECTION ( 'NONE',  ( 0.000000000000000000, 0.000000000000000000, -1.000000000000000000 ) ) ;
#2107 = CARTESIAN_POINT ( 'NONE',  ( 29.50000000000000355, -12.70009999999999906, 10.50000000000000000 ) ) ;
#2108 = ADVANCED_FACE ( 'NONE', ( #1555 ), #855, .T. ) ;
#2109 = DIRECTION ( 'NONE',  ( -0.000000000000000000, 1.000000000000000000, -0.000000000000000000 ) ) ;
#2110 = DIRECTION ( 'NONE',  ( -6.646450099527995912E-17, 0.000000000000000000, -1.000000000000000000 ) ) ;
#2111 = ORIENTED_EDGE ( 'NONE', *, *, #1496, .F. ) ;
#2113 = VECTOR ( 'NONE', #1011, 1000.000000000000000 ) ;
#2112 = SURFACE_SIDE_STYLE ('',( #2083 ) ) ;
#2114 = DIRECTION ( 'NONE',  ( -0.000000000000000000, 1.000000000000000000, 0.000000000000000000 ) ) ;
#2115 = VECTOR ( 'NONE', #888, 1000.000000000000000 ) ;
#2116 = EDGE_LOOP ( 'NONE', ( #70, #2532 ) ) ;
#2117 = DIRECTION ( 'NONE',  ( -1.000000000000000000, 0.000000000000000000, 0.000000000000000000 ) ) ;
#2118 = CIRCLE ( 'NONE', #1257, 10.00000000000000178 ) ;
#2119 = UNCERTAINTY_MEASURE_WITH_UNIT (LENGTH_MEASURE( 1.000000000000000082E-05 ), #2779, 'distance_accuracy_value', 'NONE');
#2120 = DIRECTION ( 'NONE',  ( 1.000000000000000000, 0.000000000000000000, 6.646450099527995912E-17 ) ) ;
#2121 = SURFACE_SIDE_STYLE ('',( #64 ) ) ;
#2122 = CARTESIAN_POINT ( 'NONE',  ( -35.29999999999999005, 12.70009999999999906, -13.19999999999999929 ) ) ;
#2123 = EDGE_CURVE ( 'NONE', #2128, #1690, #2004, .T. ) ;
#2124 =( NAMED_UNIT ( * ) SI_UNIT ( $, .STERADIAN. ) SOLID_ANGLE_UNIT ( ) );
#2125 = AXIS2_PLACEMENT_3D ( 'NONE', #2275, #1399, #251 ) ;
#2126 = VERTEX_POINT ( 'NONE', #2029 ) ;
#2127 = VECTOR ( 'NONE', #376, 1000.000000000000000 ) ;
#2128 = VERTEX_POINT ( 'NONE', #2663 ) ;
#2129 = COLOUR_RGB ( '',1.000000000000000000, 1.000000000000000000, 1.000000000000000000 ) ;
#2130 =( GEOMETRIC_REPRESENTATION_CONTEXT ( 3 ) GLOBAL_UNCERTAINTY_ASSIGNED_CONTEXT ( ( #2528 ) ) GLOBAL_UNIT_ASSIGNED_CONTEXT ( ( #2331, #1155, #2295 ) ) REPRESENTATION_CONTEXT ( 'NONE', 'WORKASPACE' ) );
#2131 = AXIS2_PLACEMENT_3D ( 'NONE', #1126, #2297, #715 ) ;
#2132 = DIRECTION ( 'NONE',  ( 6.646450099527995912E-17, -0.000000000000000000, 1.000000000000000000 ) ) ;
#2133 = AXIS2_PLACEMENT_3D ( 'NONE', #2052, #921, #2657 ) ;
#2134 = LINE ( 'NONE', #1115, #2411 ) ;
#2135 = AXIS2_PLACEMENT_3D ( 'NONE', #1725, #97, #803 ) ;
#2136 = VECTOR ( 'NONE', #491, 1000.000000000000000 ) ;
#2137 = CYLINDRICAL_SURFACE ( 'NONE', #90, 2.000000000000000000 ) ;
#2138 = ORIENTED_EDGE ( 'NONE', *, *, #1181, .F. ) ;
#2139 = CYLINDRICAL_SURFACE ( 'NONE', #711, 0.9499999999999995115 ) ;
#2140 = ADVANCED_FACE ( 'NONE', ( #902 ), #2186, .T. ) ;
#2141 = PRESENTATION_LAYER_ASSIGNMENT (  '', '', ( #1091 ) ) ;
#2142 = CIRCLE ( 'NONE', #181, 1.000000000000000888 ) ;
#2143 = FACE_OUTER_BOUND ( 'NONE', #2033, .T. ) ;
#2144 = COLOUR_RGB ( '',0.5019607843137254832, 0.5019607843137254832, 0.5019607843137254832 ) ;
#2145 = DIRECTION ( 'NONE',  ( -1.000000000000000000, 0.000000000000000000, 0.000000000000000000 ) ) ;
#2146 = ORIENTED_EDGE ( 'NONE', *, *, #929, .T. ) ;
#2147 = UNCERTAINTY_MEASURE_WITH_UNIT (LENGTH_MEASURE( 1.000000000000000082E-05 ), #1545, 'distance_accuracy_value', 'NONE');
#2148 = CARTESIAN_POINT ( 'NONE',  ( -46.10000000000000142, 3.350000000000000089, -21.80000000000000071 ) ) ;
#2149 = CARTESIAN_POINT ( 'NONE',  ( 52.20000000000000284, -11.69999999999999929, -15.79999999999999538 ) ) ;
#2150 = FACE_OUTER_BOUND ( 'NONE', #651, .T. ) ;
#2151 =( NAMED_UNIT ( * ) SI_UNIT ( $, .STERADIAN. ) SOLID_ANGLE_UNIT ( ) );
#2152 =( GEOMETRIC_REPRESENTATION_CONTEXT ( 3 ) GLOBAL_UNCERTAINTY_ASSIGNED_CONTEXT ( ( #142 ) ) GLOBAL_UNIT_ASSIGNED_CONTEXT ( ( #216, #1537, #1592 ) ) REPRESENTATION_CONTEXT ( 'NONE', 'WORKASPACE' ) );
#2153 = ORIENTED_EDGE ( 'NONE', *, *, #785, .F. ) ;
#2154 = DIRECTION ( 'NONE',  ( 0.000000000000000000, 0.000000000000000000, -1.000000000000000000 ) ) ;
#2155 = DIRECTION ( 'NONE',  ( 0.000000000000000000, 0.000000000000000000, 1.000000000000000000 ) ) ;
#2156 = EDGE_CURVE ( 'NONE', #670, #2585, #35, .T. ) ;
#2157 = COLOUR_RGB ( '',0.2509803921568627416, 0.2509803921568627416, 0.2509803921568627416 ) ;
#2158 = STYLED_ITEM ( 'NONE', ( #1673 ), #242 ) ;
#2159 = CARTESIAN_POINT ( 'NONE',  ( -23.39999999999998792, -12.70009999999999906, -10.50000000000000000 ) ) ;
#2160 = CARTESIAN_POINT ( 'NONE',  ( -47.19999999999998153, -3.299999999999998934, 16.80000000000000071 ) ) ;
#2161 = FILL_AREA_STYLE_COLOUR ( '', #1569 ) ;
#2162 = FILL_AREA_STYLE ('',( #1002 ) ) ;
#2163 = CARTESIAN_POINT ( 'NONE',  ( -42.20000000000000284, -12.69999999999999929, 15.80000000000000071 ) ) ;
#2164 = DIRECTION ( 'NONE',  ( 0.000000000000000000, 0.000000000000000000, 1.000000000000000000 ) ) ;
#2165 = STYLED_ITEM ( 'NONE', ( #280 ), #2368 ) ;
#2166 = DIRECTION ( 'NONE',  ( 1.000000000000000000, 0.000000000000000000, 0.000000000000000000 ) ) ;
#2167 = SURFACE_STYLE_USAGE ( .BOTH. , #603 ) ;
#2168 = DIRECTION ( 'NONE',  ( 0.000000000000000000, -1.000000000000000000, 0.000000000000000000 ) ) ;
#2169 = UNCERTAINTY_MEASURE_WITH_UNIT (LENGTH_MEASURE( 1.000000000000000082E-05 ), #2406, 'distance_accuracy_value', 'NONE');
#2170 = EDGE_CURVE ( 'NONE', #2179, #1772, #466, .T. ) ;
#2171 = CARTESIAN_POINT ( 'NONE',  ( -44.20000000000000284, -3.349999999999999645, -21.80000000000000071 ) ) ;
#2172 = CARTESIAN_POINT ( 'NONE',  ( 51.20000000000000284, 12.69999999999999929, -15.79999999999999538 ) ) ;
#2173 = PRESENTATION_STYLE_ASSIGNMENT (( #1954 ) ) ;
#2174 = FACE_OUTER_BOUND ( 'NONE', #2669, .T. ) ;
#2175 = DIRECTION ( 'NONE',  ( 1.000000000000000000, 0.000000000000000000, 0.000000000000000000 ) ) ;
#2176 = PRESENTATION_LAYER_ASSIGNMENT (  '', '', ( #846 ) ) ;
#2177 = CIRCLE ( 'NONE', #2131, 0.9499999999999995115 ) ;
#2178 = CARTESIAN_POINT ( 'NONE',  ( -51.20000000000000284, 2.699999999999999289, 16.80000000000000071 ) ) ;
#2179 = VERTEX_POINT ( 'NONE', #9 ) ;
#2180 =( NAMED_UNIT ( * ) PLANE_ANGLE_UNIT ( ) SI_UNIT ( $, .RADIAN. ) );
#2181 = DIRECTION ( 'NONE',  ( 0.000000000000000000, 0.000000000000000000, -1.000000000000000000 ) ) ;
#2182 = VECTOR ( 'NONE', #306, 1000.000000000000000 ) ;
#2183 = CIRCLE ( 'NONE', #1243, 1.000000000000000888 ) ;
#2184 = DIRECTION ( 'NONE',  ( 1.000000000000000000, 0.000000000000000000, 0.000000000000000000 ) ) ;
#2185 = ADVANCED_FACE ( 'NONE', ( #2046 ), #2713, .T. ) ;
#2186 = CYLINDRICAL_SURFACE ( 'NONE', #1943, 1.000000000000000888 ) ;
#2187 = SURFACE_STYLE_USAGE ( .BOTH. , #1983 ) ;
#2188 =( NAMED_UNIT ( * ) SI_UNIT ( $, .STERADIAN. ) SOLID_ANGLE_UNIT ( ) );
#2189 = EDGE_CURVE ( 'NONE', #2101, #1893, #2091, .T. ) ;
#2190 = SURFACE_STYLE_FILL_AREA ( #2927 ) ;
#2191 = VERTEX_POINT ( 'NONE', #217 ) ;
#2192 = DIRECTION ( 'NONE',  ( 1.000000000000000000, 0.000000000000000000, 0.000000000000000000 ) ) ;
#2193 = CARTESIAN_POINT ( 'NONE',  ( -22.19999999999999929, 11.69999999999999929, -15.79999999999999893 ) ) ;
#2194 = CARTESIAN_POINT ( 'NONE',  ( -46.25000000000002842, 1.099999999999999645, 19.79999999999999716 ) ) ;
#2195 = AXIS2_PLACEMENT_3D ( 'NONE', #2675, #1822, #2725 ) ;
#2196 = PLANE ( 'NONE',  #2692 ) ;
#2197 = PRESENTATION_LAYER_ASSIGNMENT (  '', '', ( #2387 ) ) ;
#2198 = CIRCLE ( 'NONE', #2583, 1.000000000000000888 ) ;
#2199 = CYLINDRICAL_SURFACE ( 'NONE', #1074, 1.000000000000000888 ) ;
#2200 = DIRECTION ( 'NONE',  ( -0.000000000000000000, -0.000000000000000000, -1.000000000000000000 ) ) ;
#2201 = PRESENTATION_STYLE_ASSIGNMENT (( #1531 ) ) ;
#2202 = CARTESIAN_POINT ( 'NONE',  ( -22.19999999999999574, -12.69999999999999929, -15.79999999999999893 ) ) ;
#2203 = ADVANCED_FACE ( 'NONE', ( #1151 ), #1199, .F. ) ;
#2204 = DIRECTION ( 'NONE',  ( 0.000000000000000000, -1.000000000000000000, 0.000000000000000000 ) ) ;
#2205 = ORIENTED_EDGE ( 'NONE', *, *, #2921, .T. ) ;
#2206 = SURFACE_STYLE_FILL_AREA ( #602 ) ;
#2207 = DIRECTION ( 'NONE',  ( 1.000000000000000000, 0.000000000000000000, 0.000000000000000000 ) ) ;
#2208 = MECHANICAL_DESIGN_GEOMETRIC_PRESENTATION_REPRESENTATION (  '', ( #1424 ), #550 ) ;
#2209 =( NAMED_UNIT ( * ) SI_UNIT ( $, .STERADIAN. ) SOLID_ANGLE_UNIT ( ) );
#2210 = DIRECTION ( 'NONE',  ( -1.000000000000000000, 0.000000000000000000, 6.646450099527995912E-17 ) ) ;
#2211 = AXIS2_PLACEMENT_3D ( 'NONE', #594, #2407, #365 ) ;
#2212 = CARTESIAN_POINT ( 'NONE',  ( -52.20000000000000284, 2.699999999999999289, -16.80000000000000071 ) ) ;
#2213 = PRESENTATION_STYLE_ASSIGNMENT (( #191 ) ) ;
#2214 = DIRECTION ( 'NONE',  ( 1.000000000000000000, 1.365923996832131609E-16, 0.000000000000000000 ) ) ;
#2215 = VECTOR ( 'NONE', #2951, 1000.000000000000000 ) ;
#2216 = COLOUR_RGB ( '',0.5019607843137254832, 0.5019607843137254832, 0.5019607843137254832 ) ;
#2217 = PRESENTATION_LAYER_ASSIGNMENT (  '', '', ( #709 ) ) ;
#2218 = ADVANCED_FACE ( 'NONE', ( #964 ), #1134, .T. ) ;
#2219 = ORIENTED_EDGE ( 'NONE', *, *, #2341, .F. ) ;
#2220 = SURFACE_STYLE_USAGE ( .BOTH. , #399 ) ;
#2221 = DIRECTION ( 'NONE',  ( 0.000000000000000000, 0.000000000000000000, -1.000000000000000000 ) ) ;
#2222 = VERTEX_POINT ( 'NONE', #2060 ) ;
#2223 = VECTOR ( 'NONE', #860, 1000.000000000000000 ) ;
#2224 = ORIENTED_EDGE ( 'NONE', *, *, #5, .F. ) ;
#2225 = PLANE ( 'NONE',  #892 ) ;
#2226 = LINE ( 'NONE', #1084, #438 ) ;
#2227 =( GEOMETRIC_REPRESENTATION_CONTEXT ( 3 ) GLOBAL_UNCERTAINTY_ASSIGNED_CONTEXT ( ( #2644 ) ) GLOBAL_UNIT_ASSIGNED_CONTEXT ( ( #496, #663, #1389 ) ) REPRESENTATION_CONTEXT ( 'NONE', 'WORKASPACE' ) );
#2228 = AXIS2_PLACEMENT_3D ( 'NONE', #772, #2363, #2603 ) ;
#2229 =( NAMED_UNIT ( * ) SI_UNIT ( $, .STERADIAN. ) SOLID_ANGLE_UNIT ( ) );
#2230 = ORIENTED_EDGE ( 'NONE', *, *, #1957, .T. ) ;
#2231 = CIRCLE ( 'NONE', #1869, 2.000000000000003553 ) ;
#2232 = SPHERICAL_SURFACE ( 'NONE', #1237, 1.000000000000000000 ) ;
#2233 = FILL_AREA_STYLE ('',( #1985 ) ) ;
#2234 = DIRECTION ( 'NONE',  ( 0.000000000000000000, 0.000000000000000000, -1.000000000000000000 ) ) ;
#2235 = AXIS2_PLACEMENT_3D ( 'NONE', #2035, #2008, #2668 ) ;
#2236 = ORIENTED_EDGE ( 'NONE', *, *, #1449, .F. ) ;
#2237 = DIRECTION ( 'NONE',  ( 0.000000000000000000, 0.000000000000000000, 1.000000000000000000 ) ) ;
#2238 = EDGE_LOOP ( 'NONE', ( #984, #697, #536, #2483 ) ) ;
#2239 = EDGE_CURVE ( 'NONE', #1376, #1129, #1593, .T. ) ;
#2240 = ORIENTED_EDGE ( 'NONE', *, *, #1568, .F. ) ;
#2241 = CARTESIAN_POINT ( 'NONE',  ( -48.15000000000000568, -1.100000000000000311, 16.80000000000000071 ) ) ;
#2242 = FACE_OUTER_BOUND ( 'NONE', #2929, .T. ) ;
#2243 = EDGE_CURVE ( 'NONE', #2486, #1176, #2892, .T. ) ;
#2244 =( NAMED_UNIT ( * ) SI_UNIT ( $, .STERADIAN. ) SOLID_ANGLE_UNIT ( ) );
#2245 = PRESENTATION_STYLE_ASSIGNMENT (( #1625 ) ) ;
#2246 = ORIENTED_EDGE ( 'NONE', *, *, #148, .F. ) ;
#2247 = FACE_OUTER_BOUND ( 'NONE', #1112, .T. ) ;
#2248 =( NAMED_UNIT ( * ) PLANE_ANGLE_UNIT ( ) SI_UNIT ( $, .RADIAN. ) );
#2249 = PRESENTATION_LAYER_ASSIGNMENT (  '', '', ( #1359 ) ) ;
#2250 = SURFACE_STYLE_FILL_AREA ( #194 ) ;
#2251 = VERTEX_POINT ( 'NONE', #2305 ) ;
#2252 = LINE ( 'NONE', #925, #1941 ) ;
#2253 = ORIENTED_EDGE ( 'NONE', *, *, #1298, .F. ) ;
#2254 = ORIENTED_EDGE ( 'NONE', *, *, #1449, .T. ) ;
#2255 = CARTESIAN_POINT ( 'NONE',  ( 40.50000000000000000, 12.70009999999999906, 11.19999999999999929 ) ) ;
#2256 = DIRECTION ( 'NONE',  ( 1.000000000000000000, 0.000000000000000000, 0.000000000000000000 ) ) ;
#2257 = COLOUR_RGB ( '',0.2509803921568627416, 0.2509803921568627416, 0.2509803921568627416 ) ;
#2258 = ADVANCED_FACE ( 'NONE', ( #2794 ), #607, .T. ) ;
#2259 = CARTESIAN_POINT ( 'NONE',  ( -42.20000000000000284, 12.69999999999999929, -16.80009999999999692 ) ) ;
#2260 = ORIENTED_EDGE ( 'NONE', *, *, #1819, .T. ) ;
#2261 = LINE ( 'NONE', #523, #1334 ) ;
#2262 = DIRECTION ( 'NONE',  ( 0.000000000000000000, -0.000000000000000000, 1.000000000000000000 ) ) ;
#2263 = ORIENTED_EDGE ( 'NONE', *, *, #2575, .T. ) ;
#2264 = CIRCLE ( 'NONE', #1668, 0.9499999999999995115 ) ;
#2265 = ORIENTED_EDGE ( 'NONE', *, *, #2424, .F. ) ;
#2266 = FACE_OUTER_BOUND ( 'NONE', #207, .T. ) ;
#2267 = LINE ( 'NONE', #1109, #2920 ) ;
#2268 = ORIENTED_EDGE ( 'NONE', *, *, #302, .T. ) ;
#2269 = COLOUR_RGB ( '',0.2509803921568627416, 0.2509803921568627416, 0.2509803921568627416 ) ;
#2270 = CIRCLE ( 'NONE', #1988, 9.000000000000001776 ) ;
#2271 = ORIENTED_EDGE ( 'NONE', *, *, #1429, .T. ) ;
#2272 = DIRECTION ( 'NONE',  ( 1.000000000000000000, 0.000000000000000000, 0.000000000000000000 ) ) ;
#2273 = SURFACE_SIDE_STYLE ('',( #404 ) ) ;
#2274 = AXIS2_PLACEMENT_3D ( 'NONE', #2861, #1049, #817 ) ;
#2275 = CARTESIAN_POINT ( 'NONE',  ( -51.20000000000000284, 12.69999999999999929, -15.80000000000000071 ) ) ;
#2276 = DIRECTION ( 'NONE',  ( 1.000000000000000000, 0.000000000000000000, 0.000000000000000000 ) ) ;
#2277 = ORIENTED_EDGE ( 'NONE', *, *, #2442, .F. ) ;
#2278 = CARTESIAN_POINT ( 'NONE',  ( -42.20000000000000284, 12.69999999999999929, 15.80000000000000071 ) ) ;
#2279 = CARTESIAN_POINT ( 'NONE',  ( 0.000000000000000000, -12.69999999999999929, 0.000000000000000000 ) ) ;
#2280 = SURFACE_STYLE_USAGE ( .BOTH. , #241 ) ;
#2281 = FILL_AREA_STYLE ('',( #744 ) ) ;
#2282 = ADVANCED_FACE ( 'NONE', ( #1291 ), #1965, .T. ) ;
#2283 = CARTESIAN_POINT ( 'NONE',  ( -22.19999999999999574, -11.69999999999999929, -16.80009999999999692 ) ) ;
#2284 = DIRECTION ( 'NONE',  ( 0.000000000000000000, 1.000000000000000000, -0.000000000000000000 ) ) ;
#2285 = SURFACE_SIDE_STYLE ('',( #1426 ) ) ;
#2286 = ORIENTED_EDGE ( 'NONE', *, *, #1891, .T. ) ;
#2287 = ORIENTED_EDGE ( 'NONE', *, *, #261, .F. ) ;
#2288 = LINE ( 'NONE', #1130, #1266 ) ;
#2289 =( NAMED_UNIT ( * ) SI_UNIT ( $, .STERADIAN. ) SOLID_ANGLE_UNIT ( ) );
#2290 = DIRECTION ( 'NONE',  ( 0.000000000000000000, -1.000000000000000000, 0.000000000000000000 ) ) ;
#2291 = CYLINDRICAL_SURFACE ( 'NONE', #2828, 2.000000000000000000 ) ;
#2292 = ORIENTED_EDGE ( 'NONE', *, *, #1796, .F. ) ;
#2293 = CARTESIAN_POINT ( 'NONE',  ( -46.25000000000002842, 1.099999999999999645, 19.79999999999999716 ) ) ;
#2294 = COLOUR_RGB ( '',1.000000000000000000, 1.000000000000000000, 1.000000000000000000 ) ;
#2295 =( NAMED_UNIT ( * ) SI_UNIT ( $, .STERADIAN. ) SOLID_ANGLE_UNIT ( ) );
#2296 =( NAMED_UNIT ( * ) PLANE_ANGLE_UNIT ( ) SI_UNIT ( $, .RADIAN. ) );
#2297 = DIRECTION ( 'NONE',  ( 6.646450099527995912E-17, -0.000000000000000000, 1.000000000000000000 ) ) ;
#2298 = FILL_AREA_STYLE ('',( #3 ) ) ;
#2299 = AXIS2_PLACEMENT_3D ( 'NONE', #1021, #210, #2019 ) ;
#2300 = ORIENTED_EDGE ( 'NONE', *, *, #1525, .T. ) ;
#2301 = EDGE_CURVE ( 'NONE', #1585, #1847, #184, .T. ) ;
#2302 = EDGE_LOOP ( 'NONE', ( #2286, #2751, #401, #642, #532, #1110, #897, #2924, #1790, #2071 ) ) ;
#2303 = FACE_OUTER_BOUND ( 'NONE', #1407, .T. ) ;
#2304 = ADVANCED_FACE ( 'NONE', ( #1361 ), #1743, .T. ) ;
#2305 = CARTESIAN_POINT ( 'NONE',  ( -35.29999999999999005, 12.69999999999999929, -13.19999999999999929 ) ) ;
#2306 = ORIENTED_EDGE ( 'NONE', *, *, #345, .T. ) ;
#2307 = CARTESIAN_POINT ( 'NONE',  ( -48.14999999999997726, -3.299999999999998934, 19.79999999999999716 ) ) ;
#2308 =( GEOMETRIC_REPRESENTATION_CONTEXT ( 3 ) GLOBAL_UNCERTAINTY_ASSIGNED_CONTEXT ( ( #60 ) ) GLOBAL_UNIT_ASSIGNED_CONTEXT ( ( #2545, #477, #916 ) ) REPRESENTATION_CONTEXT ( 'NONE', 'WORKASPACE' ) );
#2309 = PRESENTATION_STYLE_ASSIGNMENT (( #759 ) ) ;
#2310 = FACE_BOUND ( 'NONE', #2466, .T. ) ;
#2311 =( NAMED_UNIT ( * ) SI_UNIT ( $, .STERADIAN. ) SOLID_ANGLE_UNIT ( ) );
#2312 = AXIS2_PLACEMENT_3D ( 'NONE', #1020, #2834, #1705 ) ;
#2313 =( LENGTH_UNIT ( ) NAMED_UNIT ( * ) SI_UNIT ( .MILLI., .METRE. ) );
#2314 = CARTESIAN_POINT ( 'NONE',  ( -44.20000000000000284, 3.349999999999999645, -21.80000000000000071 ) ) ;
#2315 = DIRECTION ( 'NONE',  ( 6.646450099527988516E-17, 0.000000000000000000, -1.000000000000000000 ) ) ;
#2316 = CARTESIAN_POINT ( 'NONE',  ( 51.20000000000000284, 11.69999999999999929, -15.79999999999999538 ) ) ;
#2317 = ORIENTED_EDGE ( 'NONE', *, *, #2722, .F. ) ;
#2318 = ADVANCED_FACE ( 'NONE', ( #1344 ), #2196, .T. ) ;
#2319 = FILL_AREA_STYLE ('',( #1603 ) ) ;
#2320 = FILL_AREA_STYLE ('',( #752 ) ) ;
#2321 = COLOUR_RGB ( '',0.9607843137254902244, 0.03921568627450980338, 0.03921568627450980338 ) ;
#2322 = ADVANCED_FACE ( 'NONE', ( #153 ), #2225, .T. ) ;
#2323 = PRESENTATION_LAYER_ASSIGNMENT (  '', '', ( #658 ) ) ;
#2324 = AXIS2_PLACEMENT_3D ( 'NONE', #887, #2464, #1745 ) ;
#2325 =( LENGTH_UNIT ( ) NAMED_UNIT ( * ) SI_UNIT ( .MILLI., .METRE. ) );
#2326 = UNCERTAINTY_MEASURE_WITH_UNIT (LENGTH_MEASURE( 1.000000000000000082E-05 ), #570, 'distance_accuracy_value', 'NONE');
#2327 = AXIS2_PLACEMENT_3D ( 'NONE', #111, #2847, #2371 ) ;
#2328 = EDGE_LOOP ( 'NONE', ( #782, #2485, #1117, #856 ) ) ;
#2329 = DIRECTION ( 'NONE',  ( -0.000000000000000000, -0.000000000000000000, -1.000000000000000000 ) ) ;
#2330 = ORIENTED_EDGE ( 'NONE', *, *, #2877, .F. ) ;
#2331 =( LENGTH_UNIT ( ) NAMED_UNIT ( * ) SI_UNIT ( .MILLI., .METRE. ) );
#2332 = LINE ( 'NONE', #986, #1992 ) ;
#2333 =( GEOMETRIC_REPRESENTATION_CONTEXT ( 3 ) GLOBAL_UNCERTAINTY_ASSIGNED_CONTEXT ( ( #567 ) ) GLOBAL_UNIT_ASSIGNED_CONTEXT ( ( #2420, #1282, #2900 ) ) REPRESENTATION_CONTEXT ( 'NONE', 'WORKASPACE' ) );
#2334 = FILL_AREA_STYLE_COLOUR ( '', #1410 ) ;
#2335 = SURFACE_STYLE_USAGE ( .BOTH. , #2112 ) ;
#2336 = SURFACE_STYLE_USAGE ( .BOTH. , #1614 ) ;
#2337 = EDGE_LOOP ( 'NONE', ( #693, #881, #764, #272 ) ) ;
#2338 = MECHANICAL_DESIGN_GEOMETRIC_PRESENTATION_REPRESENTATION (  '', ( #50 ), #1447 ) ;
#2339 = VERTEX_POINT ( 'NONE', #2241 ) ;
#2340 = LINE ( 'NONE', #1821, #264 ) ;
#2341 = EDGE_CURVE ( 'NONE', #1774, #1319, #452, .T. ) ;
#2342 = CARTESIAN_POINT ( 'NONE',  ( -35.29999999999999005, 12.69999999999999929, 13.19999999999999929 ) ) ;
#2343 = VERTEX_POINT ( 'NONE', #1809 ) ;
#2344 =( NAMED_UNIT ( * ) SI_UNIT ( $, .STERADIAN. ) SOLID_ANGLE_UNIT ( ) );
#2345 = SURFACE_STYLE_USAGE ( .BOTH. , #1879 ) ;
#2347 = VECTOR ( 'NONE', #561, 1000.000000000000000 ) ;
#2346 = DIRECTION ( 'NONE',  ( 6.646450099527995912E-17, -0.000000000000000000, -1.000000000000000000 ) ) ;
#2348 = ORIENTED_EDGE ( 'NONE', *, *, #2542, .F. ) ;
#2349 =( NAMED_UNIT ( * ) PLANE_ANGLE_UNIT ( ) SI_UNIT ( $, .RADIAN. ) );
#2350 = UNCERTAINTY_MEASURE_WITH_UNIT (LENGTH_MEASURE( 1.000000000000000082E-05 ), #1970, 'distance_accuracy_value', 'NONE');
#2351 = EDGE_LOOP ( 'NONE', ( #2781, #794, #269, #1882, #1833 ) ) ;
#2352 = EDGE_CURVE ( 'NONE', #2222, #2914, #2741, .T. ) ;
#2353 = CARTESIAN_POINT ( 'NONE',  ( -42.20000000000000284, 2.699999999999999289, -16.80000000000000071 ) ) ;
#2354 = DIRECTION ( 'NONE',  ( 0.000000000000000000, 0.000000000000000000, -1.000000000000000000 ) ) ;
#2355 = COLOUR_RGB ( '',0.9607843137254902244, 0.03921568627450980338, 0.03921568627450980338 ) ;
#2356 =( NAMED_UNIT ( * ) PLANE_ANGLE_UNIT ( ) SI_UNIT ( $, .RADIAN. ) );
#2357 = MECHANICAL_DESIGN_GEOMETRIC_PRESENTATION_REPRESENTATION (  '', ( #1980 ), #2437 ) ;
#2358 = ORIENTED_EDGE ( 'NONE', *, *, #1676, .F. ) ;
#2359 = DIRECTION ( 'NONE',  ( -1.000000000000000000, -0.000000000000000000, 0.000000000000000000 ) ) ;
#2360 = DIRECTION ( 'NONE',  ( -0.000000000000000000, -0.000000000000000000, -1.000000000000000000 ) ) ;
#2361 = PRESENTATION_LAYER_ASSIGNMENT (  '', '', ( #1518 ) ) ;
#2362 = VERTEX_POINT ( 'NONE', #1617 ) ;
#2363 = DIRECTION ( 'NONE',  ( 6.646450099527995912E-17, -0.000000000000000000, -1.000000000000000000 ) ) ;
#2364 = STYLED_ITEM ( 'NONE', ( #1956 ), #592 ) ;
#2365 = MECHANICAL_DESIGN_GEOMETRIC_PRESENTATION_REPRESENTATION (  '', ( #2605 ), #563 ) ;
#2366 = FILL_AREA_STYLE ('',( #2161 ) ) ;
#2367 = MECHANICAL_DESIGN_GEOMETRIC_PRESENTATION_REPRESENTATION (  '', ( #2507 ), #2227 ) ;
#2368 = ADVANCED_FACE ( 'NONE', ( #2758 ), #1179, .T. ) ;
#2369 = AXIS2_PLACEMENT_3D ( 'NONE', #919, #1385, #2106 ) ;
#2370 = FILL_AREA_STYLE ('',( #1940 ) ) ;
#2371 = DIRECTION ( 'NONE',  ( 0.000000000000000000, 0.000000000000000000, 1.000000000000000000 ) ) ;
#2372 = EDGE_CURVE ( 'NONE', #2955, #1912, #2074, .T. ) ;
#2373 = SURFACE_STYLE_USAGE ( .BOTH. , #2848 ) ;
#2374 = AXIS2_PLACEMENT_3D ( 'NONE', #2563, #982, #2795 ) ;
#2375 = EDGE_LOOP ( 'NONE', ( #2023, #1607, #2961 ) ) ;
#2376 = FILL_AREA_STYLE ('',( #1483 ) ) ;
#2377 =( GEOMETRIC_REPRESENTATION_CONTEXT ( 3 ) GLOBAL_UNCERTAINTY_ASSIGNED_CONTEXT ( ( #168 ) ) GLOBAL_UNIT_ASSIGNED_CONTEXT ( ( #1031, #130, #808 ) ) REPRESENTATION_CONTEXT ( 'NONE', 'WORKASPACE' ) );
#2378 = DIRECTION ( 'NONE',  ( 6.646450099527995912E-17, -0.000000000000000000, 1.000000000000000000 ) ) ;
#2379 = UNCERTAINTY_MEASURE_WITH_UNIT (LENGTH_MEASURE( 1.000000000000000082E-05 ), #2313, 'distance_accuracy_value', 'NONE');
#2380 = DIRECTION ( 'NONE',  ( 0.000000000000000000, 0.000000000000000000, -1.000000000000000000 ) ) ;
#2381 = SURFACE_STYLE_USAGE ( .BOTH. , #828 ) ;
#2382 = FACE_OUTER_BOUND ( 'NONE', #73, .T. ) ;
#2383 = CARTESIAN_POINT ( 'NONE',  ( 0.000000000000000000, 11.69999999999999929, -15.80009999999999692 ) ) ;
#2384 = SURFACE_STYLE_USAGE ( .BOTH. , #1739 ) ;
#2385 = DIRECTION ( 'NONE',  ( -1.000000000000000000, 0.000000000000000000, 6.646450099527995912E-17 ) ) ;
#2386 = DIRECTION ( 'NONE',  ( 0.000000000000000000, 1.000000000000000000, 0.000000000000000000 ) ) ;
#2387 = STYLED_ITEM ( 'NONE', ( #505 ), #1064 ) ;
#2388 = EDGE_CURVE ( 'NONE', #766, #1238, #596, .T. ) ;
#2389 = STYLED_ITEM ( 'NONE', ( #2749 ), #1728 ) ;
#2390 = ORIENTED_EDGE ( 'NONE', *, *, #421, .T. ) ;
#2391 = DIRECTION ( 'NONE',  ( -1.000000000000000000, 0.000000000000000000, 0.000000000000000000 ) ) ;
#2392 = DIRECTION ( 'NONE',  ( 0.000000000000000000, 1.000000000000000000, 0.000000000000000000 ) ) ;
#2393 = FACE_OUTER_BOUND ( 'NONE', #1616, .T. ) ;
#2394 = CARTESIAN_POINT ( 'NONE',  ( -47.20000000000002416, 1.099999999999999423, 16.80000000000000071 ) ) ;
#2395 = DIRECTION ( 'NONE',  ( -1.000000000000000000, 0.000000000000000000, 0.000000000000000000 ) ) ;
#2396 =( NAMED_UNIT ( * ) PLANE_ANGLE_UNIT ( ) SI_UNIT ( $, .RADIAN. ) );
#2397 = PLANE ( 'NONE',  #2904 ) ;
#2398 =( NAMED_UNIT ( * ) PLANE_ANGLE_UNIT ( ) SI_UNIT ( $, .RADIAN. ) );
#2399 = VECTOR ( 'NONE', #504, 1000.000000000000000 ) ;
#2400 = ORIENTED_EDGE ( 'NONE', *, *, #1365, .F. ) ;
#2401 =( LENGTH_UNIT ( ) NAMED_UNIT ( * ) SI_UNIT ( .MILLI., .METRE. ) );
#2402 = PRESENTATION_STYLE_ASSIGNMENT (( #1514 ) ) ;
#2403 = EDGE_CURVE ( 'NONE', #690, #398, #2288, .T. ) ;
#2404 = UNCERTAINTY_MEASURE_WITH_UNIT (LENGTH_MEASURE( 1.000000000000000082E-05 ), #2012, 'distance_accuracy_value', 'NONE');
#2405 = EDGE_CURVE ( 'NONE', #2222, #1383, #1665, .T. ) ;
#2406 =( LENGTH_UNIT ( ) NAMED_UNIT ( * ) SI_UNIT ( .MILLI., .METRE. ) );
#2407 = DIRECTION ( 'NONE',  ( 1.000000000000000000, 0.000000000000000000, -0.000000000000000000 ) ) ;
#2408 =( GEOMETRIC_REPRESENTATION_CONTEXT ( 3 ) GLOBAL_UNCERTAINTY_ASSIGNED_CONTEXT ( ( #1734 ) ) GLOBAL_UNIT_ASSIGNED_CONTEXT ( ( #1311, #2396, #1089 ) ) REPRESENTATION_CONTEXT ( 'NONE', 'WORKASPACE' ) );
#2409 = PRESENTATION_STYLE_ASSIGNMENT (( #2636 ) ) ;
#2410 = CARTESIAN_POINT ( 'NONE',  ( -42.20000000000000284, 11.70000000000000107, 15.80000000000000071 ) ) ;
#2411 = VECTOR ( 'NONE', #625, 1000.000000000000000 ) ;
#2412 = VECTOR ( 'NONE', #245, 1000.000000000000000 ) ;
#2413 = VECTOR ( 'NONE', #1206, 1000.000000000000000 ) ;
#2414 = DIRECTION ( 'NONE',  ( 1.000000000000000000, 0.000000000000000000, 0.000000000000000000 ) ) ;
#2415 = CARTESIAN_POINT ( 'NONE',  ( -22.19999999999999574, -11.69999999999999929, -16.80000000000000071 ) ) ;
#2416 =( LENGTH_UNIT ( ) NAMED_UNIT ( * ) SI_UNIT ( .MILLI., .METRE. ) );
#2417 = ORIENTED_EDGE ( 'NONE', *, *, #2003, .F. ) ;
#2418 = DIRECTION ( 'NONE',  ( -0.000000000000000000, -0.000000000000000000, -1.000000000000000000 ) ) ;
#2419 = PRODUCT_DEFINITION ( 'UNKNOWN', '', #2611, #405 ) ;
#2420 =( LENGTH_UNIT ( ) NAMED_UNIT ( * ) SI_UNIT ( .MILLI., .METRE. ) );
#2421 = CIRCLE ( 'NONE', #1150, 1.899999999999999023 ) ;
#2422 = CARTESIAN_POINT ( 'NONE',  ( 29.50000000000000711, -12.70009999999999906, -10.50000000000000000 ) ) ;
#2423 = CARTESIAN_POINT ( 'NONE',  ( 40.50000000000000000, 12.70009999999999906, -11.19999999999999929 ) ) ;
#2424 = EDGE_CURVE ( 'NONE', #25, #1395, #1885, .T. ) ;
#2425 =( NAMED_UNIT ( * ) SI_UNIT ( $, .STERADIAN. ) SOLID_ANGLE_UNIT ( ) );
#2426 =( LENGTH_UNIT ( ) NAMED_UNIT ( * ) SI_UNIT ( .MILLI., .METRE. ) );
#2427 = DIRECTION ( 'NONE',  ( 0.000000000000000000, 0.000000000000000000, 1.000000000000000000 ) ) ;
#2428 = CARTESIAN_POINT ( 'NONE',  ( -37.29999999999999005, 12.70009999999999906, -11.19999999999999929 ) ) ;
#2429 = ORIENTED_EDGE ( 'NONE', *, *, #1645, .T. ) ;
#2430 = CARTESIAN_POINT ( 'NONE',  ( -52.20000000000000284, -11.69999999999999929, -15.80000000000000071 ) ) ;
#2431 = LINE ( 'NONE', #1600, #2467 ) ;
#2432 = CARTESIAN_POINT ( 'NONE',  ( 40.50000000000000000, 12.70009999999999906, -11.19999999999999929 ) ) ;
#2433 = CARTESIAN_POINT ( 'NONE',  ( -23.39999999999998792, -12.70009999999999906, -12.50000000000000000 ) ) ;
#2434 = UNCERTAINTY_MEASURE_WITH_UNIT (LENGTH_MEASURE( 1.000000000000000082E-05 ), #487, 'distance_accuracy_value', 'NONE');
#2435 = SURFACE_STYLE_FILL_AREA ( #1292 ) ;
#2436 = CIRCLE ( 'NONE', #1694, 1.000000000000000888 ) ;
#2437 =( GEOMETRIC_REPRESENTATION_CONTEXT ( 3 ) GLOBAL_UNCERTAINTY_ASSIGNED_CONTEXT ( ( #2899 ) ) GLOBAL_UNIT_ASSIGNED_CONTEXT ( ( #2852, #1708, #825 ) ) REPRESENTATION_CONTEXT ( 'NONE', 'WORKASPACE' ) );
#2438 = SURFACE_STYLE_FILL_AREA ( #2624 ) ;
#2439 = EDGE_CURVE ( 'NONE', #1772, #1340, #2739, .T. ) ;
#2440 = CARTESIAN_POINT ( 'NONE',  ( 42.50000000000000000, 12.70009999999999906, -11.19999999999999929 ) ) ;
#2441 = DIRECTION ( 'NONE',  ( 0.000000000000000000, 0.000000000000000000, 1.000000000000000000 ) ) ;
#2442 = EDGE_CURVE ( 'NONE', #1682, #2101, #2340, .T. ) ;
#2443 = EDGE_LOOP ( 'NONE', ( #977, #1588, #2672, #45 ) ) ;
#2444 = DIRECTION ( 'NONE',  ( -6.646450099527995912E-17, 0.000000000000000000, 1.000000000000000000 ) ) ;
#2445 = LINE ( 'NONE', #650, #425 ) ;
#2446 = EDGE_LOOP ( 'NONE', ( #2461, #2895, #1147, #1997 ) ) ;
#2447 = EDGE_LOOP ( 'NONE', ( #1173, #2348, #1994, #1839 ) ) ;
#2448 = SURFACE_STYLE_USAGE ( .BOTH. , #1887 ) ;
#2449 = STYLED_ITEM ( 'NONE', ( #2586 ), #2552 ) ;
#2450 = SURFACE_STYLE_USAGE ( .BOTH. , #2697 ) ;
#2451 =( NAMED_UNIT ( * ) SI_UNIT ( $, .STERADIAN. ) SOLID_ANGLE_UNIT ( ) );
#2452 = CARTESIAN_POINT ( 'NONE',  ( 40.50000000000000000, 12.70009999999999906, 13.19999999999999929 ) ) ;
#2453 = ORIENTED_EDGE ( 'NONE', *, *, #873, .T. ) ;
#2454 = PLANE ( 'NONE',  #1415 ) ;
#2455 = EDGE_LOOP ( 'NONE', ( #2055, #2268, #2287 ) ) ;
#2456 = FILL_AREA_STYLE_COLOUR ( '', #2903 ) ;
#2457 = DIRECTION ( 'NONE',  ( 0.000000000000000000, 0.000000000000000000, 1.000000000000000000 ) ) ;
#2458 = ORIENTED_EDGE ( 'NONE', *, *, #2123, .T. ) ;
#2459 = EDGE_CURVE ( 'NONE', #2917, #1372, #2509, .T. ) ;
#2460 = COLOUR_RGB ( '',0.7921568627450980005, 0.8196078431372548767, 0.9333333333333333481 ) ;
#2461 = ORIENTED_EDGE ( 'NONE', *, *, #1320, .F. ) ;
#2462 = DIRECTION ( 'NONE',  ( -1.000000000000000000, 0.000000000000000000, -0.000000000000000000 ) ) ;
#2463 = FILL_AREA_STYLE_COLOUR ( '', #1883 ) ;
#2464 = DIRECTION ( 'NONE',  ( 0.000000000000000000, -1.000000000000000000, 0.000000000000000000 ) ) ;
#2465 = DIRECTION ( 'NONE',  ( -1.000000000000000000, -0.000000000000000000, -0.000000000000000000 ) ) ;
#2466 = EDGE_LOOP ( 'NONE', ( #2105, #2674, #414, #55, #2791, #544, #1397, #2934 ) ) ;
#2467 = VECTOR ( 'NONE', #1587, 1000.000000000000000 ) ;
#2468 = CARTESIAN_POINT ( 'NONE',  ( 40.50000000000000000, 12.70009999999999906, -13.19999999999999929 ) ) ;
#2469 = DIRECTION ( 'NONE',  ( 0.000000000000000000, 0.000000000000000000, -1.000000000000000000 ) ) ;
#2470 = EDGE_LOOP ( 'NONE', ( #2738, #2820 ) ) ;
#2471 = DIRECTION ( 'NONE',  ( -0.000000000000000000, -0.000000000000000000, -1.000000000000000000 ) ) ;
#2472 = VERTEX_POINT ( 'NONE', #2043 ) ;
#2473 = ADVANCED_FACE ( 'NONE', ( #2303 ), #2967, .T. ) ;
#2474 = ORIENTED_EDGE ( 'NONE', *, *, #131, .F. ) ;
#2475 = DIRECTION ( 'NONE',  ( -0.000000000000000000, -1.000000000000000000, -0.000000000000000000 ) ) ;
#2476 = EDGE_CURVE ( 'NONE', #1808, #2966, #454, .T. ) ;
#2477 = COLOUR_RGB ( '',0.5019607843137254832, 0.5019607843137254832, 0.5019607843137254832 ) ;
#2478 = STYLED_ITEM ( 'NONE', ( #657 ), #1589 ) ;
#2479 = DIRECTION ( 'NONE',  ( 0.000000000000000000, 0.000000000000000000, 1.000000000000000000 ) ) ;
#2480 = DIRECTION ( 'NONE',  ( -1.000000000000000000, 0.000000000000000000, -6.646450099527995912E-17 ) ) ;
#2481 = AXIS2_PLACEMENT_3D ( 'NONE', #598, #1917, #326 ) ;
#2482 = CARTESIAN_POINT ( 'NONE',  ( -23.39999999999998792, -12.70009999999999906, 10.50000000000000000 ) ) ;
#2483 = ORIENTED_EDGE ( 'NONE', *, *, #402, .T. ) ;
#2484 = FACE_OUTER_BOUND ( 'NONE', #688, .T. ) ;
#2485 = ORIENTED_EDGE ( 'NONE', *, *, #2740, .T. ) ;
#2486 = VERTEX_POINT ( 'NONE', #474 ) ;
#2487 = CARTESIAN_POINT ( 'NONE',  ( -22.19999999999999574, -12.69999999999999929, -15.80009999999999692 ) ) ;
#2488 = SURFACE_SIDE_STYLE ('',( #1604 ) ) ;
#2489 = EDGE_CURVE ( 'NONE', #1595, #2179, #684, .T. ) ;
#2490 = PRESENTATION_LAYER_ASSIGNMENT (  '', '', ( #1424 ) ) ;
#2491 = SURFACE_STYLE_FILL_AREA ( #1431 ) ;
#2492 = CIRCLE ( 'NONE', #1314, 1.899999999999999023 ) ;
#2493 = CARTESIAN_POINT ( 'NONE',  ( -42.20000000000000284, 11.70000000000000107, -16.80000000000000071 ) ) ;
#2494 = EDGE_CURVE ( 'NONE', #1847, #2062, #2028, .T. ) ;
#2495 = DIRECTION ( 'NONE',  ( 0.000000000000000000, 0.000000000000000000, -1.000000000000000000 ) ) ;
#2496 = CARTESIAN_POINT ( 'NONE',  ( -23.39999999999998792, -12.70009999999999906, -12.50000000000000000 ) ) ;
#2497 = CARTESIAN_POINT ( 'NONE',  ( -42.20000000000000284, 12.69999999749999908, 15.80009999999974823 ) ) ;
#2498 =( GEOMETRIC_REPRESENTATION_CONTEXT ( 3 ) GLOBAL_UNCERTAINTY_ASSIGNED_CONTEXT ( ( #836 ) ) GLOBAL_UNIT_ASSIGNED_CONTEXT ( ( #595, #146, #2425 ) ) REPRESENTATION_CONTEXT ( 'NONE', 'WORKASPACE' ) );
#2499 = VERTEX_POINT ( 'NONE', #305 ) ;
#2500 = DIRECTION ( 'NONE',  ( -1.000000000000000000, 0.000000000000000000, 0.000000000000000000 ) ) ;
#2501 = CIRCLE ( 'NONE', #901, 1.899999999999999023 ) ;
#2502 = ORIENTED_EDGE ( 'NONE', *, *, #609, .F. ) ;
#2503 = STYLED_ITEM ( 'NONE', ( #342 ), #2804 ) ;
#2504 = MECHANICAL_DESIGN_GEOMETRIC_PRESENTATION_REPRESENTATION (  '', ( #1475 ), #2512 ) ;
#2505 = PRESENTATION_LAYER_ASSIGNMENT (  '', '', ( #850 ) ) ;
#2506 = AXIS2_PLACEMENT_3D ( 'NONE', #426, #1347, #145 ) ;
#2507 = STYLED_ITEM ( 'NONE', ( #1403 ), #2965 ) ;
#2508 = EDGE_LOOP ( 'NONE', ( #2009, #2358, #11, #913 ) ) ;
#2509 = LINE ( 'NONE', #733, #2399 ) ;
#2510 = SURFACE_STYLE_USAGE ( .BOTH. , #281 ) ;
#2511 = VECTOR ( 'NONE', #2638, 1000.000000000000000 ) ;
#2512 =( GEOMETRIC_REPRESENTATION_CONTEXT ( 3 ) GLOBAL_UNCERTAINTY_ASSIGNED_CONTEXT ( ( #623 ) ) GLOBAL_UNIT_ASSIGNED_CONTEXT ( ( #2426, #2682, #890 ) ) REPRESENTATION_CONTEXT ( 'NONE', 'WORKASPACE' ) );
#2513 = SURFACE_STYLE_USAGE ( .BOTH. , #2762 ) ;
#2514 =( LENGTH_UNIT ( ) NAMED_UNIT ( * ) SI_UNIT ( .MILLI., .METRE. ) );
#2515 = AXIS2_PLACEMENT_3D ( 'NONE', #2831, #793, #2614 ) ;
#2516 = ORIENTED_EDGE ( 'NONE', *, *, #701, .F. ) ;
#2517 = LINE ( 'NONE', #1168, #572 ) ;
#2518 = STYLED_ITEM ( 'NONE', ( #119 ), #891 ) ;
#2519 = EDGE_CURVE ( 'NONE', #1816, #166, #2850, .T. ) ;
#2520 = STYLED_ITEM ( 'NONE', ( #274 ), #1411 ) ;
#2521 = EDGE_CURVE ( 'NONE', #2681, #151, #1221, .T. ) ;
#2522 = DIRECTION ( 'NONE',  ( -1.000000000000000000, 0.000000000000000000, 0.000000000000000000 ) ) ;
#2523 = ORIENTED_EDGE ( 'NONE', *, *, #334, .T. ) ;
#2524 = CARTESIAN_POINT ( 'NONE',  ( -47.20000000000002416, 1.099999999999999423, 19.79999999999999716 ) ) ;
#2525 = DIRECTION ( 'NONE',  ( 1.000000000000000000, 0.000000000000000000, 0.000000000000000000 ) ) ;
#2526 = ORIENTED_EDGE ( 'NONE', *, *, #1404, .T. ) ;
#2527 = CARTESIAN_POINT ( 'NONE',  ( -46.10000000000000142, 3.350000000000000089, -21.80000000000000071 ) ) ;
#2528 = UNCERTAINTY_MEASURE_WITH_UNIT (LENGTH_MEASURE( 1.000000000000000082E-05 ), #2331, 'distance_accuracy_value', 'NONE');
#2529 = ORIENTED_EDGE ( 'NONE', *, *, #311, .F. ) ;
#2530 = CARTESIAN_POINT ( 'NONE',  ( -42.20000000000000284, 2.699999999999999289, 15.80000000000000071 ) ) ;
#2531 = AXIS2_PLACEMENT_3D ( 'NONE', #2193, #2835, #2392 ) ;
#2532 = ORIENTED_EDGE ( 'NONE', *, *, #1022, .F. ) ;
#2533 = AXIS2_PLACEMENT_3D ( 'NONE', #489, #900, #2256 ) ;
#2534 = FILL_AREA_STYLE ('',( #2767 ) ) ;
#2535 = EDGE_CURVE ( 'NONE', #1375, #166, #940, .T. ) ;
#2536 = CARTESIAN_POINT ( 'NONE',  ( -51.20000000000000284, 2.699999999999999289, -16.80000000000000071 ) ) ;
#2537 = VECTOR ( 'NONE', #2569, 1000.000000000000000 ) ;
#2538 = ORIENTED_EDGE ( 'NONE', *, *, #2489, .T. ) ;
#2539 = DIRECTION ( 'NONE',  ( -1.000000000000000000, 0.000000000000000000, 0.000000000000000000 ) ) ;
#2540 = SURFACE_STYLE_FILL_AREA ( #1441 ) ;
#2541 = CIRCLE ( 'NONE', #883, 9.000000000000001776 ) ;
#2542 = EDGE_CURVE ( 'NONE', #531, #1376, #1921, .T. ) ;
#2543 = EDGE_LOOP ( 'NONE', ( #2693, #1835, #2017, #1802 ) ) ;
#2544 = DIRECTION ( 'NONE',  ( -1.365923996832131609E-16, 1.000000000000000000, 0.000000000000000000 ) ) ;
#2545 =( LENGTH_UNIT ( ) NAMED_UNIT ( * ) SI_UNIT ( .MILLI., .METRE. ) );
#2546 = ORIENTED_EDGE ( 'NONE', *, *, #1346, .T. ) ;
#2547 = LINE ( 'NONE', #1433, #721 ) ;
#2548 = AXIS2_PLACEMENT_3D ( 'NONE', #518, #233, #751 ) ;
#2549 = COLOUR_RGB ( '',0.9607843137254902244, 0.03921568627450980338, 0.03921568627450980338 ) ;
#2550 = DIRECTION ( 'NONE',  ( -1.000000000000000000, -0.000000000000000000, -0.000000000000000000 ) ) ;
#2551 = PLANE ( 'NONE',  #1507 ) ;
#2552 = ADVANCED_FACE ( 'NONE', ( #1261 ), #295, .T. ) ;
#2553 = DIRECTION ( 'NONE',  ( -0.000000000000000000, 1.000000000000000000, -0.000000000000000000 ) ) ;
#2554 = VERTEX_POINT ( 'NONE', #1934 ) ;
#2555 =( GEOMETRIC_REPRESENTATION_CONTEXT ( 3 ) GLOBAL_UNCERTAINTY_ASSIGNED_CONTEXT ( ( #2326 ) ) GLOBAL_UNIT_ASSIGNED_CONTEXT ( ( #570, #2790, #484 ) ) REPRESENTATION_CONTEXT ( 'NONE', 'WORKASPACE' ) );
#2556 = EDGE_CURVE ( 'NONE', #1482, #531, #579, .T. ) ;
#2557 = EDGE_LOOP ( 'NONE', ( #2024, #101, #947, #1947 ) ) ;
#2558 = DIRECTION ( 'NONE',  ( 0.000000000000000000, -1.000000000000000000, 0.000000000000000000 ) ) ;
#2559 = AXIS2_PLACEMENT_3D ( 'NONE', #2279, #1388, #2262 ) ;
#2560 = VECTOR ( 'NONE', #1018, 1000.000000000000000 ) ;
#2561 = SURFACE_STYLE_FILL_AREA ( #1667 ) ;
#2562 = UNCERTAINTY_MEASURE_WITH_UNIT (LENGTH_MEASURE( 1.000000000000000082E-05 ), #78, 'distance_accuracy_value', 'NONE');
#2563 = CARTESIAN_POINT ( 'NONE',  ( 27.50000000000000000, -12.70009999999999906, 10.50000000000000000 ) ) ;
#2564 = DIRECTION ( 'NONE',  ( -0.000000000000000000, -1.000000000000000000, -0.000000000000000000 ) ) ;
#2565 = CARTESIAN_POINT ( 'NONE',  ( -42.20000000000000284, 11.69999999999999929, 16.80009999999999692 ) ) ;
#2566 =( LENGTH_UNIT ( ) NAMED_UNIT ( * ) SI_UNIT ( .MILLI., .METRE. ) );
#2567 = CYLINDRICAL_SURFACE ( 'NONE', #1279, 0.9499999999999995115 ) ;
#2568 = AXIS2_PLACEMENT_3D ( 'NONE', #1702, #600, #2181 ) ;
#2569 = DIRECTION ( 'NONE',  ( -1.365923996832131609E-16, 1.000000000000000000, -0.000000000000000000 ) ) ;
#2570 = ORIENTED_EDGE ( 'NONE', *, *, #2405, .F. ) ;
#2571 = AXIS2_PLACEMENT_3D ( 'NONE', #2383, #2775, #1209 ) ;
#2572 = ORIENTED_EDGE ( 'NONE', *, *, #538, .F. ) ;
#2573 = DIRECTION ( 'NONE',  ( 6.646450099527995912E-17, -0.000000000000000000, 1.000000000000000000 ) ) ;
#2574 = DIRECTION ( 'NONE',  ( 6.646450099527988516E-17, 0.000000000000000000, 1.000000000000000000 ) ) ;
#2575 = EDGE_CURVE ( 'NONE', #2010, #1793, #1844, .T. ) ;
#2576 = SURFACE_STYLE_USAGE ( .BOTH. , #2813 ) ;
#2577 = LINE ( 'NONE', #541, #765 ) ;
#2578 =( LENGTH_UNIT ( ) NAMED_UNIT ( * ) SI_UNIT ( .MILLI., .METRE. ) );
#2579 = CIRCLE ( 'NONE', #1649, 1.000000000000000888 ) ;
#2580 = CARTESIAN_POINT ( 'NONE',  ( 51.20000000000000284, 11.69999999999999929, -16.79999999999999716 ) ) ;
#2582 = MECHANICAL_DESIGN_GEOMETRIC_PRESENTATION_REPRESENTATION (  '', ( #539 ), #735 ) ;
#2581 = LINE ( 'NONE', #1005, #1086 ) ;
#2583 = AXIS2_PLACEMENT_3D ( 'NONE', #446, #675, #412 ) ;
#2584 = MECHANICAL_DESIGN_GEOMETRIC_PRESENTATION_REPRESENTATION (  '', ( #2158 ), #1925 ) ;
#2585 = VERTEX_POINT ( 'NONE', #2617 ) ;
#2586 = PRESENTATION_STYLE_ASSIGNMENT (( #1691 ) ) ;
#2587 = DIRECTION ( 'NONE',  ( 0.000000000000000000, 0.000000000000000000, 1.000000000000000000 ) ) ;
#2588 = ORIENTED_EDGE ( 'NONE', *, *, #2051, .T. ) ;
#2589 = ADVANCED_FACE ( 'NONE', ( #2143 ), #795, .T. ) ;
#2590 = DIRECTION ( 'NONE',  ( 0.000000000000000000, 0.000000000000000000, 1.000000000000000000 ) ) ;
#2591 = EDGE_CURVE ( 'NONE', #1816, #2952, #552, .T. ) ;
#2592 = AXIS2_PLACEMENT_3D ( 'NONE', #2709, #1196, #2558 ) ;
#2593 = FACE_OUTER_BOUND ( 'NONE', #1571, .T. ) ;
#2594 = VECTOR ( 'NONE', #1910, 1000.000000000000000 ) ;
#2595 = CIRCLE ( 'NONE', #555, 0.9499999999999995115 ) ;
#2596 = CARTESIAN_POINT ( 'NONE',  ( 40.50000000000000000, 12.69999999999999929, 11.19999999999999929 ) ) ;
#2597 = ORIENTED_EDGE ( 'NONE', *, *, #2610, .T. ) ;
#2598 = CARTESIAN_POINT ( 'NONE',  ( -46.25000000000004974, 3.299999999999998934, 19.79999999999999716 ) ) ;
#2599 = SURFACE_STYLE_FILL_AREA ( #1251 ) ;
#2600 = CARTESIAN_POINT ( 'NONE',  ( -42.20000000000000284, 2.699999999999999289, 16.80000000000000071 ) ) ;
#2601 = CIRCLE ( 'NONE', #655, 9.000000000000001776 ) ;
#2602 =( GEOMETRIC_REPRESENTATION_CONTEXT ( 3 ) GLOBAL_UNCERTAINTY_ASSIGNED_CONTEXT ( ( #1070 ) ) GLOBAL_UNIT_ASSIGNED_CONTEXT ( ( #2930, #140, #1338 ) ) REPRESENTATION_CONTEXT ( 'NONE', 'WORKASPACE' ) );
#2603 = DIRECTION ( 'NONE',  ( 1.000000000000000000, 0.000000000000000000, 0.000000000000000000 ) ) ;
#2604 = AXIS2_PLACEMENT_3D ( 'NONE', #2925, #2651, #1984 ) ;
#2605 = STYLED_ITEM ( 'NONE', ( #1778 ), #2140 ) ;
#2606 = CARTESIAN_POINT ( 'NONE',  ( -42.20000000000000284, -2.699999999999999289, -16.80000000000000071 ) ) ;
#2607 =( GEOMETRIC_REPRESENTATION_CONTEXT ( 3 ) GLOBAL_UNCERTAINTY_ASSIGNED_CONTEXT ( ( #2147 ) ) GLOBAL_UNIT_ASSIGNED_CONTEXT ( ( #1545, #2180, #2876 ) ) REPRESENTATION_CONTEXT ( 'NONE', 'WORKASPACE' ) );
#2608 = CARTESIAN_POINT ( 'NONE',  ( 51.20000000000000284, 12.69999999999999929, -15.79999999999999538 ) ) ;
#2609 = AXIS2_PLACEMENT_3D ( 'NONE', #1825, #2728, #689 ) ;
#2610 = EDGE_CURVE ( 'NONE', #1551, #2966, #2080, .T. ) ;
#2611 = PRODUCT_DEFINITION_FORMATION_WITH_SPECIFIED_SOURCE ( 'ANY', '', #1371, .NOT_KNOWN. ) ;
#2612 =( LENGTH_UNIT ( ) NAMED_UNIT ( * ) SI_UNIT ( .MILLI., .METRE. ) );
#2613 = CIRCLE ( 'NONE', #1331, 0.9499999999999995115 ) ;
#2614 = DIRECTION ( 'NONE',  ( 0.000000000000000000, -0.000000000000000000, 1.000000000000000000 ) ) ;
#2615 = ADVANCED_FACE ( 'NONE', ( #1211 ), #265, .T. ) ;
#2616 = ORIENTED_EDGE ( 'NONE', *, *, #2521, .F. ) ;
#2617 = CARTESIAN_POINT ( 'NONE',  ( 27.50000000000000000, -12.70009999999999906, 12.50000000000000000 ) ) ;
#2618 = CARTESIAN_POINT ( 'NONE',  ( 27.50000000000000000, -12.70009999999999906, -12.50000000000000000 ) ) ;
#2619 = CIRCLE ( 'NONE', #2869, 1.000000000000000888 ) ;
#2620 = UNCERTAINTY_MEASURE_WITH_UNIT (LENGTH_MEASURE( 1.000000000000000082E-05 ), #433, 'distance_accuracy_value', 'NONE');
#2621 = AXIS2_PLACEMENT_3D ( 'NONE', #1598, #2204, #2469 ) ;
#2622 = DIRECTION ( 'NONE',  ( -1.000000000000000000, -0.000000000000000000, 0.000000000000000000 ) ) ;
#2623 = DIRECTION ( 'NONE',  ( 1.000000000000000000, 0.000000000000000000, 6.646450099527995912E-17 ) ) ;
#2624 = FILL_AREA_STYLE ('',( #1541 ) ) ;
#2625 = CARTESIAN_POINT ( 'NONE',  ( 51.20000000000000284, -11.69999999999999929, 15.79999999999999538 ) ) ;
#2626 = EDGE_CURVE ( 'NONE', #690, #1902, #1935, .T. ) ;
#2627 = FACE_OUTER_BOUND ( 'NONE', #2302, .T. ) ;
#2628 = VECTOR ( 'NONE', #263, 1000.000000000000000 ) ;
#2629 = ORIENTED_EDGE ( 'NONE', *, *, #1201, .F. ) ;
#2630 = DIRECTION ( 'NONE',  ( -0.000000000000000000, -0.000000000000000000, -1.000000000000000000 ) ) ;
#2631 = CARTESIAN_POINT ( 'NONE',  ( -22.19999999999999929, 12.69999999999999929, -15.79999999999999893 ) ) ;
#2632 = EDGE_CURVE ( 'NONE', #428, #1690, #1428, .T. ) ;
#2633 = VECTOR ( 'NONE', #1701, 1000.000000000000000 ) ;
#2634 = FACE_OUTER_BOUND ( 'NONE', #750, .T. ) ;
#2635 = DIRECTION ( 'NONE',  ( 6.646450099527995912E-17, -0.000000000000000000, 1.000000000000000000 ) ) ;
#2636 = SURFACE_STYLE_USAGE ( .BOTH. , #2902 ) ;
#2637 = DIRECTION ( 'NONE',  ( -1.000000000000000000, 0.000000000000000000, 0.000000000000000000 ) ) ;
#2638 = DIRECTION ( 'NONE',  ( -0.000000000000000000, 1.000000000000000000, -0.000000000000000000 ) ) ;
#2639 =( LENGTH_UNIT ( ) NAMED_UNIT ( * ) SI_UNIT ( .MILLI., .METRE. ) );
#2640 = VERTEX_POINT ( 'NONE', #2896 ) ;
#2641 = CARTESIAN_POINT ( 'NONE',  ( -48.15000000000004832, 3.299999999999998934, 19.79999999999999716 ) ) ;
#2642 = EDGE_CURVE ( 'NONE', #490, #1774, #362, .T. ) ;
#2643 = CARTESIAN_POINT ( 'NONE',  ( -42.20000000000000284, -2.699999999999999289, -15.80000000000000071 ) ) ;
#2644 = UNCERTAINTY_MEASURE_WITH_UNIT (LENGTH_MEASURE( 1.000000000000000082E-05 ), #496, 'distance_accuracy_value', 'NONE');
#2645 = PRESENTATION_STYLE_ASSIGNMENT (( #2885 ) ) ;
#2646 = LINE ( 'NONE', #2422, #2127 ) ;
#2647 = COLOUR_RGB ( '',0.2509803921568627416, 0.2509803921568627416, 0.2509803921568627416 ) ;
#2648 = FILL_AREA_STYLE ('',( #613 ) ) ;
#2649 = DIRECTION ( 'NONE',  ( -0.000000000000000000, 1.000000000000000000, -0.000000000000000000 ) ) ;
#2650 = COLOUR_RGB ( '',0.5019607843137254832, 0.5019607843137254832, 0.5019607843137254832 ) ;
#2651 = DIRECTION ( 'NONE',  ( -1.000000000000000000, 0.000000000000000000, -0.000000000000000000 ) ) ;
#2652 = TOROIDAL_SURFACE ( 'NONE', #1903, 9.000000000000001776, 1.000000000000000000 ) ;
#2653 =( GEOMETRIC_REPRESENTATION_CONTEXT ( 3 ) GLOBAL_UNCERTAINTY_ASSIGNED_CONTEXT ( ( #997 ) ) GLOBAL_UNIT_ASSIGNED_CONTEXT ( ( #1247, #2356, #1930 ) ) REPRESENTATION_CONTEXT ( 'NONE', 'WORKASPACE' ) );
#2654 = COLOUR_RGB ( '',1.000000000000000000, 1.000000000000000000, 1.000000000000000000 ) ;
#2655 = FILL_AREA_STYLE ('',( #2715 ) ) ;
#2656 =( NAMED_UNIT ( * ) SI_UNIT ( $, .STERADIAN. ) SOLID_ANGLE_UNIT ( ) );
#2657 = DIRECTION ( 'NONE',  ( 0.000000000000000000, -1.000000000000000000, 0.000000000000000000 ) ) ;
#2658 = ORIENTED_EDGE ( 'NONE', *, *, #1404, .F. ) ;
#2659 = DIRECTION ( 'NONE',  ( 1.000000000000000000, -0.000000000000000000, 0.000000000000000000 ) ) ;
#2660 = CARTESIAN_POINT ( 'NONE',  ( -42.20000000000000284, -12.69999999999999929, 16.80009999999999692 ) ) ;
#2661 = ADVANCED_FACE ( 'NONE', ( #1317 ), #621, .T. ) ;
#2662 = DIRECTION ( 'NONE',  ( 3.329603600723238155E-17, 0.000000000000000000, -1.000000000000000000 ) ) ;
#2663 = CARTESIAN_POINT ( 'NONE',  ( -52.20000000000000284, 2.699999999999999289, 15.80000000000000071 ) ) ;
#2664 = VERTEX_POINT ( 'NONE', #2689 ) ;
#2665 = PLANE ( 'NONE',  #2604 ) ;
#2666 = PLANE ( 'NONE',  #13 ) ;
#2667 = SURFACE_SIDE_STYLE ('',( #2190 ) ) ;
#2668 = DIRECTION ( 'NONE',  ( 0.000000000000000000, 1.000000000000000000, 0.000000000000000000 ) ) ;
#2669 = EDGE_LOOP ( 'NONE', ( #2096, #2719, #1548, #648 ) ) ;
#2670 =( LENGTH_UNIT ( ) NAMED_UNIT ( * ) SI_UNIT ( .MILLI., .METRE. ) );
#2671 = DIRECTION ( 'NONE',  ( 0.000000000000000000, -0.000000000000000000, 1.000000000000000000 ) ) ;
#2672 = ORIENTED_EDGE ( 'NONE', *, *, #2170, .F. ) ;
#2673 = AXIS2_PLACEMENT_3D ( 'NONE', #1611, #1633, #2522 ) ;
#2674 = ORIENTED_EDGE ( 'NONE', *, *, #2954, .F. ) ;
#2675 = CARTESIAN_POINT ( 'NONE',  ( 51.20000000000000284, 11.69999999999999929, -15.79999999999999538 ) ) ;
#2676 = CIRCLE ( 'NONE', #1215, 0.9499999999999995115 ) ;
#2677 = ADVANCED_FACE ( 'NONE', ( #1078 ), #1803, .T. ) ;
#2678 = CIRCLE ( 'NONE', #493, 1.000000000000000888 ) ;
#2679 =( LENGTH_UNIT ( ) NAMED_UNIT ( * ) SI_UNIT ( .MILLI., .METRE. ) );
#2680 = DIRECTION ( 'NONE',  ( 0.000000000000000000, 0.000000000000000000, 1.000000000000000000 ) ) ;
#2681 = VERTEX_POINT ( 'NONE', #974 ) ;
#2682 =( NAMED_UNIT ( * ) PLANE_ANGLE_UNIT ( ) SI_UNIT ( $, .RADIAN. ) );
#2683 = EDGE_CURVE ( 'NONE', #1870, #1849, #2, .T. ) ;
#2684 = SURFACE_STYLE_USAGE ( .BOTH. , #393 ) ;
#2685 = ORIENTED_EDGE ( 'NONE', *, *, #2301, .T. ) ;
#2686 = FACE_OUTER_BOUND ( 'NONE', #2337, .T. ) ;
#2687 = CARTESIAN_POINT ( 'NONE',  ( 0.000000000000000000, -11.69999999999999929, 15.80009999999999692 ) ) ;
#2688 = ORIENTED_EDGE ( 'NONE', *, *, #554, .F. ) ;
#2689 = CARTESIAN_POINT ( 'NONE',  ( 27.50000000000000000, -12.69999999999999929, -12.50000000000000000 ) ) ;
#2690 = CARTESIAN_POINT ( 'NONE',  ( -46.10000000000000142, -3.349999999999999201, -21.80000000000000071 ) ) ;
#2691 = ORIENTED_EDGE ( 'NONE', *, *, #148, .T. ) ;
#2692 = AXIS2_PLACEMENT_3D ( 'NONE', #215, #2462, #2935 ) ;
#2693 = ORIENTED_EDGE ( 'NONE', *, *, #2014, .T. ) ;
#2694 = CARTESIAN_POINT ( 'NONE',  ( -44.20000000000000284, 3.349999999999999645, -21.80000000000000071 ) ) ;
#2695 = CARTESIAN_POINT ( 'NONE',  ( -42.20000000000000284, 12.69999999999999929, 16.80009999999999692 ) ) ;
#2696 = AXIS2_PLACEMENT_3D ( 'NONE', #74, #879, #2192 ) ;
#2697 = SURFACE_SIDE_STYLE ('',( #1856 ) ) ;
#2698 = ORIENTED_EDGE ( 'NONE', *, *, #1217, .T. ) ;
#2699 = CARTESIAN_POINT ( 'NONE',  ( -46.10000000000000142, -3.349999999999999201, -16.80000000000000071 ) ) ;
#2700 = ADVANCED_FACE ( 'NONE', ( #2266 ), #1373, .T. ) ;
#2701 = SURFACE_STYLE_USAGE ( .BOTH. , #2928 ) ;
#2702 =( GEOMETRIC_REPRESENTATION_CONTEXT ( 3 ) GLOBAL_UNCERTAINTY_ASSIGNED_CONTEXT ( ( #2620 ) ) GLOBAL_UNIT_ASSIGNED_CONTEXT ( ( #433, #1356, #1613 ) ) REPRESENTATION_CONTEXT ( 'NONE', 'WORKASPACE' ) );
#2703 = ORIENTED_EDGE ( 'NONE', *, *, #361, .F. ) ;
#2704 = SURFACE_SIDE_STYLE ('',( #1995 ) ) ;
#2705 = CARTESIAN_POINT ( 'NONE',  ( -42.20000000000000284, -12.69999999999999929, -15.80000000000000071 ) ) ;
#2706 = ORIENTED_EDGE ( 'NONE', *, *, #835, .F. ) ;
#2707 = VECTOR ( 'NONE', #158, 1000.000000000000000 ) ;
#2708 = ORIENTED_EDGE ( 'NONE', *, *, #100, .F. ) ;
#2709 = CARTESIAN_POINT ( 'NONE',  ( -22.19999999999999574, -11.69999999999999929, 15.80009999999999692 ) ) ;
#2710 = CARTESIAN_POINT ( 'NONE',  ( -46.25000000000002842, 1.099999999999999645, 16.80000000000000071 ) ) ;
#2711 = PRESENTATION_LAYER_ASSIGNMENT (  '', '', ( #616 ) ) ;
#2712 = COLOUR_RGB ( '',0.5019607843137254832, 0.5019607843137254832, 0.5019607843137254832 ) ;
#2713 = PLANE ( 'NONE',  #411 ) ;
#2714 = ORIENTED_EDGE ( 'NONE', *, *, #1663, .T. ) ;
#2715 = FILL_AREA_STYLE_COLOUR ( '', #2786 ) ;
#2716 = ORIENTED_EDGE ( 'NONE', *, *, #378, .F. ) ;
#2717 = FILL_AREA_STYLE ('',( #1315 ) ) ;
#2718 = EDGE_CURVE ( 'NONE', #57, #2640, #408, .T. ) ;
#2719 = ORIENTED_EDGE ( 'NONE', *, *, #2243, .F. ) ;
#2720 = DIRECTION ( 'NONE',  ( 6.646450099527995912E-17, -0.000000000000000000, 1.000000000000000000 ) ) ;
#2721 = ORIENTED_EDGE ( 'NONE', *, *, #1248, .T. ) ;
#2722 = EDGE_CURVE ( 'NONE', #1849, #2191, #1570, .T. ) ;
#2723 = ORIENTED_EDGE ( 'NONE', *, *, #68, .F. ) ;
#2724 = DIRECTION ( 'NONE',  ( 0.000000000000000000, 0.000000000000000000, -1.000000000000000000 ) ) ;
#2725 = DIRECTION ( 'NONE',  ( -1.000000000000000000, 0.000000000000000000, 0.000000000000000000 ) ) ;
#2726 = SURFACE_SIDE_STYLE ('',( #2491 ) ) ;
#2727 = EDGE_LOOP ( 'NONE', ( #961, #2911 ) ) ;
#2728 = DIRECTION ( 'NONE',  ( 6.646450099527995912E-17, -0.000000000000000000, 1.000000000000000000 ) ) ;
#2729 = CARTESIAN_POINT ( 'NONE',  ( 40.50000000000000000, 12.70009999999999906, 11.19999999999999929 ) ) ;
#2730 = ORIENTED_EDGE ( 'NONE', *, *, #797, .F. ) ;
#2731 = SURFACE_STYLE_FILL_AREA ( #707 ) ;
#2732 = CARTESIAN_POINT ( 'NONE',  ( 51.20000000000000284, 12.69999999999999929, 16.79999999999999716 ) ) ;
#2733 = FACE_OUTER_BOUND ( 'NONE', #137, .T. ) ;
#2734 = ORIENTED_EDGE ( 'NONE', *, *, #2405, .T. ) ;
#2735 = CARTESIAN_POINT ( 'NONE',  ( 0.000000000000000000, -11.69999999999999929, -15.80009999999999692 ) ) ;
#2736 = EDGE_LOOP ( 'NONE', ( #2306, #1296 ) ) ;
#2737 = EDGE_CURVE ( 'NONE', #2128, #1870, #1807, .T. ) ;
#2738 = ORIENTED_EDGE ( 'NONE', *, *, #2626, .T. ) ;
#2739 = LINE ( 'NONE', #1871, #1469 ) ;
#2740 = EDGE_CURVE ( 'NONE', #1902, #2472, #2252, .T. ) ;
#2741 = CIRCLE ( 'NONE', #2592, 1.000000000000000888 ) ;
#2742 = AXIS2_PLACEMENT_3D ( 'NONE', #1527, #2622, #2873 ) ;
#2743 = LINE ( 'NONE', #1152, #2115 ) ;
#2744 = ORIENTED_EDGE ( 'NONE', *, *, #1280, .F. ) ;
#2745 = DIRECTION ( 'NONE',  ( 6.646450099527995912E-17, -0.000000000000000000, 1.000000000000000000 ) ) ;
#2746 = ORIENTED_EDGE ( 'NONE', *, *, #1341, .F. ) ;
#2747 =( LENGTH_UNIT ( ) NAMED_UNIT ( * ) SI_UNIT ( .MILLI., .METRE. ) );
#2748 = CARTESIAN_POINT ( 'NONE',  ( -48.14999999999997726, -3.299999999999998934, 16.80000000000000071 ) ) ;
#2749 = PRESENTATION_STYLE_ASSIGNMENT (( #761 ) ) ;
#2750 = MECHANICAL_DESIGN_GEOMETRIC_PRESENTATION_REPRESENTATION (  '', ( #558 ), #2408 ) ;
#2751 = ORIENTED_EDGE ( 'NONE', *, *, #2857, .T. ) ;
#2752 = DIRECTION ( 'NONE',  ( -0.000000000000000000, -1.000000000000000000, -0.000000000000000000 ) ) ;
#2753 = DIRECTION ( 'NONE',  ( 1.000000000000000000, 0.000000000000000000, 0.000000000000000000 ) ) ;
#2754 = AXIS2_PLACEMENT_3D ( 'NONE', #1813, #1971, #1748 ) ;
#2755 =( GEOMETRIC_REPRESENTATION_CONTEXT ( 3 ) GLOBAL_UNCERTAINTY_ASSIGNED_CONTEXT ( ( #2812 ) ) GLOBAL_UNIT_ASSIGNED_CONTEXT ( ( #2325, #266, #443 ) ) REPRESENTATION_CONTEXT ( 'NONE', 'WORKASPACE' ) );
#2756 = AXIS2_PLACEMENT_3D ( 'NONE', #643, #1508, #1333 ) ;
#2757 = VERTEX_POINT ( 'NONE', #1646 ) ;
#2758 = FACE_OUTER_BOUND ( 'NONE', #741, .T. ) ;
#2759 = CYLINDRICAL_SURFACE ( 'NONE', #1966, 1.000000000000000888 ) ;
#2760 = STYLED_ITEM ( 'NONE', ( #2309 ), #44 ) ;
#2761 =( GEOMETRIC_REPRESENTATION_CONTEXT ( 3 ) GLOBAL_UNCERTAINTY_ASSIGNED_CONTEXT ( ( #1502 ) ) GLOBAL_UNIT_ASSIGNED_CONTEXT ( ( #1795, #1419, #1203 ) ) REPRESENTATION_CONTEXT ( 'NONE', 'WORKASPACE' ) );
#2762 = SURFACE_SIDE_STYLE ('',( #1623 ) ) ;
#2763 = EDGE_CURVE ( 'NONE', #1842, #1482, #212, .T. ) ;
#2764 = AXIS2_PLACEMENT_3D ( 'NONE', #1931, #1960, #1479 ) ;
#2765 = ORIENTED_EDGE ( 'NONE', *, *, #1058, .T. ) ;
#2766 = CARTESIAN_POINT ( 'NONE',  ( 29.50000000000000355, -12.70009999999999906, 10.50000000000000000 ) ) ;
#2767 = FILL_AREA_STYLE_COLOUR ( '', #2810 ) ;
#2768 = EDGE_CURVE ( 'NONE', #1300, #938, #1408, .T. ) ;
#2769 = SHAPE_DEFINITION_REPRESENTATION ( #1123, #535 ) ;
#2770 =( GEOMETRIC_REPRESENTATION_CONTEXT ( 3 ) GLOBAL_UNCERTAINTY_ASSIGNED_CONTEXT ( ( #1710 ) ) GLOBAL_UNIT_ASSIGNED_CONTEXT ( ( #622, #1535, #2945 ) ) REPRESENTATION_CONTEXT ( 'NONE', 'WORKASPACE' ) );
#2771 = CARTESIAN_POINT ( 'NONE',  ( -42.20000000000000284, -12.69999999999999929, 0.000000000000000000 ) ) ;
#2772 = SURFACE_SIDE_STYLE ('',( #1866 ) ) ;
#2773 = ORIENTED_EDGE ( 'NONE', *, *, #302, .F. ) ;
#2774 = PRESENTATION_STYLE_ASSIGNMENT (( #1832 ) ) ;
#2775 = DIRECTION ( 'NONE',  ( -1.000000000000000000, 0.000000000000000000, 0.000000000000000000 ) ) ;
#2776 = EDGE_LOOP ( 'NONE', ( #958, #232, #2390, #1077 ) ) ;
#2777 = ORIENTED_EDGE ( 'NONE', *, *, #2915, .T. ) ;
#2778 = DIRECTION ( 'NONE',  ( -0.000000000000000000, -1.000000000000000000, -0.000000000000000000 ) ) ;
#2779 =( LENGTH_UNIT ( ) NAMED_UNIT ( * ) SI_UNIT ( .MILLI., .METRE. ) );
#2780 = UNCERTAINTY_MEASURE_WITH_UNIT (LENGTH_MEASURE( 1.000000000000000082E-05 ), #1560, 'distance_accuracy_value', 'NONE');
#2781 = ORIENTED_EDGE ( 'NONE', *, *, #2632, .T. ) ;
#2782 = CARTESIAN_POINT ( 'NONE',  ( -23.39999999999998792, -12.70009999999999906, -12.50000000000000000 ) ) ;
#2783 = FILL_AREA_STYLE ('',( #1435 ) ) ;
#2784 = CARTESIAN_POINT ( 'NONE',  ( 42.50000000000000000, 12.70009999999999906, 11.19999999999999929 ) ) ;
#2785 = EDGE_CURVE ( 'NONE', #2339, #1355, #2177, .T. ) ;
#2786 = COLOUR_RGB ( '',0.5019607843137254832, 0.5019607843137254832, 0.5019607843137254832 ) ;
#2787 = CYLINDRICAL_SURFACE ( 'NONE', #2673, 0.9499999999999995115 ) ;
#2788 = ORIENTED_EDGE ( 'NONE', *, *, #1624, .F. ) ;
#2789 = CARTESIAN_POINT ( 'NONE',  ( 40.50000000000000000, 12.69999999999999929, -11.19999999999999929 ) ) ;
#2790 =( NAMED_UNIT ( * ) PLANE_ANGLE_UNIT ( ) SI_UNIT ( $, .RADIAN. ) );
#2791 = ORIENTED_EDGE ( 'NONE', *, *, #1034, .F. ) ;
#2792 = VERTEX_POINT ( 'NONE', #2038 ) ;
#2793 = PLANE ( 'NONE',  #1059 ) ;
#2794 = FACE_OUTER_BOUND ( 'NONE', #2736, .T. ) ;
#2795 = DIRECTION ( 'NONE',  ( 0.000000000000000000, 0.000000000000000000, 1.000000000000000000 ) ) ;
#2796 = AXIS2_PLACEMENT_3D ( 'NONE', #2255, #167, #1083 ) ;
#2797 = DIRECTION ( 'NONE',  ( -0.000000000000000000, 1.000000000000000000, -0.000000000000000000 ) ) ;
#2798 =( NAMED_UNIT ( * ) SI_UNIT ( $, .STERADIAN. ) SOLID_ANGLE_UNIT ( ) );
#2799 = MECHANICAL_DESIGN_GEOMETRIC_PRESENTATION_REPRESENTATION (  '', ( #356 ), #2846 ) ;
#2800 = DIRECTION ( 'NONE',  ( 0.000000000000000000, 0.000000000000000000, -1.000000000000000000 ) ) ;
#2801 = ORIENTED_EDGE ( 'NONE', *, *, #1458, .F. ) ;
#2802 = DIRECTION ( 'NONE',  ( -0.000000000000000000, -0.000000000000000000, -1.000000000000000000 ) ) ;
#2803 = ORIENTED_EDGE ( 'NONE', *, *, #907, .F. ) ;
#2804 = ADVANCED_FACE ( 'NONE', ( #2962 ), #226, .T. ) ;
#2805 = ORIENTED_EDGE ( 'NONE', *, *, #870, .F. ) ;
#2806 = SURFACE_STYLE_FILL_AREA ( #114 ) ;
#2807 =( NAMED_UNIT ( * ) SI_UNIT ( $, .STERADIAN. ) SOLID_ANGLE_UNIT ( ) );
#2808 = EDGE_CURVE ( 'NONE', #2362, #2191, #258, .T. ) ;
#2809 = CIRCLE ( 'NONE', #2133, 1.000000000000000888 ) ;
#2810 = COLOUR_RGB ( '',0.5019607843137254832, 0.5019607843137254832, 0.5019607843137254832 ) ;
#2811 = VECTOR ( 'NONE', #1436, 1000.000000000000000 ) ;
#2812 = UNCERTAINTY_MEASURE_WITH_UNIT (LENGTH_MEASURE( 1.000000000000000082E-05 ), #2325, 'distance_accuracy_value', 'NONE');
#2813 = SURFACE_SIDE_STYLE ('',( #322 ) ) ;
#2814 = FACE_OUTER_BOUND ( 'NONE', #37, .T. ) ;
#2815 = LINE ( 'NONE', #773, #2041 ) ;
#2816 = AXIS2_PLACEMENT_3D ( 'NONE', #447, #2034, #2956 ) ;
#2817 = PRESENTATION_STYLE_ASSIGNMENT (( #1515 ) ) ;
#2818 =( NAMED_UNIT ( * ) PLANE_ANGLE_UNIT ( ) SI_UNIT ( $, .RADIAN. ) );
#2819 = CARTESIAN_POINT ( 'NONE',  ( -22.19999999999999574, 11.69999999999999929, 16.80000000000000071 ) ) ;
#2820 = ORIENTED_EDGE ( 'NONE', *, *, #1474, .T. ) ;
#2821 = DIRECTION ( 'NONE',  ( 1.000000000000000000, 0.000000000000000000, -6.646450099527995912E-17 ) ) ;
#2822 = CARTESIAN_POINT ( 'NONE',  ( 51.20000000000000284, 11.69999999999999929, 0.000000000000000000 ) ) ;
#2823 = ADVANCED_FACE ( 'NONE', ( #1040 ), #2139, .T. ) ;
#2824 = ORIENTED_EDGE ( 'NONE', *, *, #206, .T. ) ;
#2825 = FILL_AREA_STYLE_COLOUR ( '', #95 ) ;
#2826 = SURFACE_STYLE_FILL_AREA ( #2366 ) ;
#2827 = SURFACE_STYLE_FILL_AREA ( #2370 ) ;
#2828 = AXIS2_PLACEMENT_3D ( 'NONE', #24, #946, #722 ) ;
#2829 = CARTESIAN_POINT ( 'NONE',  ( -46.25000000000004974, 3.299999999999998934, 19.79999999999999716 ) ) ;
#2830 = CARTESIAN_POINT ( 'NONE',  ( -42.20000000000000284, 12.69999999999999929, 16.80000000000000071 ) ) ;
#2831 = CARTESIAN_POINT ( 'NONE',  ( 0.000000000000000000, 12.69999999999999929, 0.000000000000000000 ) ) ;
#2832 = AXIS2_PLACEMENT_3D ( 'NONE', #2625, #2414, #2354 ) ;
#2833 = EDGE_LOOP ( 'NONE', ( #756, #874, #2330, #2765 ) ) ;
#2834 = DIRECTION ( 'NONE',  ( 0.000000000000000000, 0.000000000000000000, 1.000000000000000000 ) ) ;
#2835 = DIRECTION ( 'NONE',  ( -1.000000000000000000, -1.365923996832131609E-16, -0.000000000000000000 ) ) ;
#2836 = CARTESIAN_POINT ( 'NONE',  ( -46.25000000000004974, 3.299999999999998934, 16.80000000000000071 ) ) ;
#2837 = UNCERTAINTY_MEASURE_WITH_UNIT (LENGTH_MEASURE( 1.000000000000000082E-05 ), #2566, 'distance_accuracy_value', 'NONE');
#2838 = ADVANCED_FACE ( 'NONE', ( #292 ), #1232, .F. ) ;
#2839 = DIRECTION ( 'NONE',  ( -0.000000000000000000, -0.000000000000000000, -1.000000000000000000 ) ) ;
#2840 = DIRECTION ( 'NONE',  ( 0.000000000000000000, 1.000000000000000000, 0.000000000000000000 ) ) ;
#2841 = DIRECTION ( 'NONE',  ( -0.000000000000000000, 0.000000000000000000, 1.000000000000000000 ) ) ;
#2842 = EDGE_CURVE ( 'NONE', #151, #938, #564, .T. ) ;
#2843 = VECTOR ( 'NONE', #1640, 1000.000000000000000 ) ;
#2844 = FACE_OUTER_BOUND ( 'NONE', #6, .T. ) ;
#2845 = SURFACE_SIDE_STYLE ('',( #1051 ) ) ;
#2846 =( GEOMETRIC_REPRESENTATION_CONTEXT ( 3 ) GLOBAL_UNCERTAINTY_ASSIGNED_CONTEXT ( ( #321 ) ) GLOBAL_UNIT_ASSIGNED_CONTEXT ( ( #2670, #1067, #1290 ) ) REPRESENTATION_CONTEXT ( 'NONE', 'WORKASPACE' ) );
#2847 = DIRECTION ( 'NONE',  ( 0.000000000000000000, 1.000000000000000000, 0.000000000000000000 ) ) ;
#2848 = SURFACE_SIDE_STYLE ('',( #149 ) ) ;
#2849 = ORIENTED_EDGE ( 'NONE', *, *, #2372, .T. ) ;
#2850 = LINE ( 'NONE', #2598, #1794 ) ;
#2851 = DIRECTION ( 'NONE',  ( 0.000000000000000000, -1.000000000000000000, 0.000000000000000000 ) ) ;
#2852 =( LENGTH_UNIT ( ) NAMED_UNIT ( * ) SI_UNIT ( .MILLI., .METRE. ) );
#2853 = AXIS2_PLACEMENT_3D ( 'NONE', #222, #2050, #1826 ) ;
#2854 = AXIS2_PLACEMENT_3D ( 'NONE', #2430, #1962, #163 ) ;
#2855 =( NAMED_UNIT ( * ) PLANE_ANGLE_UNIT ( ) SI_UNIT ( $, .RADIAN. ) );
#2856 = COLOUR_RGB ( '',0.5019607843137254832, 0.5019607843137254832, 0.5019607843137254832 ) ;
#2857 = EDGE_CURVE ( 'NONE', #1793, #1842, #328, .T. ) ;
#2858 =( NAMED_UNIT ( * ) PLANE_ANGLE_UNIT ( ) SI_UNIT ( $, .RADIAN. ) );
#2859 = CIRCLE ( 'NONE', #2756, 2.000000000000000000 ) ;
#2860 =( GEOMETRIC_REPRESENTATION_CONTEXT ( 3 ) GLOBAL_UNCERTAINTY_ASSIGNED_CONTEXT ( ( #2562 ) ) GLOBAL_UNIT_ASSIGNED_CONTEXT ( ( #78, #1915, #1451 ) ) REPRESENTATION_CONTEXT ( 'NONE', 'WORKASPACE' ) );
#2861 = CARTESIAN_POINT ( 'NONE',  ( -42.20000000000000284, 11.69999999999999929, -15.80009999999999692 ) ) ;
#2862 = EDGE_CURVE ( 'NONE', #403, #1395, #1478, .T. ) ;
#2863 = SURFACE_STYLE_USAGE ( .BOTH. , #2845 ) ;
#2864 = ORIENTED_EDGE ( 'NONE', *, *, #923, .F. ) ;
#2865 = COLOUR_RGB ( '',0.2509803921568627416, 0.2509803921568627416, 0.2509803921568627416 ) ;
#2866 = FILL_AREA_STYLE_COLOUR ( '', #2712 ) ;
#2867 = ORIENTED_EDGE ( 'NONE', *, *, #2189, .F. ) ;
#2868 = LINE ( 'NONE', #1963, #2347 ) ;
#2869 = AXIS2_PLACEMENT_3D ( 'NONE', #1804, #2207, #2237 ) ;
#2870 = FILL_AREA_STYLE ('',( #1950 ) ) ;
#2871 = UNCERTAINTY_MEASURE_WITH_UNIT (LENGTH_MEASURE( 1.000000000000000082E-05 ), #293, 'distance_accuracy_value', 'NONE');
#2872 = CARTESIAN_POINT ( 'NONE',  ( -42.20000000000000284, -2.699999999999999289, -15.80000000000000071 ) ) ;
#2873 = DIRECTION ( 'NONE',  ( 0.000000000000000000, 0.000000000000000000, -1.000000000000000000 ) ) ;
#2874 = CARTESIAN_POINT ( 'NONE',  ( -47.19999999999998153, -3.299999999999998934, 19.79999999999999716 ) ) ;
#2875 = FILL_AREA_STYLE ('',( #597 ) ) ;
#2876 =( NAMED_UNIT ( * ) SI_UNIT ( $, .STERADIAN. ) SOLID_ANGLE_UNIT ( ) );
#2877 = EDGE_CURVE ( 'NONE', #1542, #1340, #2581, .T. ) ;
#2878 = SURFACE_STYLE_USAGE ( .BOTH. , #139 ) ;
#2879 = STYLED_ITEM ( 'NONE', ( #1468 ), #1158 ) ;
#2880 = ORIENTED_EDGE ( 'NONE', *, *, #1038, .F. ) ;
#2881 = FILL_AREA_STYLE ('',( #196 ) ) ;
#2882 = SURFACE_STYLE_USAGE ( .BOTH. , #348 ) ;
#2883 = LINE ( 'NONE', #2641, #790 ) ;
#2884 = FILL_AREA_STYLE ('',( #885 ) ) ;
#2885 = SURFACE_STYLE_USAGE ( .BOTH. , #1308 ) ;
#2886 = DIRECTION ( 'NONE',  ( -1.000000000000000000, 0.000000000000000000, 0.000000000000000000 ) ) ;
#2887 = DIRECTION ( 'NONE',  ( 0.000000000000000000, 1.000000000000000000, 0.000000000000000000 ) ) ;
#2888 =( NAMED_UNIT ( * ) PLANE_ANGLE_UNIT ( ) SI_UNIT ( $, .RADIAN. ) );
#2889 = LINE ( 'NONE', #2452, #1006 ) ;
#2890 = DIRECTION ( 'NONE',  ( -1.000000000000000000, 0.000000000000000000, 0.000000000000000000 ) ) ;
#2891 =( NAMED_UNIT ( * ) PLANE_ANGLE_UNIT ( ) SI_UNIT ( $, .RADIAN. ) );
#2892 = CIRCLE ( 'NONE', #1744, 0.9499999999999995115 ) ;
#2893 = EDGE_CURVE ( 'NONE', #2947, #315, #1906, .T. ) ;
#2894 = CIRCLE ( 'NONE', #2211, 1.000000000000000888 ) ;
#2895 = ORIENTED_EDGE ( 'NONE', *, *, #965, .F. ) ;
#2896 = CARTESIAN_POINT ( 'NONE',  ( 40.50000000000000000, 12.69999999999999929, -13.19999999999999929 ) ) ;
#2897 = SURFACE_STYLE_USAGE ( .BOTH. , #1758 ) ;
#2898 =( NAMED_UNIT ( * ) SI_UNIT ( $, .STERADIAN. ) SOLID_ANGLE_UNIT ( ) );
#2899 = UNCERTAINTY_MEASURE_WITH_UNIT (LENGTH_MEASURE( 1.000000000000000082E-05 ), #2852, 'distance_accuracy_value', 'NONE');
#2900 =( NAMED_UNIT ( * ) SI_UNIT ( $, .STERADIAN. ) SOLID_ANGLE_UNIT ( ) );
#2901 = MECHANICAL_DESIGN_GEOMETRIC_PRESENTATION_REPRESENTATION (  '', ( #360 ), #169 ) ;
#2902 = SURFACE_SIDE_STYLE ('',( #1528 ) ) ;
#2903 = COLOUR_RGB ( '',0.5019607843137254832, 0.5019607843137254832, 0.5019607843137254832 ) ;
#2904 = AXIS2_PLACEMENT_3D ( 'NONE', #355, #1286, #2175 ) ;
#2905 = MECHANICAL_DESIGN_GEOMETRIC_PRESENTATION_REPRESENTATION (  '', ( #850 ), #1519 ) ;
#2906 = DIRECTION ( 'NONE',  ( -1.365923996832131609E-16, 1.000000000000000000, 0.000000000000000000 ) ) ;
#2907 = STYLED_ITEM ( 'NONE', ( #193 ), #2958 ) ;
#2908 =( LENGTH_UNIT ( ) NAMED_UNIT ( * ) SI_UNIT ( .MILLI., .METRE. ) );
#2909 = CARTESIAN_POINT ( 'NONE',  ( -22.19999999999999574, -12.69999999749999908, 15.80009999999974823 ) ) ;
#2910 = CARTESIAN_POINT ( 'NONE',  ( -47.20000000000002416, 1.099999999999999423, 19.79999999999999716 ) ) ;
#2911 = ORIENTED_EDGE ( 'NONE', *, *, #2591, .T. ) ;
#2912 = CYLINDRICAL_SURFACE ( 'NONE', #2571, 1.000000000000000888 ) ;
#2913 = AXIS2_PLACEMENT_3D ( 'NONE', #1260, #2164, #1729 ) ;
#2914 = VERTEX_POINT ( 'NONE', #2909 ) ;
#2915 = EDGE_CURVE ( 'NONE', #2062, #2128, #1517, .T. ) ;
#2916 = CIRCLE ( 'NONE', #48, 2.000000000000000000 ) ;
#2917 = VERTEX_POINT ( 'NONE', #2202 ) ;
#2918 =( LENGTH_UNIT ( ) NAMED_UNIT ( * ) SI_UNIT ( .MILLI., .METRE. ) );
#2919 = CARTESIAN_POINT ( 'NONE',  ( 52.20000000000000284, -11.69999999999999929, -16.79999999999999716 ) ) ;
#2920 = VECTOR ( 'NONE', #667, 1000.000000000000000 ) ;
#2921 = EDGE_CURVE ( 'NONE', #2251, #1678, #2859, .T. ) ;
#2922 = SURFACE_SIDE_STYLE ('',( #871 ) ) ;
#2923 = LINE ( 'NONE', #872, #1321 ) ;
#2924 = ORIENTED_EDGE ( 'NONE', *, *, #2476, .T. ) ;
#2925 = CARTESIAN_POINT ( 'NONE',  ( 29.50000000000000711, -12.70009999999999906, 10.50000000000000000 ) ) ;
#2926 = ORIENTED_EDGE ( 'NONE', *, *, #923, .T. ) ;
#2927 = FILL_AREA_STYLE ('',( #1288 ) ) ;
#2928 = SURFACE_SIDE_STYLE ('',( #2250 ) ) ;
#2929 = EDGE_LOOP ( 'NONE', ( #2138, #2263, #1420, #2037, #1009, #1100 ) ) ;
#2930 =( LENGTH_UNIT ( ) NAMED_UNIT ( * ) SI_UNIT ( .MILLI., .METRE. ) );
#2931 = DIRECTION ( 'NONE',  ( 1.000000000000000000, 0.000000000000000000, 0.000000000000000000 ) ) ;
#2932 = ORIENTED_EDGE ( 'NONE', *, *, #203, .T. ) ;
#2933 = PRESENTATION_LAYER_ASSIGNMENT (  '', '', ( #2478 ) ) ;
#2934 = ORIENTED_EDGE ( 'NONE', *, *, #2068, .F. ) ;
#2935 = DIRECTION ( 'NONE',  ( -0.000000000000000000, 0.000000000000000000, 1.000000000000000000 ) ) ;
#2936 = DIRECTION ( 'NONE',  ( -1.000000000000000000, 0.000000000000000000, -0.000000000000000000 ) ) ;
#2937 = DIRECTION ( 'NONE',  ( 0.000000000000000000, 0.000000000000000000, -1.000000000000000000 ) ) ;
#2938 = ADVANCED_FACE ( 'NONE', ( #394 ), #1052, .T. ) ;
#2939 = CARTESIAN_POINT ( 'NONE',  ( -37.29999999999999005, 12.69999999999999929, -11.19999999999999929 ) ) ;
#2940 = DIRECTION ( 'NONE',  ( 1.000000000000000000, 0.000000000000000000, 0.000000000000000000 ) ) ;
#2941 = DIRECTION ( 'NONE',  ( 0.000000000000000000, -1.000000000000000000, 0.000000000000000000 ) ) ;
#2942 = FILL_AREA_STYLE_COLOUR ( '', #2097 ) ;
#2943 = FACE_OUTER_BOUND ( 'NONE', #1749, .T. ) ;
#2944 = ORIENTED_EDGE ( 'NONE', *, *, #116, .F. ) ;
#2945 =( NAMED_UNIT ( * ) SI_UNIT ( $, .STERADIAN. ) SOLID_ANGLE_UNIT ( ) );
#2946 = VERTEX_POINT ( 'NONE', #875 ) ;
#2947 = VERTEX_POINT ( 'NONE', #1986 ) ;
#2948 = DIRECTION ( 'NONE',  ( -1.000000000000000000, 0.000000000000000000, -3.329603600723238155E-17 ) ) ;
#2949 = VECTOR ( 'NONE', #2821, 1000.000000000000000 ) ;
#2950 = SURFACE_STYLE_USAGE ( .BOTH. , #2922 ) ;
#2951 = DIRECTION ( 'NONE',  ( -0.000000000000000000, -0.000000000000000000, -1.000000000000000000 ) ) ;
#2952 = VERTEX_POINT ( 'NONE', #1063 ) ;
#2953 = AXIS2_PLACEMENT_3D ( 'NONE', #2735, #2500, #54 ) ;
#2954 = EDGE_CURVE ( 'NONE', #905, #2664, #1727, .T. ) ;
#2955 = VERTEX_POINT ( 'NONE', #2415 ) ;
#2956 = DIRECTION ( 'NONE',  ( 1.000000000000000000, 0.000000000000000000, 0.000000000000000000 ) ) ;
#2957 = FILL_AREA_STYLE_COLOUR ( '', #2650 ) ;
#2958 = ADVANCED_FACE ( 'NONE', ( #2686 ), #618, .T. ) ;
#2959 = MECHANICAL_DESIGN_GEOMETRIC_PRESENTATION_REPRESENTATION (  '', ( #658 ), #2653 ) ;
#2960 = CIRCLE ( 'NONE', #1672, 1.000000000000000888 ) ;
#2961 = ORIENTED_EDGE ( 'NONE', *, *, #1696, .F. ) ;
#2962 = FACE_OUTER_BOUND ( 'NONE', #652, .T. ) ;
#2963 = DIRECTION ( 'NONE',  ( 0.000000000000000000, 1.000000000000000000, 0.000000000000000000 ) ) ;
#2964 = ORIENTED_EDGE ( 'NONE', *, *, #1568, .T. ) ;
#2965 = MANIFOLD_SOLID_BREP ( 'Fillet8', #1480 ) ;
#2966 = VERTEX_POINT ( 'NONE', #1351 ) ;
#2967 = CYLINDRICAL_SURFACE ( 'NONE', #1660, 2.000000000000000000 ) ;
#2968 = CARTESIAN_POINT ( 'NONE',  ( -42.30000000000000426, -3.349999999999999645, -21.80000000000000071 ) ) ;
#2969 = AXIS2_PLACEMENT_3D ( 'NONE', #2596, #2386, #557 ) ;
#2970 = FILL_AREA_STYLE ('',( #737 ) ) ;
#2971 = DIRECTION ( 'NONE',  ( -0.000000000000000000, -0.000000000000000000, 1.000000000000000000 ) ) ;
#2972 = ORIENTED_EDGE ( 'NONE', *, *, #84, .F. ) ;
#2973 = AXIS2_PLACEMENT_3D ( 'NONE', #2316, #2114, #1867 ) ;
#2974 = CARTESIAN_POINT ( 'NONE',  ( 1.050139115725423179E-15, -12.69999999999999929, 15.79999999999999893 ) ) ;
#2975 = ORIENTED_EDGE ( 'NONE', *, *, #2842, .T. ) ;
#2976 = DIRECTION ( 'NONE',  ( 0.000000000000000000, 0.000000000000000000, -1.000000000000000000 ) ) ;
ENDSEC;
END-ISO-10303-21;
