:020000040800F2
:1000000000000220FD9D0008A10C0008A50C0008BE
:10001000A90C0008AD0C0008B10C0008000000009D
:10002000000000000000000000000000B50C000807
:10003000B90C000800000000BD0C0008DD0C000831
:100040004D9E00084D9E00084D9E00084D9E0008E4
:100050004D9E00084D9E00084D9E00084D9E0008D4
:100060004D9E00084D9E00084D9E00084D9E0008C4
:100070004D9E00084D9E00084D9E00084D9E0008B4
:10008000ED0C0008F90C00084D9E0008000000006F
:10009000000000000000000000000000050D000846
:1000A0004D9E00084D9E00084D9E00084D9E000884
:1000B0004D9E00084D9E00084D9E00084D9E000874
:1000C0004D9E00084D9E00084D9E00084D9E000864
:1000D0004D9E00084D9E00080D0D00080000000018
:1000E000190D00084D9E00084D9E000800000000FC
:1000F0000000000000000000000000004D9E00080D
:10010000000000004D9E00084D9E00084D9E000816
:1001100000000000000000000000000000000000DF
:100120004D9E00084D9E00084D9E00084D9E000803
:100130004D9E0008000000000000000000000000CC
:100140000000000000000000000000004D9E0008BC
:100150004D9E00084D9E00084D9E00084D9E0008D3
:100160004D9E00084D9E00080000000000000000A9
:10017000000000000000000000000000000000007F
:10018000000000004D9E000800000000000000007C
:080190004D9E00084D9E000881
:1001C0000348044B834202D0034B03B118477047E6
:1001D000D4090020D4090020000000000548064989
:1001E0000B1AD90F01EBA301491002D0034B03B145
:1001F00018477047D4090020D409002000000000EF
:1002000010B5064C237843B9FFF7DAFF044B13B15E
:100210000448AFF300800123237010BDD8090020EB
:1002200000000000649E000808B5044B1BB104499F
:100230000448AFF30080BDE80840CFE700000000AD
:10024000DC090020649E00084FF0804300225A63BE
:100250009A63DA631A64704708B5034A034B04488B
:10026000DF2105F0BBF800BF7C9E000830A000082D
:1002700050A0000808B50C4B984212D84FF6FF7CEE
:10028000604528BF604699420BD84FF080436145D6
:100290004FF0000228BF614658639A63DA6319641D
:1002A00008BDFFF7D9FF00BFE703010008B50C4BFD
:1002B000984212D84FF6FF7C604528BF60469942AD
:1002C0000BD84FF0804361454FF0000228BF6146D4
:1002D0005A639863D9631A6408BDFFF7BDFF00BF76
:1002E000E703010008B50C4B984212D84FF6FF7C8B
:1002F000604528BF604699420BD84FF08043614566
:100300004FF0000228BF61465A639863DA631964AC
:1003100008BDFFF7A1FF00BFE703010008B50C4BC4
:10032000984212D84FF6FF7C604528BF604699423C
:100330000BD84FF0804361454FF0000228BF614663
:1003400058639A63D9631A6408BDFFF785FF00BF3D
:10035000E70301002DE9F041002800F03D8200296B
:1003600000F0408203680A68B84C934200F0CE80E7
:10037000A34200F0B180B3F1804F00F0CE81B34CC6
:10038000A24200F0B280B2F1804F00F0C081476815
:10039000AF4C4D68A74200F0B380A54200F0B0809A
:1003A000AC4CA74200F04C81A54200F04981846822
:1003B000D7F800E04FEA440C032606FA0CF82EEAC0
:1003C000080EC7F800E0D7F800804FF0020E0EFAD2
:1003D0000CFC4CEA080CC7F800C024FA06FC07EB3A
:1003E0008C0704F00704D7F820804FF0010C04FAC2
:1003F0000EF40CFA04F444EA08043C628C682F689A
:1004000004FA0CF806FA08F627EA06062E602E68AB
:100410000EFA08FE4EEA06062E60E60805EB860593
:1004200004F007042E6AA4000CFA04F434432C628E
:10043000066900245C62DE62457B9D625C639C63AE
:100440001C6844F080041C601C6824F010041C60CC
:10045000007B022800F01B81032800F032816045F8
:10046000986900F03B8120F440709861986940F4ED
:10047000C0409861186A40F48050186200205062B1
:10048000D662956250639063106840F080001060FF
:10049000106820F010001060097B022900F0EA804B
:1004A000032900F02781012900F0FE80D16921F4A1
:1004B0004071D161D16941F4C041D161116A41F407
:1004C00080511162196841F001011960136843F00D
:1004D00001031360BDE8F0815F4D6C6C44F00104D2
:1004E0006C645A4CA2427FF44EAF5B4D47686C6C13
:1004F00044F001046C64564C4D68A7427FF44DAF44
:10050000554E346B44F00104346350E7A34200F0CD
:100510000A81B3F1804F00F0A78046684C4C4D68CB
:10052000A64200F09B80A54200F09880494CA6426C
:1005300000F04C81A54200F04981846837684FEA99
:10054000440E4FF0030C0CFA0EF827EA0807376048
:10055000D6F80080022707FA0EFE4EEA080EC6F80B
:1005600000E024FA0CFE06EB8E0E04F00704DEF821
:1005700020800126BC4006FA04F444EA0804CEF8C0
:1005800020408C68D5F800E004FA06F80CFA08FC64
:100590002EEA0C0CC5F800C0D5F800C007FA08F721
:1005A00047EA0C072F60E70805EB870504F007040E
:1005B000A40006FA04F42E6A34432C620569002470
:1005C0005C62DD62457B9D625C639C631C6844F0F9
:1005D00080041C601C6824F010041C60007B02284E
:1005E00000F0E780032800F0D7800128986900F028
:1005F000C78020F440709861986940F4C0409861C9
:10060000186A40F480501862097B022900F0AB8020
:10061000032900F09B80012900F08B80D16921F42F
:100620004071D161D16941F4C041D161116A41F495
:10063000805111621A6842F001021A60BDE8F0812F
:10064000054E346B44F002043463B0E60000014010
:10065000000002400004024000380240644F3C6B3E
:1006600044F001043C6368E7614D2C6C44F00104E4
:100670002C6452E7916921F440719161916941F4D0
:10068000C0419161116A41F0100111621AE7986945
:1006900020F440709861986940F4C0409861186AED
:1006A00040F010001862E9E6916921F003019161C0
:1006B000916941F060019161116A41F0010111629B
:1006C00000E7D86920F00300D861D86940F06000E5
:1006D000D861186A40F480701862CFE620F00300F9
:1006E0009861986940F060009861186A40EA0C00CF
:1006F0001862C3E6D16921F00301D161D16941F0EB
:100700006001D161116A41F480711162DAE6384DFD
:100710002C6C44F001042C6439E6354D2C6C44F00B
:1007200001042C642BE6324D6C6C44F001046C64C3
:10073000F3E6916921F003019161916941F0600153
:100740009161116A41F00101116273E7D16921F0F1
:100750000301D161D16941F06001D161116A41F4B5
:100760008071116266E7916921F44071916191692C
:1007700041F4C0419161116A41F01001116259E7E1
:1007800020F003009861986940F060009861186A51
:1007900040F00100186237E7D86920F00300D86103
:1007A000D86940F06000D861186A40F4807018621F
:1007B0002AE7986920F440709861986940F4C04035
:1007C0009861186A40F0100018621DE7084F3C6BF2
:1007D00044F002043C63B0E6064B074A07481E217A
:1007E00004F0FCFD064B044A04481F2104F0F6FD0A
:1007F0000038024064A00008909E000850A0000845
:1008000078A00008042809D810B4084C0B461146FB
:1008100054F820205DF8044B184610474FF08043F1
:1008200000225A639A63DA631A647047000000205A
:100830001849C2028B1802F5F86210B40A44164C2B
:10084000D3F8FC1744F8302041F080714FF0AA3201
:100850005DF8044BC3F8FC17C3F8F427C3F8F0277E
:10086000C3F8EC27C3F8E827C3F8E427C3F8E02768
:10087000C3F8DC27C3F8D827C3F8D427C3F8D02798
:10088000C3F8CC27C3F8C827C3F8C427C3F8C027C8
:10089000704700BF140A0020F409002030B472B67B
:1008A000424C04F10803636004F11003E360404B21
:1008B0002360986303F50060A060D3F83C0864618E
:1008C00040F08070C3F83C08A3F5F86003F5046CB1
:1008D00003F58055D0F8FC3743F08073C0F8FC373F
:1008E0004FF0AA33C0F8F437C0F8F037C0F8EC374F
:1008F000C0F8E837C0F8E437C0F8E037C0F8DC37B4
:10090000C0F8D837C0F8D437C0F8D037C0F8CC37E3
:10091000C0F8C837C0F8C437C0F8C037C0F8F43FD3
:10092000C0F8F03FC0F8EC3FC0F8E83FC0F8E43F43
:10093000C0F8E03FC0F8DC3FC0F8D83FC0F8D43F73
:10094000CCF8F827DCF8FC27256142F08072C0F86B
:10095000D03FC0F8CC3FC0F8C83FC0F8C43FC0F893
:10096000C03FC0F8F81FCCF8F437CCF8FC27CCF81F
:10097000F037CCF8EC37CCF8E837CCF8E437CCF8E3
:10098000E037CCF8DC37CCF8D837CCF8D437CCF813
:10099000D037CCF8CC37CCF8C837CCF8C437CCF843
:1009A000C037A46162B6012030BC7047F409002052
:1009B000D4110020014B024ADA617047F40900208B
:1009C000401901000F4AD1694FF0E02301FB00F00C
:1009D0000D4910B4013800244FF0F00C92611C61F5
:1009E0009C61586181F823C01A695DF8044B42F09C
:1009F00005021A611A694FF0805042F002021A6132
:100A000048607047F409002000ED00E0034B044A01
:100A10009B614FF080515160704700BFF409002086
:100A200000ED00E0024B4FF080525A60704700BF6B
:100A300000ED00E0024B4FF080525A60704700BF5B
:100A400000ED00E030BFFDE782B00C4B00210091CB
:100A50005A6C42F480425A645A6C02F4804200920A
:100A6000009A01911A6C42F080521A641B6C03F0D8
:100A700080530193019B02B0704700BF00380240D1
:100A8000134A0368934282B013D0B3F1804F01D070
:100A900002B0704703F50E33002201921A6C42F047
:100AA00001021A641B6C03F001030193019B02B065
:100AB0007047084B002200925A6C42F001025A64BF
:100AC0005B6C03F001030093009B02B0704700BF12
:100AD000000001400038024030B5026887B00023B2
:100AE000B2F1804FCDE90133CDE90333059301D055
:100AF00007B030BD02F50E320093136B094843F086
:100B000001031363136B03F001030093022201231B
:100B10000F2401A9CDE90142009D059301F026F8BB
:100B200007B030BD000002400A4A0368934209D072
:100B3000B3F1804F00D07047074A136C23F00103D4
:100B40001364704702F59C32536C23F00103536425
:100B5000704700BF000001400038024070B5394BBB
:100B6000026888B000249A42CDE90344CDE90544E7
:100B7000079401D008B070BD03F5FA3301941A6CE4
:100B8000314E42F400321A641A6C02F400320192BF
:100B9000019A02941A6B42F008021A631B6B03F06D
:100BA0000803029360230393029B022304934FF0F4
:100BB000030C0723054603A92448CDE906C300F02A
:100BC000D5FF234A74624FF00063C6E90023304624
:100BD0004FF480624FF40033C6E90244C6E90424AE
:100BE000C6E90644336200F025FC28BB194C1A49BB
:100BF000EE634FF00062C4E900124FF480620023FC
:100C00004021226120464FF40032C4E90213C4E9B6
:100C10000533C4E90732B563636200F00BFC70B9B9
:100C20000022AC6311462620A56300F07BFA262043
:100C300000F0B6FA08B070BD03F03AF9D6E703F059
:100C400037F9EDE700440040C4220020000C0240C8
:100C50008860024064220020A06002400D4B0268C0
:100C60009A4200D070470C4A136C10B523F400333D
:100C7000044660211364094801F06AF8E06B00F053
:100C800071FCA06B00F06EFCBDE81040262000F067
:100C900095BA00BF0044004000380240000C0240FA
:100CA000FEE700BFFEE700BFFEE700BFFEE700BFB4
:100CB000FEE700BF704700BF704700BFEFF3098039
:100CC00020E9F00F16490A68106052681068B0E811
:100CD000F00F80F309880A607047704708B500F08C
:100CE00059F9BDE80840FFF79DBE00BF014800F07C
:100CF000DFBD00BFC4220020014800F0D9BD00BF05
:100D0000642200204FF4007001F0DAB8014802F0CC
:100D10000DBD00BF1C2200204FF4004001F0D0B8F0
:100D20000C0A0020704700BF0120704708B504F08E
:100D300081FB162303604FF0FF3008BD08B504F0B7
:100D400079FB16230360FEE770B5161E07DD0C461F
:100D50008D19AFF3008004F8010BA542F9D130469C
:100D600070BD00BF70B5161E07DD0C468D1914F856
:100D7000010BAFF30080A542F9D1304670BD00BF32
:100D80004FF0FF30704700BF4FF400534B6000201E
:100D9000704700BF01207047002070470EB44FF02D
:100DA000FF3003B0704700BF08B504F043FB0A23CF
:100DB00003604FF0FF3008BD08B504F03BFB022391
:100DC00003604FF0FF3008BD4FF0FF30704700BFA9
:100DD0004FF400534B600020704700BF08B504F08B
:100DE00029FB1F2303604FF0FF3008BD08B504F056
:100DF00021FB0B2303604FF0FF3008BD08B504F062
:100E000019FB0C2303604FF0FF3008BD10B50C4CEC
:100E10000C4B0D492268591A2AB11044884207D850
:100E20002060104610BD094A226010448842F7D95C
:100E300004F000FB0C234FF0FF320360104610BD9E
:100E4000142200200000022000040000F82D0020E1
:100E5000034AD2F8883043F47003C2F888307047F0
:100E600000ED00E0164A936803F00C03042B0CD04D
:100E7000082B0CD0134B124A134892681349C2F343
:100E80000312825CD3400B607047114BF3E7536849
:100E9000516813F4800F01F03F01536814BF0C4AEE
:100EA000084AB2FBF1F1064A5268C2F30142C3F3A9
:100EB0008813013201FB03F35200B3FBF2F3DAE7CC
:100EC000003802400024F400A49E00081400002012
:100ED00040787D01704700BF704700BF10B50B4BD5
:100EE0000B490C4A196200241C620B485A6280218B
:100EF0004FF0FF325C6218611C6159615C619A615C
:100F00009C61FFF7E9FF204610BD00BF003802409A
:100F10000FC8E210317917009F10600070B50E4BBA
:100F20000E4E1B68327805464FF47A70B0FBF2F033
:100F3000B3FBF0F000F068F908B90F2D01D90120DA
:100F400070BD0446024629464FF0FF3000F0EAF833
:100F50007560204670BD00BF1400002018000020FE
:100F600008B50B4B1A6842F400721A601A6842F412
:100F700080621A601A6842F480721A60032000F0DE
:100F8000BFF80020FFF7CAFFFFF75EFD002008BD95
:100F9000003C0240034A044B11681B780B44136069
:100FA000704700BF1822002018000020014B18686D
:100FB000704700BF18220020014B5868704700BFDF
:100FC0001800002038B5074C2578854201D1002053
:100FD00038BD034660682370FFF7A0FF0028F7D0F4
:100FE000257038BD18000020014B1878704700BFED
:100FF0001800002038B50446FFF7D8FF631C0546EB
:1010000002D0044B1B781C44FFF7D0FF431BA342C4
:10101000FAD338BD180000204FF0E022136923F006
:1010200002031361704700BF4FF0E022136943F0E1
:1010300002031361704700BF0048704700030801B6
:10104000014B1868000C7047002004E0024B186840
:10105000C0F30B00704700BF002004E0024A536851
:1010600043F0010353607047002004E0024A5368D4
:1010700023F0010353607047002004E0024A5368E4
:1010800043F0020353607047002004E0024A5368B3
:1010900023F0020353607047002004E0024A5368C3
:1010A00043F0040353607047002004E0024A536891
:1010B00023F0040353607047002004E0024B012238
:1010C000C3F80024704700BF00002742024B0022F3
:1010D000C3F80024704700BF00002742014BD3F83B
:1010E000100A70470070FF1F014BD3F8140A7047B5
:1010F0000070FF1F014BD3F8180A70470070FF1FE4
:101100000749CA6803024FF6FF0003F4E063024098
:10111000134343F0BF6343F40033CB60704700BF19
:1011200000ED00E01C4BDB68C3F3022300B5C3F104
:10113000070EBEF1040F03F1040C28BF4FF0040E9C
:10114000BCF1060F1BD9033B4FF0FF3C0CFA03FC2C
:1011500022EA0C024FF0FF3C0CFA0EFC21EA0C01D3
:101160009940002841EA02010CDB00F160400901CE
:1011700000F56140C9B280F800135DF804FB00225D
:101180001346E7E7054B00F00F0009010344C9B21D
:1011900019765DF804FB00BF00ED00E0FCEC00E018
:1011A000002808DB044A4109012300F01F0003FA6C
:1011B00000F042F82100704700E100E000280DDB5C
:1011C000430907490122203300F01F0002FA00F012
:1011D00041F82300BFF34F8FBFF36F8F704700BFFD
:1011E00000E100E0BFF34F8F0549064BCA6802F4E7
:1011F000E0621343CB60BFF34F8F00BFFDE700BF3A
:1012000000ED00E00400FA050138B0F1807F10D253
:1012100010B44FF0E023084C58614FF0F00C84F804
:1012200023C00022072110469A615DF8044B196122
:1012300070470120704700BF00ED00E0BFF35F8FF3
:10124000044B5A6A002122F480325A62C3F8941087
:10125000704700BF00ED00E0064B40F00100C3F80E
:1012600094005A6A42F480325A62BFF34F8FBFF340
:101270006F8F704700ED00E0044BC3F89800D3F87F
:10128000A02042F00102C3F8A020704700ED00E06A
:10129000044BC3F89800D3F8A02022F00102C3F851
:1012A000A020704700ED00E0164A4378C2F898305D
:1012B000D2F8A03023F00103C2F8A0304368C2F88E
:1012C0009C30C37A90F80CC001781B0643EA0C737B
:1012D00090F80AC00B43417B43EACC4390F80EC020
:1012E00043EA8143C17B43EA4C4390F809C043EA97
:1012F0000143017A43EA0C2343EA4103C2F8A030D8
:10130000704700BF00ED00E040BF20BF704700BF46
:10131000024BD868C0F30220704700BF00ED00E028
:10132000002810B427DB00F1604000F5614090F820
:101330000003000901F00701C1F1070CBCF1040F23
:1013400001F1040428BF4FF0040C062C11D9033915
:101350004FF0FF348C4020EA0404C8404FF0FF31C6
:1013600001FA0CF120EA010010601C605DF8044BEA
:1013700070470024F2E7034C00F00F000444207E85
:101380000009D7E7FCEC00E0002809DB4309054928
:1013900000F01F000122403302FA00F041F8230060
:1013A000704700BF00E100E000280BDB4309064A5C
:1013B000403300F01F0052F8233023FA00F000F011
:1013C000010070470020704700E100E0002809DBC1
:1013D0004309054900F01F000122603302FA00F0C2
:1013E00041F82300704700BF00E100E000280BDB5C
:1013F0004309064A803300F01F0052F8233023FAD5
:1014000000F000F0010070470020704700E100E0AC
:101410004FF0E022042813690CBF43F0040323F0CB
:1014200004031361704700BF704700BF08B5FFF7A2
:10143000FBFF08BD38B50446FFF7B8FD002C67D0A8
:1014400023680022022184F8351084F834201A68B9
:1014500022F0010205461A6005E0FFF7A7FD431BD5
:10146000052B39D823681A68D107F6D4D4E90120AE
:10147000E16802430A43D4E90451A0692A430A43BC
:10148000E1691D6802430A4333492940256A2A431A
:101490000A43616A042926D01A605A6922F00702B9
:1014A0001143D8B22D4A59611038A2FB00521209DB
:1014B0002B4923F47F73895CE16523F003035F28E4
:1014C00088BF04333F228A40A36500209A6001232D
:1014D000606584F8353038BD03232022626584F8C6
:1014E0003530184638BDD4E90B5129430A431A60F8
:1014F0005969A26A21F00701114341F00401002D4E
:10150000CFD038B9012A23D032F00202C9D108E085
:10151000012038BDB0F5005F0CD0022A03D9032AA0
:10152000BFD1EA01BDD501234022626584F8353080
:10153000184638BD032AB4D801A050F822F000BFE5
:101540002715000823150008271500085115000865
:10155000B5F1C07FA5D1E6E73F8010F0ABAAAAAAFB
:10156000BC9E0008002835D090F83530022BD9B247
:1015700031D00368194AD9B2103970B4A2FB0152B4
:10158000174C1D68120925F00105A65C1D6000229C
:101590001A605A609A60DA601A6121225A6123F453
:1015A0007F7323F003035F2988BF04333F240022A5
:1015B000B440C665C0E90F22C0E91122C0E9132278
:1015C00083659C60426580F8342080F8352070BCCB
:1015D0001046704701210846704700BFABAAAAAA6F
:1015E000BC9E000830B490F83440012C25D0012472
:1015F00080F8344090F83540012C05D0002380F865
:10160000343030BC02207047022480F8354000247A
:101610004465046885682068402D20F4802020609F
:1016200063600BBFA260A160E160E260236843F0E9
:1016300001030020236030BC7047022030BC70479B
:1016400070B490F83440856D012C35D090F8354059
:101650004FF0010C644580F834C005D0002380F8B9
:10166000343070BC02207047022680F83560046870
:1016700000264665266826F4802626606360836817
:10168000402B0EBFA260A160E260C26D08BFE160A6
:101690003F239340AB602368026C43F01603236042
:1016A0001AB1236843F008032360236843F0010361
:1016B0000020236070BC7047022070BC704700BFE0
:1016C00070B50446866DFFF771FC94F83530022B37
:1016D00006D00023802284F834306265012070BD7A
:1016E00023681A6822F016021A605A6922F08002F2
:1016F0005A61226C054632B31A6822F008021A6059
:101700001A6822F001021A6005E0FFF74FFC431B44
:10171000052B0FD823681B6813F00103F5D1E16D89
:101720003F228A400121B26084F8351084F83430B9
:10173000184670BD032020220023626584F83430EF
:1017400084F8350070BDA26C002AD5D1D8E700BF5F
:1017500090F83530022B03D0802343650120704779
:101760000268052380F83530136823F00103002058
:10177000136070472DE9F04F044683B09346019102
:10178000FFF714FC94F83530022B08D08022002398
:10179000626584F83430012003B0BDE8F08F23681F
:1017A0001B68D90556D4019B0546002B59D0E16D25
:1017B00010268E40D4F858A0DAF800301E4236D1F8
:1017C0004FF008094FF0010804272DE0BBF1FF3F5F
:1017D00008D0BBF1000F48D0FFF7E8FB401B58458D
:1017E00043D8E16DDAF8003009FA01F0184205D06B
:1017F000626D42F001026265CAF8080008FA01F061
:10180000184205D0626D42F002026265CAF8080013
:1018100007FA01F0184205D0626D42F004026265D9
:10182000CAF808001E4202D1636DDA07CED5636D97
:1018300013B1636DDB072BD4019A12BB302303FA7B
:1018400001F10123CAF80810104684F8353084F8F5
:101850003420A1E74FF480730120636503B0BDE835
:10186000F08FE16D20268E40A4E720210123002285
:101870000320616584F8342084F8353003B0BDE876
:10188000F08F102303FA01F1CAF80810002083E753
:101890002046FFF715FFE16D30238B40CAF8083072
:1018A0000120002384F8350084F8343074E700BF49
:1018B0002DE9F04182B0744A866D156800230193CA
:1018C000C36D346808229A402242804604D00168E1
:1018D0000F68780700F18A8001229A40224204D0E2
:1018E000D8F800104969090678D404229A402242A7
:1018F00004D0D8F8001009688F0767D410229A40E6
:10190000224204D0D8F800100F68380749D42022AA
:101910009A40224217D0D8F800100C68E00612D581
:10192000B26098F83520052A73D00B6813F4802F25
:101930000B6800F09080190340F19B80D8F83C3090
:101940000BB140469847D8F854303BB3D8F85430E0
:10195000DA071BD5D8F800204C49052388F8353024
:101960001368A1FB051523F00103AD0A136002E023
:101970001368DB0704D5019B0133AB420193F7D910
:101980000122002388F8352088F83430D8F84C300C
:1019900023B1404602B0BDE8F041184702B0BDE8AF
:1019A000F081B2600A6812F4802F0A682AD1D70544
:1019B00003D40A6822F008020A60D8F84020002AFE
:1019C000A5D040469047D8F85C30A0E7B260D8F880
:1019D000542042F00402C8F854208FE7B260D8F8CF
:1019E000542042F00202C8F854207EE70F6827F026
:1019F00004070F60B260D8F8542042F00102C8F822
:101A0000542069E71203D8D5D8F84820002AD8D145
:101A10007DE70A6822F016020A604A6922F0800215
:101A20004A61D8F8402052B30A6822F008020A60DE
:101A30003F2202FA03F3D8F85010B36001220023CA
:101A400088F8352088F834300029A7D0404602B005
:101A5000BDE8F041084713F480737FF46FAF0A6864
:101A600022F010020A60012288F8352088F834300C
:101A700064E7D8F84430002B7FF463AF63E7D8F80D
:101A80004820002AD0D1D3E714000020B5814E1B96
:101A900090F83430012B13D090F835C0BCF1010F11
:101AA0005FFA8CF305D00123002280F83420184619
:101AB00070470529F8D8DFE801F0090C0F12150668
:101AC00002231846704702650023EDE7C2630B4608
:101AD000EAE702640023E7E742640023E4E7826464
:101AE0000023E1E7C2640023DEE700BF90F8343052
:101AF000012B16D090F835204FF0010C624580F88C
:101B000034C0D3B205D06346002280F83420184692
:101B100070470629F8D8DFE801F00F1316191C1FCB
:101B200007000223184670470023C0E90F33C0E9BD
:101B30001133C0E91333E7E70023C3630B46E3E740
:101B400000230364E0E700234364DDE700238364AC
:101B5000DAE70023C364D7E700230365D4E700BFB7
:101B600090F83500704700BF406D70472DE9F04F89
:101B700000220C68704E85B013464FF0010A89466A
:101B800004E00133102B02F1020278D00AFA03F1CB
:101B900001EA040BA143F4D1D9F804C00CF003010D
:101BA0004D1E012D6ED9032940F0AE809140CD43EA
:101BB00007683D4029431CF4403F0160E1D05F4D80
:101BC00000210391696C41F480416964696C01F4FE
:101BD00080410391039923F0030101F1804101F554
:101BE0009C3103F00307D1F808E0BF000F25BD408A
:101BF0002EEA0508524DA84217D005F58065A84287
:101C000000F086804F4DA84200F087804E4DA842DC
:101C100000F08A804D4DA8420CBF4FF0040E4FF0EB
:101C2000070E0EFA07F748EA0708C1F80880B168FE
:101C30006FEA0B071CF4801F0CBF39404BEA01010F
:101C4000B160F5681CF4001F0CBF3D404BEA050570
:101C5000F56075681CF4003F0CBF3D404BEA05057C
:101C6000756031681CF4803F03F101030CBF3940FB
:101C70004BEA0101102B316002F1020286D105B05E
:101C8000BDE8F08FD9F80C50876805FA02F80325F3
:101C900005FA02FE27EA0E0748EA07078760476849
:101CA0006FEA0E0527EA0B0ECCF300179F4047EAB8
:101CB0000E074760C76807EA050ED9F80870974015
:101CC00047EA0E070229C76001FA02F17FF470AFFC
:101CD0004FEAD30E00EB8E0E03F00708DEF82070FB
:101CE0000097D9F810704FEA880807FA08F70197AB
:101CF0000F2707FA08F8009F27EA0808019F47EA1C
:101D00000807CEF8207053E703259540ED43D1E74F
:101D10000AFA07F748EA070887E74FF0020E0EFABB
:101D200007F748EA070880E74FF0030E0EFA07F7B7
:101D300048EA070879E700BF003C0140003802404C
:101D40000000024000080240000C02400010024067
:101D50002DE9F04F0023DFF80CB101264FF00F09F9
:101D60004FF0030A02E00133102B64D006FA03F2AD
:101D700032EA010402EA010CF5D123F0030505F172
:101D8000804505F59C3503F00304A400D5F808E070
:101D900009FA04F85845274608EA0E0E4DD02C4C97
:101DA000A0424CD02B4CA0424CD02B4CA0424CD04B
:101DB0002A4CA04214BF07240424BC40A64515D1D8
:101DC000274C274F246824EA0C043C607C6824EAF2
:101DD0000C047C60FC6824EA0C04FC60BC6824EA07
:101DE0000C04BC60AC6824EA0804AC6005685C00C4
:101DF0000AFA04F44FEAD30C25EA040500EB8C0C34
:101E0000056003F00705DCF820E0AD0009FA05F5F0
:101E10002EEA0505CCF82050C56825EA0405C56002
:101E2000456825EA020242608268013322EA04041E
:101E3000102B84609AD1BDE8F08F0024BEE706FA2B
:101E400007F4BBE70224BC40B8E70AFA07F4B5E799
:101E50000004024000080240000C02400010024052
:101E6000003C0140000002400369194214BF0120F8
:101E70000020704702B9090481617047436901EA93
:101E8000030221EA030141EA02418161704700BF78
:101E900082B04FF480330193019B0B430193019B6C
:101EA000C361C161019BC361C3690193C06980F4CF
:101EB0008030C0F3004002B0704700BF704700BFE1
:101EC000044A5169014200D1704708B5506102F0DF
:101ED00061F808BD003C014000207047002800F078
:101EE000A2812DE9F0410368DD0782B004462FD5B9
:101EF0009E498A6802F00C02042A00F0ED808A688C
:101F000002F00C02082A00F0E3806368B3F5803F1A
:101F100000F0EC80B3F5A02F00F07581934D2A6896
:101F200022F480322A602A6822F480222A60002B60
:101F300040F0E180FFF73AF8064605E0FFF736F893
:101F4000801B642800F201812B689B03F6D4236870
:101F50009F0728D5854A916811F00C0F00F09080FA
:101F6000916801F00C01082900F08680E368002BDD
:101F700000F00E817E4B7D4E01221A60FFF716F8AD
:101F8000054605E0FFF712F8401B022800F2DD804D
:101F900033689807F6D53368226923F0F80343EADB
:101FA000C203336023681A0751D458072FD56F4AEC
:101FB000136C13F080537FD000256E4E3368D90523
:101FC00040F1B380A368012B00F0C380052B00F023
:101FD0002C81664E326F22F001023267326F22F09E
:101FE00004023267002B40F0B980FEF7DFFF41F2B8
:101FF0008838074605E0FEF7D9FFC01B404500F2D0
:10200000A480336F9807F6D4002D40F00681A069B4
:10201000C8B1564DAB6803F00C03082B00F0C98023
:10202000534B002202281A6600F00981FEF7BEFF1A
:10203000044605E0FEF7BAFF001B022800F2858087
:102040002B689B01F6D4002002B0BDE8F0816369E3
:102050000BB3474B454E0122C3F8802EFEF7A6FF77
:10206000054604E0FEF7A2FF401B02286DD8736FFF
:102070009B07F7D5236898E7526856023FF576AF7D
:102080003A4A1268950744D5E268012A41D00120F6
:1020900002B0BDE8F081364A344EC2F8803EFEF709
:1020A00085FF054604E0FEF781FF401B02284CD85F
:1020B000736F9F07F7D4DDE70193136C43F08053F0
:1020C0001364136C03F080530193019B012574E7A3
:1020D0004A6850027FF519AF244A126891037FF5D0
:1020E00037AF6268002A7FF433AFD0E71F4A136826
:1020F00043F480331360FEF759FF1C4E054604E09D
:10210000FEF754FF401B64281FD833689A03F7D5A5
:102110001DE7164920690A6822F0F80242EAC00267
:102120000A601A077FF541AF91E7336843F4807383
:102130003360FEF73BFF07463368DA053FF542AFF1
:10214000FEF734FFC01B0228F6D9032002B0BDE819
:10215000F081064A136F43F001031367FEF726FF71
:10216000024F064641F288380BE000BF00380240BB
:102170000000474200700040FEF718FF801B4045FA
:10218000E3D83B6F9B07F7D5002D3FF440AF44E009
:10219000424A434E1360FEF709FF054604E0FEF78E
:1021A00005FF401B0228D0D833689907F7D423686D
:1021B000F9E601283FF448AF6B68E26903F4800157
:1021C00091427FF464AF226A03F03F0191427FF4B1
:1021D0005EAF616A47F6C0721A40B2EB811F7FF4AE
:1021E00056AFA26A520803F44031013AB1EB024FF4
:1021F0007FF44DAFE26A03F07063B3EB026F14BF7C
:102200000120002020E7264B1A6842F480221A6041
:102210001A6842F480321A606DE7214A136C23F089
:1022200080531364F3E6012070471D4B1A6F42F090
:1022300004021A671A6F42F001021A678EE7FEF76E
:10224000B5FE064605E0FEF7B1FE801B02283FF60C
:102250007CAF2B689901F6D4D4E90731626A0B434D
:1022600043EA8213D4E90A21520843EA0163013A9E
:102270000A4943EA024301226B600A66FEF796FEB2
:10228000074D044605E0FEF791FE001B02283FF6CD
:102290005CAF2B689A01F6D5D5E600BF0000474237
:1022A0000038024070B50D4688B0144600BB224E7F
:1022B0000190326B42F001023263326B059002F002
:1022C000010201924FF480720392022203460199A7
:1022D00004921A480793032203A90692FFF746FCCB
:1022E000B26822F0EC622A432243B26008B070BDAB
:1022F000114E134800230293326B42F00402326302
:10230000326B059302F0040202924FF400720392C2
:1023100002220299049203A9032207930692FFF76F
:1023200025FCB36823F0784343EA050141EAC40180
:10233000B16008B070BD00BF00380240000002402C
:1023400000080240014B0122DA6470470000474256
:10235000014B0022DA64704700004742164908B575
:102360008B6803F00C03042B1BD0082B17D14A6891
:102370004B68496813F4800302F03F0213D10F4801
:10238000C1F38811A1FB000102F0A6FE0A4B5B68B5
:10239000C3F3014301335B00B0FBF3F008BD074812
:1023A00008BD074808BD0648C1F388110023A1FBFA
:1023B000000102F091FEE9E7003802400024F40039
:1023C00040787D01002800F08780484A136803F0B8
:1023D00007038B422DE9F0410D46044609D2CBB2EA
:1023E0001370136803F007038B4202D00120BDE88D
:1023F000F0812368980714D5590704D53C498A68A9
:1024000042F4E0528A601A0704D539498A6842F4D6
:1024100060428A603649A0688A6822F0F00202436E
:102420008A60DF0721D56268012A57D0931E012BED
:102430002F4B1B684DD99907D8D52D4EB36823F083
:1024400003031343B360FEF7B1FD41F2883807463A
:1024500004E0FEF7ABFDC01B404544D8B36862689A
:1024600003F00C03B3EB820FF3D1204A136803F09F
:102470000703AB4206D9EBB21370136803F00703EE
:10248000AB42B3D123685A0706D51949E0688A6878
:1024900022F4E05202438A601B0707D5144A2169DF
:1024A000936823F4604343EAC1039360FFF756FF48
:1024B0000F4A104C92681049C2F303120346A25C03
:1024C0000E48D34000680B60FEF728FD0020BDE8F1
:1024D000F0819801B1D489E701207047044B1B6853
:1024E0009E03AAD482E7032081E700BF003C02409C
:1024F00000380240A49E0008140000201C000020A8
:10250000014B1868704700BF14000020044B0549B8
:102510009B68054A0868C3F38223D35CD8407047A0
:102520000038024014000020B49E0008044B054906
:102530009B68054A0868C3F34233D35CD8407047B0
:102540000038024014000020B49E00080F22244BE3
:1025500002601A68510334D54FF4A0234360204B26
:102560001A6802F00102C2601A68C2F3C402026172
:102570001A6F52072DD505238360194B5A6F02F04D
:10258000010242611A6812F0807F14BF0222012208
:1025900082615A6802F48002C2615A6802F03F0206
:1025A00002625A68C2F3881242625A6802F44032E8
:1025B00002F58032D20B82625B68C3F30363C362AD
:1025C00070471B6813F4803318BF4FF480334360A7
:1025D000C5E71B6F13F0010318BF01238360CCE72D
:1025E000003802400E4B0F2202609A6802F003028C
:1025F00042609A6802F0F00282609A6802F4E05247
:10260000C2609B68DB0810B403F4E053054C03611F
:1026100023685DF8044B03F007030B60704700BFAD
:1026200000380240003C0240704700BF10B5054C26
:10263000E3681B0600D410BDFFF7F6FF8023A373E9
:1026400010BD00BF00380240026802F10C0353E8DD
:10265000003F23F4907302F10C0C4CE80031002988
:10266000F3D102F1140353E8003F23F0010302F118
:10267000140C4CE800310029F3D1036B012B05D079
:102680002022002380F842200363704702F10C03EC
:1026900053E8003F23F0100302F10C0C4CE800312A
:1026A0000029F3D1ECE700BF0268116938B5044690
:1026B000C068A36821F440510143206911610343BC
:1026C0006069D1680343E06921F4164121F00C01EF
:1026D00003430B43D3605369A069284923F4407333
:1026E00003438A42536129D0254B9A4226D0FFF7F3
:1026F0000DFFE369B3F5004F26D16268214D9218B2
:102700004FF019014FF000035B41A0FB010102F003
:10271000E3FCA5FB00325109642303FB1103DB003A
:102720003233A5FB0323C3F342121B09246802EBD7
:10273000011203F4F8731344A36038BDFFF7F6FEEB
:10274000E369B3F5004FD8D0636819219A00A0FB64
:1027500001019B0F02F0C0FC0A4AA2FB00135B09B7
:102760002168642404FB130000013230A2FB002026
:102770001B0103EB5010886038BD00BF0010014002
:10278000001401401F85EB51704700BF70B310B5B6
:1027900090F84130044603F0FF0213B3226824236B
:1027A00084F84130D36823F400532046D360FFF708
:1027B0007BFF2368196921F490411961596921F05F
:1027C0002A015961D96800224FF0200C41F40051D0
:1027D000D960626484F841C084F842C010466263E4
:1027E00010BD80F84020FEF7B9F9D7E70120704707
:1027F000002832D010B590F84130044603F0FF02B3
:1028000033B32268242384F84130D36823F400537F
:102810002046D360FFF748FF2368196921F49041EF
:102820001961596921F022015961596941F0080182
:102830005961D96800224FF0200C41F40051D96051
:10284000626484F841C084F842C01046626310BDDF
:1028500080F84020FEF782F9D3E70120704700BFDF
:10286000002839D038B590F841300D46044603F0C1
:10287000FF0263B32268242384F84130D36823F431
:1028800000532046D360FFF70FFF2368196921F436
:1028900000611961596921F02A015961196941F4EE
:1028A00080411961196921F02001196119690D43ED
:1028B0001D61D9680022202541F40051D96062646D
:1028C00084F8415084F842501046626338BD80F865
:1028D0004020FEF743F9CDE70120704700283ED0A5
:1028E00070B590F8413016460D46044603F0FF02DD
:1028F000002B2FD02268242384F84130D36823F49E
:102900000053D3602046FFF7CFFE23681A6922F4F4
:1029100090421A615A6922F02A025A611A6922F019
:102920000F021A6119690D431D61DA6822F4006211
:10293000DA60DA681643DE60DA680021202542F4A6
:102940000052DA60616484F8415084F842500846CD
:10295000616370BD80F84020FEF700F9CAE70120EE
:10296000704700BF704700BFB8B10268242310B59C
:1029700080F84130D36823F400530446D360FEF757
:102980006DF90023636484F8403084F8413084F8A2
:10299000423018462363636310BD0120704700BFB7
:1029A0002DE9F843064690F8410020284BD189468E
:1029B00009B1144612B90120BDE8F8831D464FF055
:1029C00000082123C6F8448086F84130FEF7EEFA6D
:1029D000B368B484B3F5805FF484074636D0F38CD3
:1029E00034689BB213B917E0681C1DD12268110628
:1029F000FAD5B9F1000F20D019F8013B6360F38CD0
:102A0000013B9BB2F384F38C9BB2002BEED1236885
:102A10005B0604D46A1C25D123685B06FAD5202303
:102A200086F841300020C7E7FEF7C0FAC01B854298
:102A300012D38DB13468E368D8E738F8023BC3F3AA
:102A400008036360DBE70220BDE8F8833369002BED
:102A5000C5D1C8469946C2E7202386F841300320F5
:102A6000BDE8F883FEF7A2FAC01B8542F4D3002D1F
:102A7000F2D03468E368CFE72DE9F047074690F8D5
:102A80004200202882B06ED18A4609B114461AB994
:102A9000012002B0BDE8F08700251E4622237D6498
:102AA00087F842303D63FEF781FABB68BC85B3F519
:102AB000805FFC8580465AD0A946FB8D9BB2FBB156
:102AC0003D6801E0711C22D12C6814F02004F9D07B
:102AD000BAF1000F41D0BB68B3F5805F04D0002B82
:102AE00037D13B69002B34D16B68DBB20AF8013B6C
:102AF000FB8D013B9BB2FB85FB8D9BB2002BDFD195
:102B00002023002087F8423002B0BDE8F087FEF7AE
:102B10004DFAA0EB0800864214D39EB13D68EB68E5
:102B20005A07D1D52B681B07CED501942B6801938A
:102B30006B6801933846019BFFF786FD08237B6491
:102B400087F840402023032087F8423002B0BDE8D8
:102B5000F0876B6803F07F03C8E76B68C3F3080373
:102B600029F8023BC4E7022002B0BDE8F0873B69C8
:102B7000002BA1D1D1469A469FE700BF90F8413083
:102B8000202B15D101B10AB90120704710B40023E0
:102B9000046801622121C284436480F84110E16825
:102BA000828441F08001E16018465DF8044B704773
:102BB0000220704790F84230202B03D101B11AB99E
:102BC000012070470220704700230363C2854364DD
:102BD000036981622221828580F8421053B903681B
:102BE0005A6942F001025A61DA6842F0200200207C
:102BF000DA6070470368DA6842F48072DA60EFE7FF
:102C0000F8B5044690F84100202803D101B11AB963
:102C10000120F8BD0220F8BDE284A284A06BDFF899
:102C200050C0114F114E21621346226800254FF00B
:102C3000210E6564043284F841E0C0E90FC7C0E9A1
:102C40001365FEF7FDFC22686FF04003136002F18C
:102C5000140353E8003F43F0800302F1140141E8FC
:102C600000300028F3D1F8BD2932000841320008B5
:102C7000D93100080368596990F84120212A06D00B
:102C8000596990F84220222A10D000207047090686
:102C9000F6D503F1140252E8002F22F0800203F16E
:102CA000140C4CE800210029F3D1E9E74A06ECD5E1
:102CB00003F10C0252E8002F22F4807203F10C00A1
:102CC00040E800210029F3D103F1140252E8002F5B
:102CD00022F0010203F1140040E800210029F3D1A1
:102CE00003F1140252E8002F22F0400203F1140015
:102CF00040E800210029F3D1C7E700BF90F8413038
:102D0000212B05D090F84230222B12D000207047A2
:102D1000036803F1140252E8002F42F0800203F12D
:102D2000140C4CE800210029F3D190F84230222BFA
:102D3000ECD182B00368002201921A6801925968AE
:102D40000269019101995AB103F10C0252E8002F76
:102D500042F4807203F10C0040E800210029F3D115
:102D600003F1140252E8002F42F0010203F11400B3
:102D700040E800210029F3D103F1140252E8002FAA
:102D800042F0400203F1140040E800210029F3D191
:102D9000002002B0704700BF10B50368596990F871
:102DA0004120212A044606D0596994F84220222A5B
:102DB00028D0002010BD0906F6D503F1140252E810
:102DC000002F22F0800203F1140040E800210029C6
:102DD000F3D1A06B10B1FEF773FC236803F10C0272
:102DE00052E8002F22F0C00203F10C0040E800215D
:102DF0000029F3D1202284F84120596994F8422017
:102E0000222AD6D14A06D4D503F1140252E8002F63
:102E100022F0400203F1140040E800210029F3D120
:102E2000E06B08B1FEF74CFC2046FFF70DFC0020DC
:102E300010BD00BF2DE9F0471D4690F8423082B02A
:102E4000202BDDF8289060D18A4609B117461AB9BF
:102E5000012002B0BDE8F0874FF0000822230446AD
:102E6000C0F8448080F8423001230363C0F8348006
:102E7000FEF79CF8A368A785B3F5805FE785064653
:102E800047D000272F80E38D9BB213BB47E0A36898
:102E9000B3F5805F04D0002B33D12369002B30D1F0
:102EA0005368DBB20AF8013B2B8801332B80E38D9A
:102EB000013B9BB2E385B9F1FF3F07D0FEF776F8FF
:102EC000801B484536D8B9F1000F33D0E28D92B25D
:102ED0002AB322681368D90607D5019713680193AE
:102EE000536801932B8801994BBB13689B06E2D56D
:102EF000BAF1000FCBD15368C3F3080328F8023BA3
:102F0000D2E7536803F07F03CCE7022002B0BDE8AC
:102F1000F0872369002BB4D1D0469A46B1E7E18D02
:102F2000A38D20225B1A00202B8084F8422002B05F
:102F3000BDE8F087202384F84230032089E702228D
:102F400020236263002084F8423082E790F8423008
:102F5000202B03D101B11AB901207047022070471C
:102F600010B40023012404634363C28543640369EE
:102F70008162222183B0828580F8421083B9036880
:102F80005A6942F001025A61DA6842F02002DA60BE
:102F9000026B012A0AD0012003B05DF8044B704790
:102FA0000368DA6842F48072DA60E9E7002201928D
:102FB0001A6801925A680192019A03F10C0252E8D0
:102FC000002F42F0100203F10C0141E8002000281C
:102FD000F3D1E1E7406B7047036810B5044603F195
:102FE0000C0252E8002F22F4F07203F10C0040E8CA
:102FF00000210029F3D103F1140252E8002F22F03E
:10300000010203F1140040E800210029F3D1226BF2
:10301000012A39D05A69110621D45A69520612D5AB
:1030200003F1140252E8002F22F0400203F11400D1
:1030300040E800210029F3D1E06B20B10165FEF7E3
:103040003FFB002836D100232022E384E38563641C
:1030500084F8422084F841201846236310BD03F110
:10306000140252E8002F22F0800203F1140040E81D
:1030700000210029F3D1A06B0028CED00165FEF716
:103080001FFB70B92368C8E703F10C0252E8002F58
:1030900022F0100203F10C0040E800210029F3D1D6
:1030A000B8E7A06BFEF760FD2028EBD11023636426
:1030B000032010BDE06BFEF757FD2028C3D1F5E7D4
:1030C000026810B5044602F10C0353E8003F23F0F8
:1030D000C00302F10C0040E800310029F3D153692C
:1030E0001B0605D400202023E08484F8413010BD65
:1030F00002F1140353E8003F23F0800302F11400AF
:1031000040E800310029F3D1A06B0028EAD0016526
:10311000FEF7D6FA0028E5D0A06BFEF725FD2028A3
:10312000E0D110236364032010BD00BF036810B515
:10313000044603F10C0252E8002F22F4907203F1CE
:103140000C0040E800210029F3D103F1140252E8F9
:10315000002F22F0010203F1140040E800210029B1
:10316000F3D1226B012A27D05A69520607D40023D3
:103170002022E38584F842201846236310BD03F122
:10318000140252E8002F22F0400203F1140040E83C
:1031900000210029F3D1E06B0028E8D00165FEF79B
:1031A0008FFA0028E3D0E06BFEF7DEFC2028DED1AA
:1031B00010236364032010BD03F10C0252E8002FBA
:1031C00022F0100203F10C0040E800210029F3D1A5
:1031D000CAE700BF704700BF08B50368806B1B6873
:1031E00013F480731AD10268C38402F1140353E804
:1031F000003F23F0800302F1140040E80031002971
:10320000F3D102F10C0353E8003F43F0400302F115
:103210000C0040E800310029F3D108BD00F080FE29
:1032200008BD00BF704700BF08B5806BFFF7FAFF0D
:1032300008BD00BF704700BF704700BF704700BFA8
:1032400008B5806B0268516990F84130212B0BD092
:10325000526990F84230222B1ED0436C43F0100389
:103260004364FFF7EBFF08BD0906F1D50023C384D3
:1032700002F10C0353E8003F23F0C00302F10C0CF1
:103280004CE800310029F3D1202380F84130526905
:1032900090F84230222BE0D15306DED50023C385BF
:1032A000FFF7D2F9D9E700BF08B5806B0023C385CB
:1032B000C384FFF7C3FF08BD704700BF036870B544
:1032C000054603F10C0252E8002F22F4F07203F1DC
:1032D0000C0040E800210029F3D103F1140252E868
:1032E000002F22F0010203F1140040E80021002920
:1032F000F3D12A6B012A52D0A86B28B15A6912F077
:10330000800218BF314A0265E96B29B15A6912F08F
:10331000400218BF2E4A0A655A69140626D45A6913
:10332000520614D5012403F1140252E8002F22F0B2
:10333000400203F1140040E80026002EF3D10029DA
:103340003AD00846FEF704FA70B1EB6B1E65002315
:103350002022EB842846EB856B6485F8412085F8B4
:1033600042202B63FFF7A8FF002070BD03F1140279
:1033700052E8002F22F0800203F1140646E80024F0
:10338000002CF3D10028CAD0FEF7E2F92B68B8B1BF
:10339000A96B5A690C655106D9D5E96BC2E703F1EF
:1033A0000C0252E8002F22F0100203F10C0040E85A
:1033B00000210029F3D19FE7012CC8D0002070BD67
:1033C0005A695006D0D5E96BADE700BF0534000857
:1033D000D5330008806B08B5D0E90E3200211165A5
:1033E00013B11B6D03B108BD00232022C384C38524
:1033F000436480F8412080F842200363FFF75CFFBC
:1034000008BD00BF806B08B5D0E90E23002111650F
:1034100013B11B6D03B108BD00232022C384C385F3
:10342000436480F8412080F842200363FFF744FFA3
:1034300008BD00BF704700BF026810B5044602F126
:103440000C0353E8003F23F0C00302F10C0040E8F6
:1034500000310029F3D1536913F0800320D002F129
:10346000140353E8003F23F0800302F1140040E806
:1034700000310029F3D1A06B48B10E4B0365FEF774
:1034800067F910B1A06B036D9847002010BD202391
:10349000E084204684F84130FFF7CCFF002010BDC7
:1034A0002022E384204684F84120FFF7C3FF002058
:1034B00010BD00BFB934000808B5806B002220237E
:1034C000C28480F84130FFF7B5FF08BD704700BFE8
:1034D000036810B5044603F10C0252E8002F22F4F1
:1034E000907203F10C0040E800210029F3D103F1B0
:1034F000140252E8002F22F0010203F1140040E808
:1035000000210029F3D1226B012A1CD05A6912F044
:1035100040022FD003F1140252E8002F22F04002A3
:1035200003F1140040E800210029F3D1E36BBBB1A3
:10353000154A1A651846FEF70BF910B1E06B036DDA
:103540009847002010BD03F10C0252E8002F22F032
:10355000100203F10C0040E800210029F3D1D5E767
:103560002022E385204684F842202363FFF7AEFF44
:10357000002010BD2023E285204684F842302263DB
:10358000FFF7A4FF002010BD8D35000808B5806B43
:1035900000232022C38580F842200363FFF796FFB3
:1035A00008BD00BF704700BF806B08B501234363AF
:1035B000036B012B02D0FFF73FFE08BD818D490848
:1035C000FFF7F0FF08BD00BF08B50368806B1A68FD
:1035D00012F480722BD10368C28503F10C0252E809
:1035E000002F22F4807203F10C0C4CE8002100291A
:1035F000F3D103F1140252E8002F22F0010203F18B
:10360000140C4CE800210029F3D103F1140252E814
:10361000002F22F0400203F1140C4CE80021002995
:10362000F3D1202280F84220026B012A07D0002328
:103630004363036B012B0FD000F0A2FC08BD03F124
:103640000C0252E8002F22F0100203F10C0C4CE89F
:1036500000210029F3D1EAE7818DFFF7A3FF08BD20
:103660008368B3F5805F45D0826A002B3AD0036847
:103670005B6803F07F031370836A01338362C38D39
:10368000013B9BB2C385002B33D10268D16821F086
:10369000200100B5D160D16821F48071D1605169F9
:1036A0004FF0200C21F00101516180F842C04363CA
:1036B000016B012983B028D1036302F10C0353E8A5
:1036C000003F23F0100302F10C0C4CE800310029FC
:1036D000F3D11368DB0622D4818DFFF763FF03B0BB
:1036E0005DF804FB0369002BC1D103685B681370AC
:1036F000C2E7704703696BB90268836A5268C2F314
:10370000080223F8022B8362B9E700F039FC03B00A
:103710005DF804FB0368826A5B681370ACE7019193
:103720001368019353680193019BD5E770B5036853
:103730001A68D9685E6912F00F0F82B004461D4600
:1037400070D1930602D58E0600F1D680236B012B33
:103750000BD0160602D5080600F1A480520602D549
:103760004B0600F1BE8002B070BDD606F1D5C8068A
:10377000EFD5002301932B6801936B680193019BA4
:103780006B695B0640F1E680E06B03685B689BB2A7
:10379000002BE8D0A28D9A42E5D9E385C369B3F541
:1037A000807F36D005F10C0353E8003F23F480738B
:1037B00005F10C0141E80032002AF3D105F11403B0
:1037C00053E8003F23F0010305F1140141E8003202
:1037D000002AF3D105F1140353E8003F23F040031E
:1037E00005F1140141E80032002AF3D1202384F8C6
:1037F0004230226305F10C0353E8003F23F010032D
:1038000005F10C0141E80032002AF3D1FDF758FF21
:10381000A28D02236363E38DD21A204691B2FFF793
:10382000C1FEA0E706F0010601F4907030438DD090
:10383000D00705D5CD0503D5606C40F0010060646C
:10384000500726D52EB1606C950740F002006064E9
:1038500023D4150707D501F02000304303D0606C56
:1038600040F008006064606C00283FF47CAF900674
:1038700002D58A0600F1A9805B69656C03F04003FC
:1038800005F008051D4320463FD1FFF7D7FC6564CE
:1038900069E79007DDD5002EDBD0606C40F00400B6
:1038A0006064D6E794F84130212B7FF45CAFA368C5
:1038B000B3F5805F00F09380236A5A1C22621B7864
:1038C0006B60E38C013B9BB2E384002B7FF44BAF36
:1038D000EB6823F08003EB60EB6843F04003EB60A0
:1038E00041E7EB68202223F04003EB60204684F898
:1038F000412000F015FB36E790F84230222B7FF490
:1039000032AF02B0BDE87040AAE6FEF79DFE256822
:103910006B695B061AD505F1140353E8003F23F0E9
:10392000400305F1140141E80032002AF3D1E06BB5
:1039300060B1314B0365FDF70BFF00283FF413AF77
:10394000E06B036D02B0BDE8704018472046FFF7FA
:1039500075FC08E7E28DE38D9BB292B2002B3FF439
:1039600002AFA18D8A1A91B200293FF4FCAE05F195
:103970000C0353E8003F23F4907305F10C0040E87A
:103980000032002AF3D105F1140353E8003F23F07D
:10399000010305F1140040E80032002AF3D120238E
:1039A00084F84230226305F10C0353E8003F23F012
:1039B000100305F10C0040E80032002AF3D1022385
:1039C00063632046FFF7EEFDCDE694F84220222AFD
:1039D0007FF452AF2046FFF743FE23684CE723698C
:1039E000002B7FF469AF236A33F8022BC2F308027D
:1039F0006A60236265E700BFA932000890F8403092
:103A0000012B19D001222423016880F8402080F87E
:103A1000413001F10C0353E8003F43F0010301F191
:103A20000C0C4CE80032002AF3D1202380F84130FE
:103A300080F84020104670470220704790F84030D0
:103A4000012B1AD001222423016880F8402080F83D
:103A5000413001F10C0353E8003F43F0020301F150
:103A60000C0C4CE80032002AF3D1202380F84130BE
:103A700080F840204263104670470220704700BF24
:103A800090F84030012B1AD001222423016880F8DD
:103A9000402080F8413001F10C0353E8003F23F04F
:103AA000020301F10C0C4CE80032002AF3D1202370
:103AB00080F8413080F84020426310467047022071
:103AC000704700BF90F84030012B12D001682423CA
:103AD00080F84130CB6823F00C03002243F0080348
:103AE0004FF0200CCB6080F841C080F84020104699
:103AF00070470220704700BF90F84030012B12D071
:103B00000168242380F84130CB6823F00C030022A5
:103B100043F004034FF0200CCB6080F841C080F8E4
:103B20004020104670470220704700BF90F84120A7
:103B300090F8420010437047406C7047036910B41E
:103B4000002481622221C2858285446480F842106B
:103B500063B903685A695DF8044B42F001025A6187
:103B6000DA6842F020020020DA6070470368DA6801
:103B700042F48072DA60EDE770B522230025044636
:103B80004564816280F842308285C06B1E4E0565B7
:103B900013460A462168C6631C4E06641C4EC66462
:103BA00082B00431FDF74CFD236801951A6801923B
:103BB00059682269019101995AB103F10C0252E846
:103BC000002F42F4807203F10C0040E8002100292C
:103BD000F3D103F1140252E8002F42F0010203F185
:103BE000140040E800210029F3D103F1140252E847
:103BF000002F42F0400203F1140141E800200028A8
:103C0000F3D102B070BD00BFC9350008A935000866
:103C10004132000890F842C0BCF1200F05D130B409
:103C200001B122B9012030BC704702207047002446
:103C3000046330BCFFF7A0BF90F842C0BCF1200F76
:103C400006D139B330B583B022B9012003B030BDFD
:103C50000220704701230363002343630446FFF7F8
:103C60008BFF0028F2D1236B012BEED1226801904B
:103C70001368019353680193019B02F10C0353E80D
:103C8000003F43F0100302F10C0444E80031002926
:103C9000F3D1DBE70120704710B50B68104C0268C8
:103CA000A3420FDDA3EB040CA44502F1010E12DDCB
:103CB00003F1084303F54A0303F5D84302320260D7
:103CC0000B6010BD002BFADA1B1902F1FF32FBD496
:103CD00002600B6010BD7246634602600B6010BD4F
:103CE00000CA9A3B30B443684D680C6812490268B8
:103CF0002B448B4222440FDD5C1A8C4202F10105F9
:103D000014DD03F1084303F54A0303F5D8430232F7
:103D100030BCC0E900237047002BF9DA5B1802F1D0
:103D2000FF32FBD430BCC0E9002370472A4623464B
:103D3000C0E9002330BC704700CA9A3B30B44368E6
:103D40004D680C68134902685B1B8B42A2EB0402AE
:103D50000FDD5C1A8C4202F1010514DD03F108430A
:103D600003F54A0303F5D843023230BCC0E900230F
:103D70007047002BF9DA5B1802F1FF32FBD430BC3C
:103D8000C0E9002370472A462346C0E9002330BC1F
:103D9000704700BF00CA9A3BF8B557EC106B054658
:103DA000006800F01DFE32463B4600F083FE01F045
:103DB0001BF90446686800F013FE32463B4600F0EB
:103DC00079FE01F011F9124A904203460FDD811A83
:103DD000914204F1010014DD03F1084303F54A03A5
:103DE00003F5D8430234C5E900432846F8BD00284E
:103DF000F9DA9B1804F1FF34FBD4C5E900432846E7
:103E0000F8BD04460B46C5E900432846F8BD00BF8F
:103E100000CA9A3B10B5002394B0CDE90B33CDE92D
:103E20000933CDE90333CDE905331F4901930D93E0
:103E30000793086C1D4A40F080500864096C01F03B
:103E40008051019101990293116841F44041116040
:103E500012680F9302F440420292102301220224BE
:103E6000CDE90B230298089408214822042308A8CE
:103E7000CDE91012CDE912430E94FEF72FF808B1E8
:103E800072B6FEE70F210346CDE903144FF48052CA
:103E900003A82146CDE905320793FEF793FA08B14E
:103EA00072B6FEE714B010BD00380240007000404A
:103EB00072B6FEE70000000010B50A4CB0F904002D
:103EC0000123236000F08CFDC4E90201FDF76EF8C8
:103ED000054BA3FB0030800900F072FDC4E904012A
:103EE00010BD00BF70230020D34D621010B5B0F993
:103EF0000400094C00F074FD0123C4E906012362AB
:103F0000FDF754F8054BA3FB0030800900F058FD85
:103F1000C4E9040110BD00BF70230020D34D62101E
:103F200070B5144CA06A90F84130202B00D070BDC1
:103F3000114E3378002BFAD1D4F83034D4F834242D
:103F400001219342317012D094BFC2F500759B1AC3
:103F50000A498CBF9DB2ADB211442A46FEF750FE0D
:103F6000D4F834241544C5F30805C4F834540023A8
:103F7000337070BD70230020F02D0020A02500209C
:103F800003494FF40072886A2C31FFF743BE00BF2B
:103F900070230020B0F5007F08B503D0B0F5004FC6
:103FA0001FD008BD2C484FF48071FDF75DFF2B4BEF
:103FB00000280CBF012200221A60294B32D0D3F80E
:103FC000602912F5004F16BFD3F8602947F6FF723B
:103FD00002F1FF32C3F86029D3F86029A3F86829F9
:103FE00008BD00F1804000F5C4304021FDF73CFFE2
:103FF0001A4B002814BF012200225A60184B1ED110
:10400000D3F86C2912F5004F16BFD3F86C2947F688
:10401000FF7202F1FF32C3F86C29D3F86C29A3F8C0
:10402000742908BDD3F8601947F6FF72914216BF94
:10403000D3F860290B4A0132C3F86029CCE7D3F8E2
:104040006C1947F6FF72914216BFD3F86C29054AE6
:104050000132C3F86C29E0E700080240200000208C
:10406000702300200080FFFF2DE9F041384D394CCE
:10407000B5F96839D5F87829DFF8E08003F57F4392
:10408000FF339B1A84FB0324E218DC17C4EBE234F1
:10409000C4EB04441C1B42F210739C42C4BFA4F541
:1040A0007F44FF3CC5F87C49FCF780FF034620466F
:1040B0001C4600F095FC20A3D3E9002300F024FE69
:1040C0000646204644460F4600F07AFCF4E80423F6
:1040D00000F038FB02460B463046394600F014FE2D
:1040E00002460B4644E9022315A3D3E9002300F05E
:1040F000E1FC194B002200F007FE13A3D3E90023D3
:1041000000F002FE00F098FF07EE900ABDEEE77A9D
:10411000B5F96839C5F8783917EE103A2060A5F876
:104120009839FCF743FF00F04BFCC8E90001BDE8FB
:10413000F08100BFAFF300800000000080A9C34001
:1041400000000000004CDD40C3F5285C8FC2A53F95
:10415000702300200180008000000840F02C002027
:104160002DE97043364D374CB5F97439D5F89C2993
:1041700003F57F43FF339B1A84FB0324E218DC170B
:10418000C4EBE234C4EB04441C1B42F210739C42A7
:10419000C4BFA4F57F44FF3CC5F8A049FCF706FF67
:1041A000034620461C4600F01BFC1FA3D3E9002356
:1041B00000F0AAFD80462046234C894600F000FC12
:1041C00054E9022300F0BEFA02460B464046494637
:1041D00000F09AFD264602460B46E6E8022314A3A9
:1041E000D3E9002300F066FC184B002200F08CFDA0
:1041F00011A3D3E9002300F087FD00F01DFF07EEB7
:10420000900ABDEEE77AB5F97439C5F89C3917EE16
:10421000103A3060A5F8C039FCF7C8FE00F0D0FBBA
:1042200044E90201BDE870830000000080A9C3409A
:1042300000000000004CDD40C3F5285C8FC2A53FA4
:104240007023002001800080202D00200000084005
:104250000A4601460120FCF7D5BA00BF0A460146CE
:104260000220FCF7CFBA00BF0A4601460320FCF744
:10427000C9BA00BF0A4601460420FCF7C3BA00BF12
:10428000002211461046FCF7BDBA00BF002804DD2D
:104290000029D4BF02200120704701D1002909DB89
:1042A000002905DC28B100290CBF03200420704739
:1042B00003207047022070472DE9F84F374CD4F89F
:1042C000D059D4F8CC39D4F8C8698246284623F0AE
:1042D000004700F085FB32463B468046894600F0A9
:1042E0005BFEB0B301352E4BD4F8E0B953E902635D
:1042F000584623F0004700F073FB32463B468046A9
:10430000894600F049FE70B30BF1010B85F30805F7
:104310008BF3080205EB0521C4F8E029BAF1010F7F
:1043200002EB0222C4F8D059C4F8E419C4F8E82911
:1043300024D0BAF1020F2BD0BAF1030F1ED0BAF17C
:10434000040F20D00022BDE8F84F11461046FCF7BC
:1043500059BA32463B464046494600F03BFE0028EB
:10436000C1D0013DBFE732463B464046494600F0DA
:1043700031FE0028CAD00BF1FF3BC7E75046BDE82D
:10438000F84FFCF73FBABDE8F84F0220FCF73ABA05
:10439000BDE8F84F0420FCF735BA00BF70230020B9
:1043A000502D002070B52A4D00248AB04FF40072C1
:1043B00005F12C01A86AFFF72DFC22462146204674
:1043C000C5F81049C5F81449C5F81C49C5F818497D
:1043D000FCF718FADFF884C0BCE80F006E460FC681
:1043E0005CF8043B3360BCE80F000DF1140EAEE83E
:1043F0000F00DCF80030CEF8003005A96846FBF766
:10440000A9FF05F6A8010B46224602E00132192A4F
:104410000BD053F8040F0028F8D105EB82030D48A8
:10442000C3F8AC086432C5F8F029002302E0013378
:10443000192B0BD051F8042F002AF8D105EB830279
:104440000549C2F8AC186433C5F80C3A0AB070BD1F
:10445000702300205C2D0020782D0020E09E0008B5
:104460002DE9F04F2DED048B6F4C83B004F1240047
:1044700005F0A2F9FCF79AFDD4F8283AC4F8240A0A
:10448000C31A1E2B00F3BF802368012B04D003B096
:10449000BDEC048BBDE8F08F236A012BF7D1FCF74C
:1044A00085FDD4F82C3A9FED617A9FED618AC31A9D
:1044B00007EE903AF8EEE77A94ED026B87EE879A72
:1044C000824653EC162B16EE100A23F000418DEDB8
:1044D000006B00F0B1FD574BD3ED007A1F4607EE9D
:1044E000100AA037F0EEE77A77EE677A97ED007A58
:1044F000A9EE277A1E461D46F1EE048A67EE086A89
:1045000087ED007AB0EE667AA7EEA87A03F1500B39
:104510004035A436F0EEC77A17EE900A00F072FA32
:10452000D4E9068945E90201404629F0004100F03E
:1045300083FD56ED1F7A06EE900AF0EEE77A76EEEE
:10454000E77A96ED007AA9EE277A67EE086A86ED9B
:10455000007AB0EE667AA7EEA87AF0EEC77A17EE88
:10456000900A00F04FFA4BE902014046494600F03C
:104570003BFD8046DDE9000100F036FD4146FFF7D6
:1045800085FEC4F8380A48B90022002345E9022311
:104590004BE9022387ED008A86ED008AD4F83C3A85
:1045A00098420AD0002300223B603360002345E993
:1045B00002234BE90223C4F83C0AFCF7F7FC1E4B2C
:1045C000A3FB0030800900F0FBF9D4E9042300F0DC
:1045D000B9F81A4B002200F0FDFCD8B19FED107B1A
:1045E00005ED027BB0EE471AF0EE671AB0EE470A0F
:1045F000F0EE670A0BED027BD4F8380AFFF75CFE99
:10460000C4F82CAA43E7C4F8280AFFF7A9FDFFF76E
:104610002BFD39E715ED020B1BED021BECE700BF8C
:1046200000000000000000007023002000007A4419
:1046300000000000002D0020D34D62100000F03F6C
:104640000B6810B4084C5A0AA4FB024204684FEAF3
:10465000D21C04EBD2120260044A5DF8044B02FB48
:104660001C330B60704700BF834B040000CA9A3BA9
:104670000B4A10B582FB013C0A4CCA17C2EB2C73E3
:104680009C4604FB131308495A0AA1FB02120CEBC7
:10469000D211D20904FB123386460160436010BD7B
:1046A000A12FB84400CA9A3B834B0400D1E9001201
:1046B000436830B4094C0A4D1344026823440A4449
:1046C000590AA5FB0151013A02EBD112C90904FBB9
:1046D0001133026030BC4360704700BF00CA9A3B90
:1046E000834B040030B40B4C43684A6809680A4D98
:1046F00023449B1A0268013A521A590AA5FB015138
:1047000002EBD112C90904FB1133026030BC4360D3
:10471000704700BF00CA9A3B834B040038B5D1E90B
:104720000053516812685B1A01460446AA1A41F800
:10473000043F0260FFF7B0FA204638BD81F0004127
:1047400002E000BF83F0004330B54FEA41044FEA76
:10475000430594EA050F08BF90EA020F1FBF54EA11
:10476000000C55EA020C7FEA645C7FEA655C00F0AD
:10477000E2804FEA5454D4EB5555B8BF6D420CDD7E
:104780002C4480EA020281EA030382EA000083EA01
:10479000010180EA020281EA0303362D88BF30BDA1
:1047A00011F0004F4FEA01314FF4801C4CEA1131F7
:1047B00002D0404261EB410113F0004F4FEA033356
:1047C0004CEA133302D0524263EB430394EA050FE1
:1047D00000F0A780A4F10104D5F1200E0DDB02FA50
:1047E0000EFC22FA05F2801841F1000103FA0EF2E4
:1047F000801843FA05F359410EE0A5F120050EF1AA
:10480000200E012A03FA0EFC28BF4CF0020C43FADA
:1048100005F3C01851EBE37101F0004507D54FF0E7
:10482000000EDCF1000C7EEB00006EEB0101B1F537
:10483000801F1BD3B1F5001F0CD349085FEA30007D
:104840004FEA3C0C04F101044FEA445212F5800F88
:1048500080F09A80BCF1004F08BF5FEA500C50F125
:10486000000041EB045141EA050130BD5FEA4C0C08
:10487000404141EB0101013C28BFB1F5801FE9D265
:1048800091F0000F04BF01460020B1FA81F308BF88
:104890002033A3F10B03B3F120020CDA0C3208DD54
:1048A00002F1140CC2F10C0201FA0CF021FA02F12F
:1048B0000CE002F11402D8BFC2F1200C01FA02F19F
:1048C00020FA0CFCDCBF41EA0C019040E41AA2BFC4
:1048D00001EB0451294330BD6FEA04041F3C1CDA8C
:1048E0000C340EDC04F11404C4F1200220FA04F0AC
:1048F00001FA02F340EA030021FA04F345EA030156
:1049000030BDC4F10C04C4F1200220FA02F001FA17
:1049100004F340EA0300294630BD21FA04F0294699
:1049200030BD94F0000F83F4801306BF81F4801132
:104930000134013D4EE77FEA645C18BF7FEA655CA5
:1049400029D094EA050F08BF90EA020F05D054EA77
:10495000000C04BF1946104630BD91EA030F1EBF7C
:104960000021002030BD5FEA545C05D14000494180
:1049700028BF41F0004130BD14F580043CBF01F573
:10498000801130BD01F0004545F0FE4141F4700159
:104990004FF0000030BD7FEA645C1ABF1946104634
:1049A0007FEA655C1CBF0B46024650EA013406BF35
:1049B00052EA033591EA030F41F4002130BD00BFF4
:1049C00090F0000F04BF0021704730B54FF48064B1
:1049D00004F132044FF000054FF0000150E700BF32
:1049E00090F0000F04BF0021704730B54FF4806491
:1049F00004F1320410F0004548BF40424FF000017E
:104A00003EE700BF42004FEAE2014FEA31014FEAC0
:104A100002701FBF12F07F4393F07F4F81F060510F
:104A2000704732F07F4208BF704793F07F4F04BF5A
:104A300041F40021704730B54FF4607401F0004537
:104A400021F000411CE700BF50EA010208BF704797
:104A500030B54FF000050AE050EA010208BF704788
:104A600030B511F0004502D5404261EB41014FF4F1
:104A7000806404F132045FEA915C3FF4D8AE4FF0F9
:104A800003025FEADC0C18BF03325FEADC0C18BFDC
:104A9000033202EBDC02C2F1200300FA03FC20FA2D
:104AA00002F001FA03FE40EA0E0021FA02F114447A
:104AB000BDE600BF70B54FF0FF0C4CF4E06C1CEA93
:104AC00011541DBF1CEA135594EA0C0F95EA0C0F04
:104AD00000F0DEF82C4481EA030621EA4C5123EA77
:104AE0004C5350EA013518BF52EA033541F48011A6
:104AF00043F4801338D0A0FB02CE4FF00005E1FB59
:104B000002E506F00042E0FB03E54FF00006E1FBA2
:104B100003569CF0000F18BF4EF0010EA4F1FF04E5
:104B2000B6F5007F64F5407404D25FEA4E0E6D4125
:104B300046EB060642EAC62141EA55514FEAC52036
:104B400040EA5E504FEACE2EB4F1FD0C88BFBCF5B2
:104B5000E06F1ED8BEF1004F08BF5FEA500E50F163
:104B6000000041EB045170BD06F0004646EA010129
:104B700040EA020081EA0301B4EB5C04C2BFD4EB5B
:104B80000C0541EA045170BD41F480114FF0000E54
:104B9000013C00F3AB8014F1360FDEBF002001F0C2
:104BA000004170BDC4F10004203C35DA0C341BDC3C
:104BB00004F11404C4F1200500FA05F320FA04F00E
:104BC00001FA05F240EA020001F0004221F0004142
:104BD00010EBD37021FA04F642EB06015EEA430EB5
:104BE00008BF20EAD37070BDC4F10C04C4F12005E5
:104BF00000FA04F320FA05F001FA04F240EA020098
:104C000001F0004110EBD37041F100015EEA430E68
:104C100008BF20EAD37070BDC4F1200500FA05F288
:104C20004EEA020E20FA04F301FA05F243EA020307
:104C300021FA04F001F0004121FA04F220EA020016
:104C400000EBD3705EEA430E08BF20EAD37070BD5C
:104C500094F0000F0FD101F00046400041EB01013C
:104C600011F4801F08BF013CF7D041EA060195F01E
:104C7000000F18BF704703F00046520043EB0303D8
:104C800013F4801F08BF013DF7D043EA06037047C5
:104C900094EA0C0F0CEA135518BF95EA0C0F0CD0D0
:104CA00050EA410618BF52EA4306D1D181EA030116
:104CB00001F000414FF0000070BD50EA410606BF10
:104CC0001046194652EA430619D094EA0C0F02D155
:104CD00050EA013613D195EA0C0F05D152EA03369A
:104CE0001CBF104619460AD181EA030101F00041B8
:104CF00041F0FE4141F470014FF0000070BD41F001
:104D0000FE4141F4780170BD70B54FF0FF0C4CF4DA
:104D1000E06C1CEA11541DBF1CEA135594EA0C0FF9
:104D200095EA0C0F00F0A7F8A4EB050481EA030E46
:104D300052EA03354FEA013100F088804FEA03332D
:104D40004FF0805545EA131343EA12634FEA0222FB
:104D500045EA111545EA10654FEA00260EF00041BC
:104D60009D4208BF964244F1FD0404F5407402D20E
:104D70005B084FEA3202B61A65EB03055B084FEA9F
:104D800032024FF480104FF4002CB6EB020E75EB9C
:104D9000030E22BFB61A754640EA0C005B084FEAC4
:104DA0003202B6EB020E75EB030E22BFB61A754641
:104DB00040EA5C005B084FEA3202B6EB020E75EB8C
:104DC000030E22BFB61A754640EA9C005B084FEA04
:104DD0003202B6EB020E75EB030E22BFB61A754611
:104DE00040EADC0055EA060E18D04FEA051545EA00
:104DF00016754FEA06164FEAC30343EA52734FEAA9
:104E0000C2025FEA1C1CC0D111F4801F0BD141EA21
:104E100000014FF000004FF0004CB6E711F4801F86
:104E200004BF01430020B4F1FD0C88BFBCF5E06F66
:104E30003FF6AFAEB5EB030C04BFB6EB020C5FEA76
:104E4000500C50F1000041EB045170BD0EF0004ECB
:104E50004EEA113114EB5C04C2BFD4EB0C0541EAFD
:104E6000045170BD41F480114FF0000E013C90E6FA
:104E700045EA060E8DE60CEA135594EA0C0F08BFBE
:104E800095EA0C0F3FF43BAF94EA0C0F0AD150EABD
:104E900001347FF434AF95EA0C0F7FF425AF104650
:104EA00019462CE795EA0C0F06D152EA03353FF478
:104EB000FDAE1046194622E750EA410618BF52EAF5
:104EC00043067FF4C5AE50EA41047FF40DAF52EAC9
:104ED00043057FF4EBAE12E74FF0FF3C06E000BF66
:104EE0004FF0010C02E000BF4FF0010C4DF804CD73
:104EF0004FEA410C7FEA6C5C4FEA430C18BF7FEA33
:104F00006C5C1BD001B050EA410C0CBF52EA430C60
:104F100091EA030F02BF90EA020F0020704710F1E0
:104F2000000F91EA030F58BF994208BF90422CBF6F
:104F3000D8176FEAE37040F0010070474FEA410C68
:104F40007FEA6C5C02D150EA013C07D14FEA430C86
:104F50007FEA6C5CD6D152EA033CD3D05DF8040BF7
:104F6000704700BF8446104662468C461946634629
:104F700000E000BF01B5FFF7B7FF002848BF10F100
:104F8000000F01BD4DF808EDFFF7F4FF0CBF012045
:104F900000205DF808FB00BF4DF808EDFFF7EAFFC1
:104FA00034BF012000205DF808FB00BF4DF808ED7C
:104FB000FFF7E0FF94BF012000205DF808FB00BF71
:104FC0004DF808EDFFF7CEFF94BF012000205DF8FB
:104FD00008FB00BF4DF808EDFFF7C4FF34BF012008
:104FE00000205DF808FB00BF4FEA410212F50012F5
:104FF00015D211D56FF47873B3EB625212D94FEA20
:10500000C12343F0004343EA505311F0004F23FA09
:1050100002F018BF404270474FF00000704750EA5E
:10502000013005D111F0004008BF6FF0004070471B
:105030004FF00000704700BF4FEA4102B2F1E04379
:1050400024BFB3F5001CDCF1FE5C0DD901F0004C6F
:105050004FEAC0024CEA5070B2F1004F40EB8300BF
:1050600008BF20F00100704711F0804F21D113F1EB
:105070003872BCBF01F00040704741F480114FEA24
:105080005252C2F11802C2F1200C10FA0CF320FAAD
:1050900002F018BF40F001004FEAC1234FEAD323CA
:1050A00003FA0CFC40EA0C0023FA02F34FEA430334
:1050B000CCE77FEA625307D150EA01331EBF4FF0BD
:1050C000FE4040F44000704701F0004040F0FE40D8
:1050D00040F40000704700BF53B94AB9002908BF27
:1050E00000281CBF4FF0FF314FF0FF3000F074B9C3
:1050F000ADF1080C6DE904CE00F006F8DDF804E02F
:10510000DDE9022304B070472DE9F047089D04460D
:105110008E46002B4DD18A42944669D9B2FA82F26A
:1051200052B101FA02F3C2F1200120FA01F10CFAA6
:1051300002FC41EA030E94404FEA1C48210CBEFBDE
:10514000F8F61FFA8CF708FB16E341EA034306FB67
:1051500007F199420AD91CEB030306F1FF3080F0F6
:105160001F81994240F21C81023E63445B1AA4B243
:10517000B3FBF8F008FB103344EA034400FB07F7E5
:10518000A7420AD91CEB040400F1FF3380F00A8126
:10519000A74240F207816444023840EA0640E41B1B
:1051A00000261DB1D4400023C5E900433146BDE8C7
:1051B000F0878B4209D9002D00F0EF800026C5E969
:1051C000000130463146BDE8F087B3FA83F6002E81
:1051D0004AD18B4202D3824200F2F980841A61EBF9
:1051E000030301209E46002DE0D0C5E9004EDDE717
:1051F00002B9FFDEB2FA82F2002A40F09280A1EBFF
:105200000C014FEA1C471FFA8CFE0126200CB1FB53
:10521000F7F307FB131140EA01410EFB03F088424C
:1052200008D91CEB010103F1FF3802D2884200F2D9
:10523000CB804346091AA4B2B1FBF7F007FB10116B
:1052400044EA01440EFB00FEA64508D91CEB040409
:1052500000F1FF3102D2A64500F2BB800846A4EB64
:105260000E0440EA03409CE7C6F12007B34022FA4F
:1052700007FC4CEA030C20FA07F401FA06F31C437E
:10528000F9404FEA1C4900FA06F3B1FBF9F8200C8B
:105290001FFA8CFE09FB181140EA014108FB0EF0D1
:1052A000884202FA06F20BD91CEB010108F1FF3A21
:1052B00080F08880884240F28580A8F1020861442D
:1052C000091AA4B2B1FBF9F009FB101144EA01413B
:1052D00000FB0EFE8E4508D91CEB010100F1FF34E6
:1052E0006CD28E456AD90238614440EA0840A0FB7E
:1052F0000294A1EB0E01A142C846A64656D353D054
:105300005DB1B3EB080261EB0E0101FA07F722FA77
:1053100006F3F1401F43C5E9007100263146BDE8A0
:10532000F087C2F12003D8400CFA02FC21FA03F303
:10533000914001434FEA1C471FFA8CFEB3FBF7F084
:1053400007FB10360B0C43EA064300FB0EF69E42A9
:1053500004FA02F408D91CEB030300F1FF382FD242
:105360009E422DD9023863449B1B89B2B3FBF7F6EA
:1053700007FB163341EA034106FB0EF38B4208D9C3
:105380001CEB010106F1FF3816D28B4214D9023E04
:105390006144C91A46EA004638E72E46284605E722
:1053A0000646E3E61846F8E64B45A9D2B9EB0208F3
:1053B00064EB0C0E0138A3E74646EAE7204694E783
:1053C0004046D1E7D0467BE7023B614432E73046B6
:1053D00009E76444023842E7704700BF00B50B4C50
:1053E00025681446EE681A4685B003460D464CB152
:1053F00007490095CDE901143046064900F044F80C
:1054000001F08CFB04490C46F3E700BF28000020A4
:1054100098A20008A8A20008A4A2000808B5134694
:105420000022FFF7DBFF00BF002301461A461846A3
:1054300001F040BB014B1868704700BF28000020F6
:1054400038B5084B084D5B1B9C1007D0043B1D442E
:10545000013C55F804399847002CF9D1BDE8384093
:1054600004F006BD30A300082CA300080CB400B55E
:1054700083B004AB53F8042B019300F057FC03B046
:105480005DF804EB02B070470EB410B583B005AB05
:10549000064C53F8042B01930146206800F046FCAB
:1054A00003B0BDE8104003B0704700BF28000020E3
:1054B00070B50D4E0D4D761BB61006D0002455F874
:1054C000043B01349847A642F9D1094E094D761B99
:1054D00004F0C8FCB61006D0002455F8043B013493
:1054E0009847A642F9D170BD20A3000820A3000868
:1054F0002CA3000820A30008844641EA000313F00F
:1055000003036DD1403A41D351F8043B40F8043BCA
:1055100051F8043B40F8043B51F8043B40F8043B8D
:1055200051F8043B40F8043B51F8043B40F8043B7D
:1055300051F8043B40F8043B51F8043B40F8043B6D
:1055400051F8043B40F8043B51F8043B40F8043B5D
:1055500051F8043B40F8043B51F8043B40F8043B4D
:1055600051F8043B40F8043B51F8043B40F8043B3D
:1055700051F8043B40F8043B51F8043B40F8043B2D
:1055800051F8043B40F8043B403ABDD2303211D3CD
:1055900051F8043B40F8043B51F8043B40F8043B0D
:1055A00051F8043B40F8043B51F8043B40F8043BFD
:1055B000103AEDD20C3205D351F8043B40F8043BCD
:1055C000043AF9D2043208D0D2071CBF11F8013BCB
:1055D00000F8013B01D30B8803806046704700BF91
:1055E000082A13D38B078DD010F003038AD0C3F1A0
:1055F0000403D21ADB071CBF11F8013B00F8013B82
:1056000080D331F8023B20F8023B7BE7043AD9D340
:10561000013A11F8013B00F8013BF9D20B78037015
:105620004B7843708B7883706046704788420DD901
:105630008B1883420AD900EB020CBAB1624613F808
:1056400001CD02F801CD9942F9D170470F2A0ED849
:10565000034602F1FF3C4AB10CF1010C013B8C44C2
:1056600011F8012B03F8012F6145F9D1704740EA89
:1056700001039B0750D1A2F1100370B501F1200C7A
:1056800023F00F0501F1100E00F11004AC441B09CA
:105690005EF8105C44F8105C5EF80C5C44F80C5C3E
:1056A0005EF8085C44F8085C5EF8045C44F8045C4E
:1056B0000EF1100EE64504F11004E9D1013312F0A9
:1056C0000C0F01EB031102F00F0400EB031327D0C2
:1056D000043C24F003064FEA940C1E441C1F8E4623
:1056E0005EF8045B44F8045FB442F9D10CF10104A4
:1056F00002F0030203EB840301EB840102F1FF3C9F
:105700004AB10CF1010C013B8C4411F8012B03F858
:10571000012F6145F9D170BD02F1FF3C03469BE7C3
:105720002246EBE7830730B548D0541E002A3FD00D
:10573000CAB2034601E0013C3AD303F8012B9D07AE
:10574000F9D1032C2DD9CDB245EA05250F2C45EA18
:10575000054536D9A4F1100222F00F0C03F1200EFA
:10576000E6444FEA121C03F1100242E9045542E9F3
:10577000025510327245F8D10CF1010214F00C0FF1
:1057800003EB021204F00F0C13D0ACF1040323F06E
:1057900003030433134442F8045B9342FBD10CF03F
:1057A00003042CB1CAB21C4403F8012B9C42FBD168
:1057B00030BD64461346002CF4D1F9E70346144685
:1057C000BFE71A46A446E0E710B4044C03460A4675
:1057D00020685DF8044B194600F002B8280000204C
:1057E0002DE9F84F1746002900F0988007F10B05C6
:1057F00080460C4602F01CFB162D5DD810252A466B
:10580000AF425ED854F8041C21F003069642A4F17E
:10581000080962DABC4BD3F808C009EB06008445DE
:1058200000F09780D0F804C02CF0010303445B68BB
:10583000DB0768D42CF0030C06EB0C03934247DA29
:10584000CB0710D454F8083CA9EB030ADAF804306B
:1058500023F003018C44B444944580F21181731801
:10586000934280F2E8803946404601F0C5FF074682
:10587000E0B154F8043C23F001034B44A0F10802CA
:10588000934200F0D280321F242A00F2F580132ABE
:1058900000F2AC80034622461168196051685960D5
:1058A00092689A602146404601F0FEFB404602F0B5
:1058B000C1FA3846BDE8F88F25F00705002D2A46C5
:1058C0009EDA0C23C8F8003000273846BDE8F88F70
:1058D0001E46D0E90223D3609A60731B0F2B22D897
:1058E000D9F8043003F0010333434E44C9F80430BF
:1058F000736843F0010373604046274602F09AFA4A
:105900003846BDE8F88FC907ADD454F8083CA9EB78
:10591000030ADAF8041021F00301A0E7BDE8F84F0C
:10592000114601F069BFD9F8041001F001012943C3
:10593000C9F8041009EB05014E4443F001034B6024
:10594000736843F0010308317360404601F0ACFB1B
:10595000D2E7DCF8040020F0030B06EB0B0C05F19A
:10596000100084454DDAC9073FF57DAF54F8081C97
:10597000A9EB010ADAF8041021F003018B44B344C7
:1059800058453FF76CAF5746DAF80C1057F8080F38
:10599000321F242AC160886000F2DB80132A40F2A3
:1059A000D6802168CAF808106168CAF80C101B2A52
:1059B00000F2DF8008340AF110022168116061688A
:1059C0005160A16891600AEB0501ABEB050242F062
:1059D000010299604A60DAF8043003F001031D43C4
:1059E0004046CAF8045002F025FA6EE723680360C7
:1059F000636843601B2A68D804F1080200F10803B9
:105A00004AE709EB05029A60ACEB050343F001039A
:105A1000536054F8043C03F001031D43404644F82E
:105A2000045C02F007FA27464FE750F8043C23F0E5
:105A300003031E4451E75746DAF80C1057F8080FD5
:105A4000321F242AC16088604CD8132A48D92168A3
:105A5000CAF808106168CAF80C101B2A56D8083416
:105A60000AF110021E462368136063685360A3683E
:105A70009360D1463C4630E72146FFF7D7FD11E75A
:105A8000D0E902135746CB60996057F8081FDAF83F
:105A90000C30CB60321F242A99602DD8132A29D9C3
:105AA0002368CAF808306368CAF80C301B2A42D849
:105AB00008340AF1100322681A6062685A60A2680A
:105AC0009A606646D1463C4607E7A3688360E36870
:105AD000C360242A26D004F1100200F11003DBE693
:105AE0003A46BFE7214638461E46D146FFF79EFD9F
:105AF0003C46F2E63B46DEE7214638466646D1465E
:105B0000FFF794FD3C46E8E6C4050020A168CAF80A
:105B10001010E168CAF81410242A20D010340AF1B9
:105B200018029FE7236903616169416104F118026A
:105B300000F11803B0E6A368CAF81030E368CAF8A9
:105B40001430242A21D010340AF11803B3E73A465E
:105B500033E721463846FFF769FD164B33E72269E4
:105B6000CAF818206269CAF81C2018340AF1200209
:105B700078E7A168CAF81010E168CAF81410242A5E
:105B80000DD010340AF1180217E72369CAF818304B
:105B90006369CAF81C3018340AF120038BE72269C4
:105BA000CAF818206269CAF81C2018340AF12002C9
:105BB00003E700BFC4050020000000000000000053
:105BC00090F800F06DE9024520F007016FF0000C3D
:105BD00010F0070491F820F040F049804FF00004E5
:105BE0006FF00700D1E9002391F840F000F10800C0
:105BF00082FA4CF2A4FA8CF283FA4CF3A2FA8CF3F8
:105C00004BBBD1E9022382FA4CF200F10800A4FA5E
:105C10008CF283FA4CF3A2FA8CF3E3B9D1E90423B2
:105C200082FA4CF200F10800A4FA8CF283FA4CF3E9
:105C3000A2FA8CF37BB9D1E9062301F1200182FAA3
:105C40004CF200F10800A4FA8CF283FA4CF3A2FAA9
:105C50008CF3002BC6D0002A04BF04301A4612BAB7
:105C6000B2FA82F2FDE8024500EBD2007047D1E9BA
:105C7000002304F00305C4F100004FEAC50514F049
:105C8000040F91F840F00CFA05F562EA05021CBF1A
:105C900063EA050362464FF00004A9E72DE9F84FD7
:105CA0004B6E9C0490462DD59368126843B38B4687
:105CB000064602F1080959E9025A5FEA9A0715D027
:105CC000043D002401E0A7420ED055F8041F5A46B7
:105CD000304601F061F9431C04F10104F3D10023C3
:105CE000C8E90133BDE8F88FD8F808302AF0030A74
:105CF000A3EB0A03C8F8083009F10809002BDAD130
:105D00000020ECE701F0D6FA0023C8E90133BDE832
:105D1000F88F00BF10B4946814B15DF8044BBDE770
:105D2000204654605DF8044B704700BF2DE9F04FEA
:105D3000ABB01C46884617460693834618B1836B62
:105D4000002B00F02582B8F90C1088048AB20AD41E
:105D5000D8F8643041F4005223F40053A8F80C2022
:105D6000C8F8643092B2130740F1A480D8F810301C
:105D7000002B00F09F8002F01A020A2A00F0A8808F
:105D80001AAB0D930023CDE90E3309930DF1680989
:105D900005933B78002B00F00D813C4604E014F89D
:105DA000013F002B00F0E880252BF8D1E51B40F0E7
:105DB000E5802378002B00F0FD804FF000020021E9
:105DC0008DF82F20637804914FF0FF32671C08464E
:105DD00002928A460137A3F12002582A00F2F78086
:105DE000DFE812F03302F500F5002F02F500F500B0
:105DF000F500F500F500F500E5012B02F500F001D6
:105E0000F401F500270259005900590059005900C2
:105E10005900590059005900F500F500F500F5004A
:105E2000F500F500F500F500F500F5000E02F500AF
:105E3000F500F500F500F500F500F500F500F500BA
:105E4000F5009400F500F500F500F500F50084007C
:105E5000F500F5004802F500F500F500F500F50045
:105E6000F500F500F500F500F5003A02A701F50090
:105E7000F500F5008902A701F500F5007F02F500A5
:105E800069029600C902C502F500A402F500860069
:105E9000F500F5008D02A3F13002002417F8013B54
:105EA00004EB840402EB4404A3F13002092AF5D97F
:105EB000049490E74146584600F092FD002840F0D7
:105EC0003585B8F80C2002F01A020A2A7FF458AF80
:105ED000B8F90E30002BFFF653AF23463A46414641
:105EE00058462BB0BDE8F04F00F044BD4AF0100A10
:105EF0001AF0200100F00F81069B073323F00703FF
:105F0000596853F8080B069301230EE04AF0100A73
:105F10001AF0200100F0F280069B073323F00703FC
:105F2000596853F8080B069300234FF000028DF8D0
:105F30002F2000220792029A541C00F02F822AF090
:105F40008004019450EA010440F02682002A40F0C7
:105F50009584002B40F00E841AF00103039340F067
:105F60003E841AACDDE902639E42B8BF1E46079B21
:105F7000002B3ED001363CE0E51B1BD00E9B0F9A58
:105F800001332A44072BC9E900750F920E9305DCF3
:105F900009F10809059B2B4405930AE7002A00F044
:105FA000D1830DAA41465846FFF778FE30B90DF16E
:105FB0006809EFE70F9B002B40F08584B8F80C30A0
:105FC0005B0600F1B38405982BB0BDE8F08F002983
:105FD00040F07584002BEDD08DF8403001264FF055
:105FE00000038DF82F30039610AC0023CDF804A0E9
:105FF0000293019B13F002030793019B18BF023623
:1060000013F08403089304D1049B9D1B002D00F31F
:10601000DB82DDE90E1001F1010C9DF82F3093B108
:1060200001300DF12F030121BCF1070FCDE90EC0A6
:10603000C9F80030C9F8041000F3A682614609F1DE
:1060400008090CF1010C079BEBB10CAB0230C9F84D
:106050000030BCF1070F4FF00203CDE90EC0C9F8C4
:10606000043040F3AB82002800F066830DAA41465D
:106070005846FFF713FE0028A0D1DDE90E100DF100
:10608000680901F1010C089B802B00F0C881DDE953
:1060900002329D1A002D00F31C82039BC9F80040B8
:1060A0001844BCF1070FCDE90EC0C9F8043040F325
:1060B000B381002800F0D2820DAA41465846FFF76E
:1060C000EDFD00287FF47AAF0F980DF16809019B70
:1060D0005A0704D5049B9C1B002C00F3C982DDE900
:1060E0000423B242ACBF9B189B190593002840F0D3
:1060F000368200230E930DF168094AE61AF0100368
:1061000049D11AF0400146D0069A52F8040B069283
:10611000194680B209E71AF0100342D11AF0400183
:106120003FD0069A52F8040B0692194680B201231A
:10613000FBE6002940F0E1831AF0200F069B68D0AF
:10614000073323F007031A465B6852F8080B0692E0
:106150001946002BC0F20483029B013300F08A83AE
:106160009DF82F30079350EA01032AF0800A00F0CF
:1061700054830A2871F1000380F012833030012328
:106180008DF86700CDF804A003930DF16704E9E6EC
:1061900000F08EFED7E5069B53F8040B06930B46E2
:1061A000C3E6069B53F8040B06930123BDE6069B4A
:1061B00053F8042B0492002A80F20D83049A06936C
:1061C000524204923B784AF0040A03E63C4614F833
:1061D000013B2A2B00F0AF83A3F13002092A2746A6
:1061E00098BF002400F28F8317F8013B04EB84046E
:1061F00002EB4404A3F13002092AF5D90294EAE53E
:10620000002940F084834AF0100A1AF0200F069B00
:1062100096D153F8040B06931AF0100F40F09B82AE
:106220001AF0400F00F0978240F3C0310B4600B2E5
:106230008FE73B784AF0800ACCE53B7801212B20A0
:10624000C8E53B784AF0010AC4E53B7800287FF4B2
:10625000C1AD01212020BDE5069B4FF000028DF865
:106260002F20012653F8042B8DF840200693039627
:1062700010ACBAE6002940F04D83BD4A09921AF0ED
:10628000200144D0069A073222F00702516852F8E2
:10629000080B06921AF0010F0BD050EA010208D049
:1062A0008DF8313030238DF830304AF0020A022365
:1062B0003BE6022339E6002940F022831AF0200F42
:1062C00040F09A821AF0100F40F0CC821AF0400F82
:1062D00000F0C882069B059953F8042B06931180A1
:1062E00057E53B786C2B03BF7B784AF0200A0137D7
:1062F0004AF0100A6EE53B784AF0400A6AE5002948
:1063000040F0F8829B4A09921AF02001BAD11AF0A3
:10631000100240F01B821AF0400100F01782069C28
:1063200054F8040B0694114680B2B3E7069D55F865
:10633000044B4FF000038DF82F30002C00F0A482A6
:10634000029B5E1C00F072821A460021204601F07A
:106350001FFD002800F0BE82031B03939DF82F3021
:10636000079300230695CDF804A00293FAE53B7845
:106370004AF0200A2EE5069B53F8040B06933023BF
:106380008DF8303078238DF831307A4B09934AF00C
:10639000020A00210223C8E5DDF804A0012B3FF426
:1063A000E8AE022B1AAC12D1099A00F00F030009D3
:1063B000D35C04F8013D40EA0170090950EA010389
:1063C000F3D11AAB1B1BCDF804A00393CAE500F070
:1063D0000703C00840EA4170C908303350EA01059C
:1063E000224604F8013DF2D11AF0010FE9D0302B1A
:1063F000E7D03023023A04F8013C1AAB9B1ACDF8DF
:1064000004A003931446ADE503981A9401231B904E
:106410000F900E930DF1680909F1080957E6049BE6
:106420009D1B002D7FF733AE102D40F37B82DFF8EC
:1064300048A152461023A246144607E001F1020E7D
:1064400009F108091146103D102D1DDD4A1C1030C0
:10645000072AC9E90043CDE90E20EFDD0DAA002887
:1064600000F08C80414658460DF16809FFF716FC94
:1064700000287FF4A3ADDDE90E10103D102D01F1D1
:10648000010E4FF01003E1DC234654469A4628449F
:10649000BEF1070FCDE90EE0C9F800A0C9F804501D
:1064A00040F3A481002800F0F8810DAA4146584627
:1064B000FFF7F4FB00287FF481ADDDE90232DDE96E
:1064C0000E109D1A002D01F1010C0DF168097FF7E6
:1064D000E4AD102DDFF8A0A02BDD52461023A2461C
:1064E000144607E001F1020C09F108091146103DBC
:1064F000102D1BDD4A1C1030072AC9E90043CDE9E5
:106500000E20EFDD0DAA414618B358460DF168097B
:10651000FFF7C4FB00287FF451ADDDE90E10103DFC
:10652000102D01F1010C4FF01003E3DC234654461B
:106530009A462844BCF1070FCDE90EC0C9F800A067
:10654000C9F8045000F3E38009F108090CF1010CCB
:10655000A3E54FF0010C01460DF16809C7E70DAA4C
:1065600041465846FFF79AFB00283FF4C2AD25E5A7
:10657000D8A20008ECA200081C9F00084FF0010EF2
:1065800001460DF168095EE7002800F0D2800DAAEF
:1065900041465846FFF782FB00287FF40FADDDE946
:1065A0000E100DF1680901F1010C4CE502200CAB55
:1065B0001B901A934FF0010C0DF16809614609F127
:1065C000080901F1010C5EE5102D40F38D81DFF823
:1065D00080A3DDE90EC052461023A2466146144650
:1065E00007E001F1020C09F108091146103D102DD8
:1065F0001BDD4A1C1030072AC9E90043CDE90E20F3
:10660000EFDD0DAA20B3414658460DF16809FFF7AA
:1066100045FB00287FF4D2ACDDE90E10103D102DB3
:1066200001F1010C4FF01003E3DC234661465446B0
:106630009A4628440729CDE90E10C9F800A0C9F8E8
:10664000045000F39C8009F1080901F1010CE4E415
:1066500001464FF0010C0DF16809C7E7019B0E9050
:1066600059074CD5049B9C1B002C48DD0DF1680993
:10667000102C40F35281DFF8D8A20E9A5346102511
:10668000B2461E4606E0911C09F108091A46103C64
:10669000102C19DD531C1030072BC9E90065CDE91A
:1066A0000E30F0DD0DAA28B341465846FFF7F6FA42
:1066B00000287FF483ACDDE90E20103C102C02F1A1
:1066C00001010DF16809E5DC334656469A4620443F
:1066D0000729C9E900A4CDE90E107FF700AD70B11C
:1066E0000DAA41465846FFF7D9FA00287FF466AC58
:1066F0000F98F4E4012102460DF16809C7E7DDE9CE
:106700000423B242ACBF9B189B190593F1E4002807
:106710003FF47AAE0DAA41465846FFF7BFFA00286B
:106720007FF44CAC0E9B0F9803F1010C0DF168093E
:10673000B3E4079B002B69D14FF0010C01460DF12A
:106740006809A0E40E920DF1680923E4069A52F854
:10675000040B06929EE5C1170B46002BBFF6FCAC5E
:106760002D2340428DF82F30079361EB4101012327
:10677000FFF7E1BB029B03931AACFFF7F3BB0028C2
:1067800062D00DAA41465846FFF788FA00287FF4E8
:1067900015ACDDE90E100DF1680901F1010C3CE4C6
:1067A0001AAC0A22002306460D46FEF795FC30324D
:1067B00004F8012D0023304629460A22FEF78CFCFE
:1067C0000A2E75F10003ECD21AAB1B1BCDF804A006
:1067D0000393FFF7C7BB06933B78FFF7FBBA302361
:1067E0008DF867300DF16704FFF7BCBB09F10809AC
:1067F0000EF1010C71464AE4DDE9050353F8041B70
:106800000693C217C1E90002FFF7C3BA02200CAB1E
:106810001B901A930DF16809D1E6029B002B7FF4BF
:10682000ADACCDF804A00393FFF79BBB20460695C3
:10683000CDF804A0FFF7C4F99DF82F30079300238B
:1068400003900293FFF78EBB9DF82F3063B30123B3
:106850009C461B930DF12F031A930DF168096046B6
:10686000FFF7ECBB069B059953F8042B11600693C8
:10687000FFF78FBA9DF82F3007937AE4012BDDF8EC
:1068800004A07FF48EAD79E4029E304C0695062E6E
:1068900028BF06260396FFF7A8BB4FF0010C014660
:1068A0000DF16809FFF7F3BB079B002B7FF47EAE69
:1068B00001464FF0010C0DF16809FFF7E8BB8DF8B8
:1068C0002F00FFF787BB0DAA41465846FFF7E6F9B0
:1068D000FFF774BB029B03939DF82F300695CDE91B
:1068E00001A00793FFF73EBB0E990F98DFF860A059
:1068F00001319EE68DF82F0004E58DF82F001BE492
:106900008DF82F00DAE400220292FFF764BA8DF8C6
:106910002F0078E48DF82F00AFE40E99DFF830A057
:106920000131D4E6DFF82CA0E646B0E54FF0FF33A6
:106930000593FFF748BB069A7B78274652F8044B2D
:10694000069244EAE4740294FFF744BA00A30008F4
:106950000C9F00081C9F000810B4054C8446134689
:1069600020685DF8044B0A466146FFF7DFB900BFB7
:106970002800002070B50C468989ADF58D6D21F099
:106980000201ADF80C10616E1991E189ADF80E109D
:10699000E1690791616A09911AA9009104914FF484
:1069A0008061029105910021069169460646FFF734
:1069B000BDF9051E07DB6946304600F04FF9002897
:1069C00018BF4FF0FF35BDF80C305B0603D5A38927
:1069D00043F04003A38128460DF58D6D70BD00BFC7
:1069E00038B5334B1B6805460C460BB19A6B12B396
:1069F000B4F90C3018079AB225D5216900292DD099
:106A000012F0010007D00020A06060694042A06140
:106A100039B1002038BD950758BF6069A0600029D2
:106A2000F7D1120658BF0846F4D543F04003A381BE
:106A30004FF0FF3038BD184600F03AFAB4F90C3088
:106A400018079AB2D9D4D1062AD5520714D421698D
:106A500043F00803A3819AB20029D1D102F4207037
:106A6000B0F5007FCCD02146284600F025FEB4F9D1
:106A70000C3021699AB2C3E7216B51B104F1400295
:106A8000914204D0284600F00FFBB4F90C300022EC
:106A9000226321690022C4E9001223F02403D7E70E
:106AA000092243F040032A604FF0FF30A38138BD34
:106AB0002800002070B4184C2568D5F848411CB354
:106AC00065681F2D25DC38B9AB1C0135656044F8BD
:106AD0002310002070BC704704EB850C0228CCF812
:106AE0008820D4F888614FF0010202FA05F246EAE4
:106AF0000206C4F88861CCF80831E5D1D4F88C31AD
:106B00001343C4F88C31DFE705F5A674C5F8484196
:106B1000D6E74FF0FF30DDE7089F000808B50620F4
:106B200001F038FA0120FAF709F900BFB1F90C2099
:106B30002DE9F0410C461107804647D4636842F4C2
:106B40000062002BA2815EDDA56A002D58D00023D3
:106B5000D8F80060C8F8003093B212F4805256D1D1
:106B60000123E1694046A847431C67D0A389A56A71
:106B70005F0705D56368C01A236B0BB1E36BC01ABE
:106B8000E169024600234046A847411C41D1D8F89C
:106B90000030002B3DD01D2B01D0162B56D1A389E0
:106BA0002269226023F4006300216160A381216BCC
:106BB000C8F8006021B304F14003994202D0404676
:106BC00000F072FA00202063BDE8F0812669BEB1B2
:106BD00093B2256826609A070CBF63690023AD1B3A
:106BE000A3600BE02B463246E169676A4046B8472E
:106BF000B0F1000CA5EB0C05664417DD002DF1DCAF
:106C00000020BDE8F081E36B002B9DDCF8E7206DF0
:106C1000AEE7B4F90C302269226023F40063A3814B
:106C20000022DB046260C2D52065C0E7A38943F07F
:106C300040034FF0FF30A381BDE8F081D8F8003069
:106C4000002B93D01D2B06D0162B04D0A38943F024
:106C50004003A381D5E7C8F80060D1E738B50D46F9
:106C6000044608B1836B1BB1B5F90C0030B938BDCF
:106C700000F01EF9B5F90C000028F8D0294620468E
:106C8000BDE83840FFF752BF38B5B8B10F4B1D68AB
:106C900004460DB1AB6B4BB1B4F90C0000B938BD73
:106CA00021462846BDE83840FFF740BF284600F09F
:106CB000FFF8B4F90C000028F1D0F1E7044B0549C6
:106CC0001868BDE8384000F08DBC00BF28000020E7
:106CD000089F00085D6C000800207047014900F023
:106CE00081BC00BFD1860008002070472DE9F84F15
:106CF0002D4A4668C26300240323C0E9B84307460F
:106D000000F53B720423C0F8E8222146C6E902439D
:106D10000822C6E90044C6E904447466B46106F179
:106D20005C00FEF7FFFCDFF88CB0BD68DFF888A0E0
:106D3000DFF88890DFF888801C4BC6F824A0C6E9ED
:106D4000076BC6F82890C6F82C800822EB60C5E9CE
:106D50000044C5E904446C66AC60AC61214605F1B1
:106D60005C00FEF7DFFCC5E9075BC5E909A9C5F8CA
:106D70002C80FD680E4BEB60C5E90044C5E9044476
:106D80006C66AC60AC612146082205F15C00FEF740
:106D9000C9FC0123C5E9075BC5E90A98C5F824A029
:106DA000BB63BDE8F88F00BFDD6C0008090001007F
:106DB00012000200158100083D8100087D81000855
:106DC0009D81000870B568224D1E02FB05F50E4638
:106DD00005F1740100F010FD044640B100210C30B3
:106DE000C4E90016A06005F16802FEF79BFC20468E
:106DF00070BD00BF274B2DE9F0411E68B36B0746FD
:106E00005BB306F538764FF00408D6E90134013B50
:106E100004D51EE05A1C04F168041AD0B4F90C50D1
:106E2000013B002DF6D11C4B6566C4E90055C4E951
:106E30000253C4E90455A5610822294604F15C0007
:106E4000FEF770FCC4E90C55C4E911552046BDE8B5
:106E5000F08135682DB12E46D7E73046FFF746FF63
:106E6000CFE74FF4D671384600F0C6FC044668B14F
:106E70000560C0F804800C302946A06025464FF418
:106E8000D072FEF74FFC34602E46BEE70C23306014
:106E90003B60DBE7089F00080100FFFF024B03494E
:106EA000186800F09FBB00BF089F0008D18600084B
:106EB000836B03B1704719E7704700BF704700BF8D
:106EC000704700BF704700BF024B0349186800F0CD
:106ED00069BB00BF28000020D96C0008024B0349A1
:106EE000186800F05FBB00BF28000020E96C0008B4
:106EF0002DE9F04782B082468846144600F0B6FB82
:106F0000012803D108F1FF33FE2B36D9424604F1A4
:106F10005C0301A9504601F025FB421C064632D015
:106F200030B39DF804C00DF10509002509E0236880
:106F30005A1C226083F800C00135B54218D219F8F6
:106F400001CBA368013B002BA360F0DAA769BB4229
:106F500061462246504602DBBCF10A0FE7D101F040
:106F60009DFA431CE8D10646304602B0BDE8F087E2
:106F70004646304602B0BDE8F0875FFA88FC8DF8DF
:106F800004C00646CFE7A389304643F04003A381FF
:106F900002B0BDE8F08700BFB2F90C3013F4005F17
:106FA0000BD110B4546E43F4005344F400545466AF
:106FB00093815DF8044BFFF79BBFFFF799BF00BFBC
:106FC00030B5104B1D680C4683B001460DB1AB6B5C
:106FD0008BB1B4F90C309A0406D4626E43F40053BA
:106FE00042F40052A38162662246284603B0BDE8FF
:106FF0003040FFF77DBF01902846FFF759FF019908
:10700000E7E700BF28000020F8B5244F0C460646ED
:1070100000F00EFFBA685568C4F57E630F3325F0A3
:1070200003052B4423F47F6323F00F03A3F580545F
:10703000B4F5805F07DB0021304600F0FDFEBB6841
:107040002B44984204D0304600F0F4FE0020F8BDF6
:107050006142304600F0F0FE01300DD0104ABB68AE
:107060002D1B45F001055D60136830461B1B136046
:1070700000F0E0FE0120F8BD0021304600F0DCFE0B
:10708000BA68831A0F2BDEDD43F001035360054B12
:1070900003491B68C01A0860D5E700BFC40500207B
:1070A000BC2D0020CC090020002961D0F8B50C4689
:1070B000064600F0BDFE54F8042C7B4FA4F10805F1
:1070C00022F0010105EB010CB868DCF804306045E2
:1070D00023F0030300F08B80D207CCF8043032D4C5
:1070E00054F8082CAD1A1144AA6807F1080082422E
:1070F0006AD00CEB0304D4F804E0EC68D4601EF012
:10710000010FA26000F0978041F001036B60CCF8A2
:107110000010B1F5007F35D27A68CB08480901210B
:10712000013381401143796007EBC30257F83310F4
:10713000083AC5E9021247F83350CD603046BDE841
:10714000F84000F077BE0CEB03025268D00710D471
:10715000194407F10800DCF80830834273D0DCF8EA
:107160000C20DA60936041F001036B606950D0E756
:10717000704741F00103B1F5007F44F8043CCCF8BE
:107180000010C9D3B1F5206F4FEA512348D28B09C3
:1071900003F1390003F13802C300F818FB5808382E
:1071A000984259D05A6822F003028A4202D99B6859
:1071B0009842F7D1D868C5E902308560DD60304675
:1071C000BDE8F84000F036BE0CEB03025268D2076F
:1071D00063D40B44DCE90212CA60916043F00102FF
:1071E0006A603046EB50BDE8F84000F023BE0B4427
:1071F000D10707D454F8082CAD1A1344D5E902126C
:10720000CA60916043F001026A60284ABD6012685A
:107210009A4293D8264B30461968FFF7F5FE8DE762
:10722000142B0AD9542B1FD80B0B03F16F0003F159
:107230006E02C300B1E719448DE703F15C0003F16E
:107240005B02C300A9E741F00103C7E90455C5E9A2
:1072500002006B60695071E779689210012404FAAA
:1072600002F20A437A60A6E7B3F5AA7F06D8CB0BF1
:1072700003F1780003F17702C3008EE740F2545225
:10728000934206D88B0C03F17D0003F17C02C3000E
:1072900083E74FF47E737E227FE741F001036B604A
:1072A000CCF800104AE700BFC4050020D009002038
:1072B000B82D00209368002B00F085802DE9F04F59
:1072C000B1F90C300C461907804683B0174698B2C6
:1072D00025D523691BB310F002033D682DD04FF074
:1072E000000ADFF8BCB25646B9465E453346524600
:1072F00028BF5B464046002E52D0E169676AB84716
:10730000002856DDD9F808301B1A8244361AC9F80D
:107310000830002BE9D1002003B0BDE8F08F2146F2
:107320004046FFF75DFB002840F03681B4F90C3091
:107330003D6898B210F00203D1D110F0010944D198
:107340004E46009746B38205D4F808B040F18380DA
:10735000B3455A4600F2B28010F4906F40F0BF80FF
:10736000206801924946FEF761F9A368019AA3EBF0
:107370000B012368A1601344B24623600026009BE2
:107380009868A0EB0A00D14498600028C3D0B4F9F3
:107390000C0080B2002ED6D1D5E900960835D1E791
:1073A000D5E900A60835A0E721464046FFF756FC80
:1073B00080B3B4F90C3043F040034FF0FF30A381A9
:1073C00003B0BDE8F08F002070471E46AA469946DC
:1073D00018461D46009756B388B34A46D4E90413AD
:1073E0002068B24228BF3246884205D9A16803EB23
:1073F000010B5A4500F3A680934263DCE169676A9A
:107400002A464046B847B0F1000BD2DDB9EB0B0974
:10741000CAD00120009A9368A3EB0B035D44A6EB4E
:107420000B069360002B3FF476AF002ED4D10AF107
:10743000080353E902569A460833002EF9D0324623
:107440000A21284600F0A4FC002800F09C800130AE
:10745000A0EB0509C1E720682369984216D8636943
:10746000B34213D86FF00042B24228BF3246E169FE
:1074700092FBF3F2676A02FB03F340464A46B847C1
:10748000B0F1000A95DDA6EB0A0678E7B345DA46C7
:1074900028BFB24652464946FEF7C8F8A36822689C
:1074A000A3EB0A035244A3602260002BEBD12146D8
:1074B0004046FFF7D3FB0028E5D07AE72068B346C3
:1074C00032464EE729460192FEF7B0F8019AA368CA
:1074D0009B1AA360236813442360934696E72368AE
:1074E0002169A3EB010B636903EB430A0AEBDA7A28
:1074F0000BF101034FEA6A0A33445345524684BFF5
:107500009A46524643052CD51146404600F074F980
:1075100000283BD05A4621690190FDF7EDFFA28972
:10752000019B22F4906242F08002A28103EB0B00E7
:107530002361AAEB0B03C4F814A0A3602060B34638
:1075400032460EE729465A46FEF770F823685B4438
:10755000236021464046FFF781FB00283FF456AFE9
:1075600027E74046FEF73CF903460028DED12169B3
:107570004046FFF799FDB4F90C300C2223F080034C
:10758000C8F8002017E7721C914627E70C22B4F9CF
:107590000C30C8F800200EE74FF0FF30BCE600BF0B
:1075A00000FCFF7F2DE9F041884600F53877002682
:1075B000D7E90154013D0FD4A389012B05F1FF3513
:1075C00006D9B4F90E300133204601D0C047064336
:1075D0006B1C04F16804EFD13F68002FE8D13046FE
:1075E000BDE8F0812DE9F8430746884600F5387676
:1075F0004FF00009D6E90154013D11D4A389012BB4
:1076000005F1FF3508D9B4F90E300133214603D016
:107610003846C04749EA00096B1C04F16804EDD103
:107620003668002EE6D14846BDE8F88342B110B571
:107630000B491046144600F0C7FD18B9094810BDA3
:10764000084870470749204600F0BEFD0028F5D0E5
:107650000549204600F0B8FD0028EFD0002010BDFD
:107660000CA3000808A30008A4A20008014B93F88B
:10767000280170475804002041B110B50C4620463F
:107680000A4900F0A1FD18B9094810BD0848704723
:107690000749204600F098FD0028F5D0054920460E
:1076A00000F092FD0028EFD0002010BD0CA30008D0
:1076B00008A30008A4A200082DE9F0418B890C461C
:1076C000990796B008D504F143030122C4E90432B6
:1076D000236016B0BDE8F081B4F90E10002906460B
:1076E00027DB6A4601F02CF8002821DB019D05F418
:1076F0007045A5F50055B5FA85F54FF480686D091C
:107700004FF400674146304600F076F8B4F90C308B
:10771000F0B1204AF26343F08003C4F81480A381DF
:107720002060206135BB3B43A38116B0BDE8F081EA
:10773000A38913F0800519D04FF040084146304628
:1077400000F05AF80025B4F90C302F460028E0D19B
:107750009A05BED423F0030304F1430243F002036D
:107760000121C4E90421A3812260B2E74FF48068BB
:107770002F46C7E7B4F90E10304600F0F7FF10B9F6
:10778000B4F90C30CFE7A38923F0030343F00103DE
:107790001BB2C8E7DD6C000870B50C46B1F90E10DD
:1077A000002996B015461E4614DB6A4600F0C8FF55
:1077B00000280FDB019A02F47042A2F50052B2FADF
:1077C00082F24FF4806352094FF4006032602B6004
:1077D00016B070BDB4F90C10002311F080003360B6
:1077E00004D0402218462A6016B070BD4FF4806362
:1077F0002B6016B070BD00BF2DE9F04F01F10B06F4
:10780000162E83B0044624D8102900F2BA8000F066
:107810000FFB102618220220B74F3A44A2F10801AC
:1078200053688B4200F0BA805A68D96822F003028C
:107830001A449D68E9608D60516841F0010120465D
:10784000516003F1080500F0F5FA284603B0BDE8E1
:10785000F08F36F0070600F19480B14200F291807B
:1078600000F0E6FAB6F5FC7FC0F09681730A00F0EE
:107870008F80042B00F26B81B30903F1390003F10F
:10788000380CC3009C4F3B44A3F108055B689D4244
:1078900006D10CE0002980F22B81DB689D4206D0E6
:1078A0005A6822F00302911B0F29F3DD60463D69FF
:1078B000DFF848C265457CD06A6822F00302931B5A
:1078C0000F2B00F37781002BC7E904CC80F268818D
:1078D000B2F5007F80F01681D308796801334FEA52
:1078E000521E012202FA0EF20A4357F833E0C5F89D
:1078F00008E007EBC3010839E9607A6047F83350C4
:10790000CEF80C50831001219940914257D8114272
:1079100006D120F003004900114200F10400FAD022
:1079200007EBC0094D468646D5F80C80454508D181
:1079300019E1002B80F22081D8F80C80454500F039
:107940001281D8F8042022F00302931B0F2BF0DDE4
:107950002046D8E9025408EB060146F00106C8F8B3
:107960000460EC60A56043F00104C7E90411C1E9BB
:1079700002CC4C6048F8023000F05CFA08F10805CF
:1079800002E00C2323600025284603B0BDE8F08FF9
:107990004FF4007340204FF03F0C73E7D3689A42D6
:1079A00008BF02307FF440AF3D69DFF850C1654544
:1079B00082D17A688310012199409142A7D9BD688C
:1079C0006B6823F00308464503D8A8EB06030F2B8A
:1079D0007EDCDFF82C91D7F80824D9F8003001328A
:1079E000334405EB080A00F02F8103F580530F3371
:1079F00023F47F6B2BF00F0B5946204600F01CFA46
:107A0000411C024600F0EF80824500F2EA80D9F87E
:107A100004105944C9F804100B4600F04B81D7F804
:107A2000081401311BBFA2EB0A0A5344C7F808240B
:107A3000C9F8043012F0070300F01281C3F1080105
:107A40000A44C3F5805193440831A1EB0B01C1F303
:107A50000B0A514620460192009300F0EDF9421CBA
:107A6000DDE9003200F04B81831A03EB0A0BD9F8F1
:107A70000400BA604BF001030AEB0001BD42536001
:107A8000C9F8041000F02281B8F10F0F40F22081F4
:107A90006B68A8F10C0020F0070003F0010303431A
:107AA0006B604FF0050C2B180F28C3E901CC00F2D6
:107AB0002D8153681546D9F82C208A42D9F83020F8
:107AC00038BFC9F82C108A4238BFC9F830108CE092
:107AD000AA1943F0010346F001066E602046BA6021
:107AE000536000F0A7F90835284603B0BDE8F08FD1
:107AF000D9681A449DE600BFC4050020CC050020CB
:107B0000B82D0020B2F5206F4FEA522363D3142B17
:107B100000F2B88003F15C01C9005B3307EB010E92
:107B20007958AEF1080E8E4500F091804B6823F035
:107B30000303934202D989688E45F7D1D1F80CE04E
:107B40007A68C5E9021ECEF80850CD60DAE6142B3B
:107B500059D9542B00F29E80330B03F16F0003F1CF
:107B60006E0CC3008EE60EF1010E1EF0030F05F140
:107B700008057FF4D9AE51E0424445465368D8F831
:107B80000C1043F00103536055F8083F2046D960BC
:107B90008B6000F04FF9F7E6F00806F108023BE6CB
:107BA0002A442046536843F001035360083500F02F
:107BB00041F9E9E6A919204646F0010643F001041F
:107BC0006E60C7E90411C1E902CC4C60AB5000F013
:107BD00031F90835D8E6930903F13901C900383382
:107BE0009CE7BD4260D0BD686B6823F0030B5E4527
:107BF000ABEB060302D80F2B3FF76AAF204600F02D
:107C000019F90025C0E603F15C0003F15B0CC30029
:107C100038E659F808394B4540F0968010F0030FCC
:107C200000F1FF30F5D17B6823EA01037B60490056
:107C300099423FF6C4AE19B9C1E649000EF1040EEF
:107C40001942FAD070466BE603F1100BD4E69A1095
:107C50004FF001087B6808FA02F21A437A6070E775
:107C600002EB0B014942C1F30B0A51462046019336
:107C7000009200F0E1F8431CDDE900237FF4F4AE4C
:107C80009A46F4E6542B26D8130B03F16F01C90072
:107C90006E3343E7B3F5AA7F26D8F30B03F17800E0
:107CA00003F1770CC300EDE5D9F804305B44C9F863
:107CB0000430B4E6CAF30B0000287FF4B0AEBD6810
:107CC00008EB0B0343F001036B60F4E61546F2E6A4
:107CD0000123536092E7B3F5AA7F21D8D30B03F1B8
:107CE0007801C900773319E740F25452934221D802
:107CF000B30C03F17D0003F17C0CC300C2E5083B2B
:107D00009B44ABEB020B4FF0000AB0E605F1080113
:107D10002046FFF7C9F9BD68D9F804106B68CAE6B8
:107D200040F254518B420BD8930C03F17D01C900F2
:107D30007C33F3E64FF47E737F204FF07E0CA1E599
:107D40004FF47E717E23E9E67B6870E710B4034C44
:107D5000D4F8E440A4465DF8044B60475804002082
:107D600082B049B15AB16BB113780B601278101E12
:107D700018BF012002B0704701A9002AF3D11046B4
:107D800002B070476FF00100F4E700BF0000000090
:107D900001F0FF01102A2BDB10F0070F08D010F8BC
:107DA000013B013A8B422DD010F0070F42B3F6D1C0
:107DB000F0B441EA012141EA014122F007047FF0D9
:107DC00000070023F0E80256083C85EA010586EA30
:107DD000010685FA47F5A3FA87F586FA47F6A5FA6C
:107DE00087F68EB9EED1F0BC01F0FF0102F0070278
:107DF00032B110F8013B013A83EA010313B1F8D123
:107E00000020704701387047002D06BF3546033803
:107E1000073815F0010F07D1013015F4807F02BF3C
:107E2000013015F4C03F0130F0BC0138704700BF8D
:107E3000704700BF704700BF38B5074D00220446A9
:107E400008462A60F8F7E2FF431C00D038BD2B68D3
:107E5000002BFBD0236038BDEC2D002038B5D0F8C6
:107E6000DC420CB1002038BD80210546FFF7C4FC80
:107E70000246C5F8DC0230B1031F7C3243F8044FE0
:107E80009342FBD1EEE74FF0FF3038BD1F29F8B524
:107E9000054609D8D0F8DC620C4617464EB156F8B4
:107EA000240046F82470F8BD162303604FF0FF301D
:107EB000F8BD8021FFF7A0FC0646C5F8DC0240B102
:107EC000031F00F17C05002143F8041F9D42FBD1F4
:107ED000E5E74FF0FF30F8BD1F2938B5054621D83A
:107EE000D0F8DC220C466AB152F8213053B1012B94
:107EF00016D0591C10D00025204642F8245098472F
:107F0000284638BD284600F003F922460146284697
:107F1000BDE8384000F0E6B816230360012038BD04
:107F2000002038BD162303604FF0FF3038BD00BF7E
:107F30001F292CD8D0F8DC2238B50C46054682B172
:107F400052F8243002EB84024BB1591C1AD0012B99
:107F500016D00025204615609847284638BD0120D8
:107F600038BD8021FFF748FC0246C5F8DC0258B155
:107F7000031F00217C3043F8041F9842FBD1DFE748
:107F8000032038BD022038BD4FF0FF3038BD4FF020
:107F9000FF30704738B5154B1F281D6820D8D5F81D
:107FA000DC22044662B152F820304BB1012B15D0CF
:107FB000591C0FD0002542F820509847284638BD5C
:107FC000284600F0A5F8224601462846BDE838407C
:107FD00000F088B816232B60012038BD002038BD82
:107FE00016232B604FF0FF3038BD00BF2800002063
:107FF000134B1F2870B51E6809D80D46D6F8DC1241
:10800000044649B151F8240041F8245070BD1623AC
:1080100033604FF0FF3070BD80213046FFF7ECFB3E
:108020000146C6F8DC0240B1031F00F17C0C0022BF
:1080300043F8042F6345FBD1E4E74FF0FF3070BDF8
:108040002800002038B50C4B1D68D5F8DC420CB177
:10805000002038BD80212846FFF7CEFBC5F8DC02A2
:1080600038B1031F00F17C0243F8044F9342FBD167
:10807000EEE74FF0FF3038BD2800002038B5184B30
:108080001F281D6828D8D5F8DC22044682B152F892
:10809000243002EB84024BB1591C1BD0012B17D0AA
:1080A0000025204615609847284638BD012038BD78
:1080B00080212846FFF7A0FB0246C5F8DC0258B134
:1080C000031F00217C3043F8041F8342FBD1DEE70D
:1080D000032038BD022038BD4FF0FF3038BD00BF4F
:1080E0002800002070B50C46084D034600262046A7
:1080F00011461C462E60F8F719FE431C00D070BDD7
:108100002B68002BFBD0236070BD00BFEC2D00203E
:10811000F8F70ABE10B50C46B1F90E1000F04EFB90
:10812000002803DB236D0344236510BDA38923F4DA
:108130008053A38110BD00BF002070472DE9F0419E
:108140000C46B1F90C101F46CB05054616460BD45C
:1081500021F48051A1813B46B4F90E1032462846E5
:10816000BDE8F04100F05ABAB4F90E100223002223
:1081700000F00EFBB4F90C10EAE700BF10B50C4696
:10818000B1F90E1000F004FBA389421C0EBF23F4CA
:10819000805343F480532065A38110BDB1F90E10C4
:1081A00000F052BA000000000000000000000000D3
:1081B00000000000000000000000000000000000BF
:1081C000A2EB0300704700BF02780B78012A28BF9A
:1081D0009A42F5D16DE9044540EA0104CDE9026710
:1081E0006FF0000C4FEA447212B380EA010414F0FD
:1081F000070F6AD100F0070420F0070004F0030520
:1082000021F007014FEAC505F0E8042314F0040F3C
:10821000F1E804670CFA05F462EA040266EA04066F
:108220000AD063EA0403624667EA0407664603E08D
:10823000F0E80423F1E8046782FA4CF582EA0604C8
:10824000A4FA8CF46CBB83FA4CF583EA0705A5FA13
:108250008CF595B950E9022351E9026782FA4CF591
:1082600082EA0604A4FA8CF483FA4CF583EA070543
:10827000A5FA8CF52543DBD09CB92DBAB5FA85F467
:1082800024F0070427FA04F1DDE9026723FA04F376
:1082900003F0FF0001F0FF01FDE80445A0EB010041
:1082A000704724BAB4FA84F424F0070426FA04F1DF
:1082B000DDE9026722FA04F202F0FF0001F0FF019B
:1082C000FDE80445A0EB0100704714F0030F3CD11A
:1082D00010F0030428D150F8082B51F8083B82FA1B
:1082E0004CF582EA0305A5FA8CF55DB950F8042C2B
:1082F00051F8043C82FA4CF582EA0305A5FA8CF5A4
:10830000002DE8D02DBAB5FA85F424F0070423FA3D
:1083100004F122FA04F202F0FF0001F0FF01FDE88F
:108320000445A0EB010070474FEAC40420F00300AD
:1083300050F8082B21F0030151F8083B0CFA04F423
:1083400062EA040263EA0403C9E710F003041AD0E6
:10835000A1EB040120F00300E40750F8042B06D041
:108360000FD28B785FFAA2F4E41A06D12BB1CB7846
:108370005FFAB2F4E41A00D11BB920465DF8104B45
:10838000704701F1040150F8042BCC0721F00301E0
:1083900051F8043B48D824D222F07F4482FA4CF5AD
:1083A00094EA1325A5FA8CF50AD165B951F8043B76
:1083B00084EA0204B4EB036F0ED150F8042BEBE710
:1083C0004FEA132355E035F07F454DD10878FDE89D
:1083D0000445C0F1000070474FEA126203F0FF034A
:1083E00047E002EA1C4482FA4CF594EA1345A5FAE8
:1083F0008CF50AD165B951F8043B84EA0204B4EB68
:10840000034F0CD150F8042BEBE74FEA134330E055
:1084100015EA1C4528D10B884FEA124229E04FEAA1
:10842000124203EA1C4324E002F0FF0482FA4CF5F6
:1084300094EA1365A5FA8CF50AD165B951F8043BA5
:1084400084EA0204B4EB032F09D150F8042BEBE7C4
:108450004FEA13630DE015F0FF0F05D10B684FEAEB
:10846000122223F07F4304E04FF00000FDE80445B2
:10847000704712BA1BBA82FA4CF482EA0304A4FAD7
:108480008CF5B5FA85F402FA04F203FA04F34FEA24
:108490001260FDE80445A0EB13607047F8B50D4687
:1084A0001446064610B1836B002B43D0B4F90C2060
:1084B000A369A360170790B21BD52369CBB1EDB2B6
:1084C00081042F4622D522686169D31A994229DD99
:1084D0000133A1680139A160511C216015706269E6
:1084E0009A422AD0A389DB0701D50A2D25D0384628
:1084F000F8BD21463046FEF773FA20BBB4F90C20D4
:10850000236990B2EDB281042F46DCD442F40052CC
:10851000A281626E616922F4005262662268D31AF7
:108520009942D5DC21463046FEF798FB58B92268BF
:108530000123CEE7FEF7BCFCB8E721463046FEF744
:108540008DFB0028D3D04FF0FF37D0E710B4044C98
:1085500003460A4620685DF8044B1946FFF79EBFA4
:108560002800002070B5054684B01C4639B10B4E7A
:10857000D6F8E060B047431C09D004B070BD0A468D
:108580000649D1F8E06001A9B047431CF5D10022AB
:108590008A2322602B6004B070BD00BF5804002005
:1085A00070B5104B84B01D68144658B10E4B0A4686
:1085B000D3F8E060014623462846B047431C0BD061
:1085C00004B070BD084A2346D2F8E06001A9024613
:1085D0002846B047431CF3D100228A2322602B6037
:1085E00004B070BD280000205804002010B4034CD3
:1085F000D4F8E040A4465DF8044B604758040020DE
:1086000049B1FF2A02D80A70012070478A2303600B
:108610004FF0FF3070470846704700BF38B50C4632
:10862000084D8446114620461A4600232B606446B6
:10863000F8F798FB431C00D038BD2B68002BFBD00B
:10864000236038BDEC2D002038B5074D00220446CC
:1086500008462A60F8F794FB431C00D038BD2B680D
:10866000002BFBD0236038BDEC2D002070B50C46EC
:108670000646FEF75BFAE36A054633B1E169304628
:1086800098470028B8BF4FF0FF35A3891B0619D4BF
:10869000216B41B104F14003994202D03046FEF70C
:1086A00003FD00232363616C21B13046FEF7FCFC1F
:1086B00000236364FEF700FC0023A381FEF7FEFBAA
:1086C000284670BD21693046FEF7EEFCE0E700BFAA
:1086D000B1B138B504460D4608B1836B4BB1B5F95D
:1086E0000C300BB9002038BD29462046BDE8384083
:1086F000BCE7FEF7DDFBB5F90C30002BF2D0F3E759
:1087000000207047C0B138B50C4B1D6804460DB150
:10871000AB6B4BB1B4F90C300BB9002038BD21461E
:108720002846BDE83840A1E72846FEF7C1FBB4F96A
:108730000C30002BF1D0F2E7002070472800002019
:1087400070B50C46084D03460026204611461C46CF
:108750002E60F8F719FB431C00D070BD2B68002B6E
:10876000FBD0236070BD00BFEC2D002038B5074D55
:108770000022044608462A60F8F70CFB431C00D090
:1087800038BD2B68002BFBD0236038BDEC2D0020BA
:1087900038B50C46084D8446114620461A4600233B
:1087A0002B606446F8F7F8FA431C00D038BD2B68FC
:1087B000002BFBD0236038BDEC2D002038B50C46D3
:1087C000084D8446114620461A4600232B60644615
:1087D000F8F7BAFA431C00D038BD2B68002BFBD049
:1087E000236038BDEC2D002080B500248AB0F8F756
:1087F000B7FBFBF70FFBCDE90544CDE907444F4D2F
:10880000019409942B6B4E4843F080032B632B6B30
:1088100003F080030193019B02942B6B43F001034F
:108820002B632B6B03F001030293029B03942B6BCE
:1088300043F008032B632B6B03F008030393039BA4
:1088400004942B6B43F004032B632B6B03F00403A2
:1088500022460493F0210126049BF9F70BFBF02339
:10886000374805A9CDE905364FF48817CDE9074407
:10887000F9F77CF94FF400433248079405A9CDE994
:108880000537F9F773F94FF4A0732F48059305A93D
:10889000CDE90644F9F76AF94FF400732A480593C5
:1088A00005A906970794F9F761F922463146172082
:1088B000F8F738FC1720F8F773FC224631462820D9
:1088C000F8F730FC2820F8F76BFC05942B6B43F489
:1088D00000132B632B6B03F40013224621460593F0
:1088E0001020059BF8F71EFC1020F8F759FC2246D3
:1088F00021461120F8F716FC1120F8F751FC134817
:10890000134A4FF46143C0E900230C23C0E9024439
:10891000C0E90443C0E90644F9F738FF08B172B66C
:10892000FEE7F8F747F80B4A0B490C48F7F7B6FF94
:108930003046F8F747F8FBF793FDFCE700380240B4
:1089400000000240000C0240000802401C220020EF
:1089500000440040450A000861440008A54300089F
:1089600042680A70426803460820C2404A70DA88AA
:108970008A70DA79CA709A680A719A68C2404A7134
:108980005A898A71DB7ACB71704700BF0A784260DE
:108990000346487842EA00225A60887842EA004258
:1089A0005A60C87842EA00625A600A799A60487947
:1089B00042EA00229A60887942EA00429A60C979C4
:1089C00042EA016208209A60704700BF0048704781
:1089D0008CA00008004870479CA000080048704721
:1089E000C0A0000800487047DCA00008004870479D
:1089F00000A100080048704714A100080048704713
:108A0000C49E00080048704738A10008B0F904303F
:108A10000B70C3F307224A70022070470B888380D3
:108A200002207047004870475CA10008004870476A
:108A30006CA100080A88436902820C30184700BF05
:108A400080697047004870475CA100080048704783
:108A50006CA1000890F80009704700BF43682DE939
:108A6000F0470B7043681B0A4B70C3888B70C37947
:108A7000CB70436804460E46002B00F082800B4604
:108A8000C6F1080C0021E26852F821201A71170A79
:108A9000150C120E5F719D71DA71626801318A42A4
:108AA0000CEB030003F10403EDD800F1040C00F11A
:108AB000010A00F1020900F10308634600F1050E06
:108AC000851DC11D00F10807226932542269120A6E
:108AD00006F80A20628A06F80920E27C06F80820D7
:108AE0002269EAB133440021C6F10407A26952F8B1
:108AF00021201A70150A100C120E5D709870DA7031
:108B0000226901318A4207EB030C03F10403EDD81B
:108B10000CF1010E0CF102050CF103010CF104073C
:108B2000E36906F80C30E3691B0A06F80E30E38BA4
:108B30007355E37F7354E36903B34FF00008636A2E
:108B400053F82800FDF73CF84FEA88090546F2196A
:108B5000002325FA03F00833202B02F8010BF8D18B
:108B6000636A043753F80910F0192A46FCF7C4FC6D
:108B7000E36908F1010843452F44E0D83846BDE8D1
:108B8000F08708230C270B210A254FF0090E9C467D
:108B90004FF007084FF006094FF0050A042093E74D
:108BA00070B503790B70064680680D46FDF708F82E
:108BB000030CEB70020A030E6870AA702B71044656
:108BC0000246B168681DFCF797FC601D70BD00BFD0
:108BD000F8B583880B7083881B0A4B700646806843
:108BE0000C46FCF7EDFF030C020A2371030E6371C0
:108BF000A070E270B16802460546A01DFCF77CFC3F
:108C0000F068FCF7DDFF691D2144002320FA03F220
:108C10000833202B01F8012FF8D10A3502462F180E
:108C2000F1686019FCF768FC3069FCF7C9FFE219CC
:108C30000546002325FA03F10833202B02F8011B17
:108C4000F8D1043731692A46E019FCF755FC7369FD
:108C500078192218190A23545170190C1B0E91709F
:108C6000D3700430F8BD00BF2DE9F041632984B012
:108C70000D46044604DD90F80009002800F08780C6
:108C8000136810461B6804F22B619847C0F3072352
:108C90000344DB435FFA85FC4FF6FF6284F8283615
:108CA00045F30725431CA4F82426A4F8260684F8D7
:108CB00029C684F82A566FDB04F22A6104F229637C
:108CC0000144002201E013F801CF99426244FAD135
:108CD000D243D2B2231800F10805B5F5007F83F81E
:108CE0002B265BDCD4F80C04C0F50076AE4228BF1E
:108CF0002E4604F2246700F5027004F10408404493
:108D000032463946FCF7F8FBD4F80C342B44C3F355
:108D10000803B542C4F80C3408D1606890F84130BB
:108D2000202B0ED0284604B0BDE8F081B919AA1B4B
:108D300004F50370FCF7E0FB606890F84130202BED
:108D4000F0D11E4F3B78002BECD1D4F80C34D4F882
:108D5000102401219342397013D093BFC2F50076DD
:108D60009B1A9EB2B6B202F5027208EB02013246BD
:108D7000F9F746FFD4F810343344C3F30803C4F8BA
:108D80001034002328463B7004B0BDE8F08105464E
:108D9000284604B0BDE8F081FF229BE7236808491C
:108DA00003228DF80820074A1B68019103920721CE
:108DB00001AA204698474FF0FF35B3E7F02D002079
:108DC0002CA2000890A100082DE9F04F43680E681E
:108DD000B34283B004460D46C0F0B3806660002EF7
:108DE00000F0B8802A460021C5F108079379507930
:108DF00092F804C0D6791B0443EA002343EA0C032B
:108E0000E06843EA0663A36040F8213060680131FE
:108E1000884207EB020302F10402E7D81E1D581C2A
:108E200003F1020CD91C324603F1050A03F1060BCB
:108E3000DF1D03F1080915F80C80285CEB5C4FEA94
:108E4000084848EA002848EA03086B5C48EA0368D7
:108E500023694345C0F09380C4F81080B8F1000F37
:108E600021D02A440021C5F10407937892F801C06B
:108E70001678D0781B0443EA0C23334343EA00639B
:108E8000A069636140F82130236901318B4207EB0F
:108E9000020602F10402E8D806F1010A06F1020B0B
:108EA000F71C06F1040915F80B3015F80A10AA5D35
:108EB0001E0446EA0126EB5D164346EA0366E369B3
:108EC000B34256D3E661AEB34FF000086FF003072C
:108ED0004646002305EB0901184611F8012B9A407C
:108EE0000833202B40EA0200F7D109F1040101EB1D
:108EF000000A514522D2A7EB090209F105035244A9
:108F000009F10309534588BF0122294405EB0900F3
:108F1000FCF78CFB05EB0A0205EB090302F8016C78
:108F2000626A236242F82830E36908F10108434588
:108F3000D146CED8484603B0BDE8F08F09F1030909
:108F4000E8E7C068B100FCF73FFC6660E060002E17
:108F50007FF448AF08224FF00C090B274FF00A0BA3
:108F60004FF0090A164607214FF0060C052004238E
:108F700061E7606AB100FCF727FC6062A2E7A069C4
:108F800001924FEA8801FCF71FFC019AA06163E798
:108F9000F8B500230A7802710D4606460A461C46BB
:108FA00012F801CF0CFA03FC0833202B44EA0C041E
:108FB000F6D1671D052F05F1040305D91846224691
:108FC000691DFCF733FB03462C440022227138460E
:108FD000B360F8BDF8B50B7883804A7843EA022382
:108FE00083800E79CA78360446EA02264A7946EA30
:108FF00002668A781643B31D062B0D46074601F11B
:10900000050404D9324606312046FCF70FFB711DDA
:1090100000236B54BC6029441C4611F8012F9A4070
:109020000833202B44EA0204F7D106F10A010C446C
:10903000A14228BF093606D2A21B093629440A3AA2
:10904000A819FCF7F3FA291900232E4401F8013C72
:109050001846FE6011F8012B9A400833202B40EA95
:109060000200F7D1211D0E18B14228BF03340AD2E5
:10907000321B631D043A033429449E4238BF012247
:109080002819FCF7D3FAAA192C44002302F8013C52
:109090003C6193785478A95DD2781B0443EA042399
:1090A0000B4343EA0263301D7B61F8BD2DE9F041BB
:1090B0000168464A0D68464984B000239542CDE9CF
:1090C00001130446039377D14249C0F8241640F6B1
:1090D000F722C0F82826C0F82C36A0F8303680F8E1
:1090E000323600F229620A2100F2326001E012F801
:1090F000011F82420B44FAD1D4F80C04C0F500756C
:10910000102D6FEA03032E4600F5027028BF1026CB
:1091100004F22468271D84F8333638443246414629
:10912000FCF7EAF9D4F80C341033C3F308030F2D1D
:10913000C4F80C340BD9606890F84130202B13D060
:10914000F7F734FFC4F8140404B0BDE8F081C6F1A9
:10915000100208EB060104F50370FCF7CDF9606816
:1091600090F84130202BEBD11B4E3378002BE7D108
:109170000123D4F810243370D4F80C34934212D065
:1091800093BFC2F500759B1A9DB2ADB202F5027293
:10919000B9182A46F9F734FDD4F810342B44C3F338
:1091A0000803C4F8103400233370F7F7FFFEC4F847
:1091B000140404B0BDE8F08101AA0A21A847F7F71A
:1091C000F5FEC4F8140404B0BDE8F081698C000811
:1091D000FCA10008FFFE0800F02D00202DE9F04F53
:1091E000C84BC949C94F8BB0CDE9063300220446AC
:1091F00004910893099200F5026500F6840655F87B
:10920000043F002B7DD0D3E901011A680368ADF853
:1092100014109B68069298472B680790586803685B
:10922000DB68984723682A681B68D2F810804FF4DF
:109230000071BB42CDE9080140F04B81B8F1630FEA
:1092400003DD94F80039002B5BD004F22B6104A8F5
:10925000FFF7BEFCC0F307234FF6FF6203445FFA3B
:1092600088F1DB4348F30728A4F82426421CA4F81D
:10927000260684F8283684F8291684F82A86C0F24F
:10928000538104F22A6C04F229638444002201E031
:1092900013F8011F9C450A44FAD1D243D2B22318D5
:1092A00000F10808B8F5007F83F82B2600F3408111
:1092B000D4F80C04C0F5007AC24528BFC24604F2B7
:1092C000246B00F5027004F10409524659464844E3
:1092D000FCF712F9D4F80C344344C3F30803D04527
:1092E000C4F80C3407D0A8EB0A020BEB0A0104F512
:1092F0000370FCF701F9606890F84130202B00F012
:109300009B80B5427FF47BAF814F04F6E80655F8A9
:10931000043F002B00F08780D3E90020ADF8140053
:109320009868916806907B48814240F0E5807A48D1
:10933000D1680790B94240F0DA807848526878499D
:109340004FF4007ECDE9080E20688A42D0F800A0D4
:1093500040F0C980D3F81890DFF8B081C24540F0E2
:10936000BD80B9F1630F03DD94F80039002B5AD0AA
:1093700004F22B6104A8FFF72BFCC0F3072303447E
:10938000DB435FFA89F14FF6FF6249F3072984F85E
:109390002836431CA4F82426A4F8260684F82916A7
:1093A00084F82A96C0F2C28004F22A6C04F229637F
:1093B0008444002201E013F8011F9C450A44FAD1BD
:1093C000D243D2B2231800F10809B9F5007F83F81F
:1093D0002B2600F34581D4F80C04C0F5007ACA4569
:1093E00028BFCA4604F2246B00F5027004F1040899
:1093F000524659464044FCF77FF8D4F80C344B44AD
:10940000C3F30803D145C4F80C3407D0A9EB0A0212
:109410000BEB0A0104F50370FCF76EF8606890F836
:109420004130202B2FD0B5427FF471AF012384F857
:1094300000390BB0BDE8F08FDFF8E88098F8003015
:10944000002B7FF45EAFD4F80C34D4F81014012252
:109450008B4288F8002012D08CBF5B1AC1F50073D4
:109460001FFA83FA01F5027149445246F9F7C8FB25
:10947000D4F810345344C3F30803C4F81034002361
:1094800088F800303DE7DFF89C9099F80030002B19
:10949000C9D1D4F80C34D4F8101401228B4289F8C5
:1094A000002012D08CBF5B1AC1F500731FFA83FA3B
:1094B00001F5027141445246F9F7A2FBD4F8103489
:1094C0005344C3F30803C4F81034002389F8003070
:1094D000A9E704AA41462046984712E704AA49464C
:1094E0002046D0479FE718469047814634E7184604
:1094F00088472B681A6821E7184688472B681A683E
:1095000016E700BFA4A2000814A20008698C000896
:109510004D8A0008458A00085CA100086CA100087B
:10952000418A0008F02D0020FF22B8E6FF2249E71B
:109530009C4B0193032223688DF80820D3F8008008
:10954000994B0393B84540F02381984604F5C66EC5
:1095500003F13009C446BCE80F00CC450EF1100EF3
:1095600008F110084EF8100C4EF80C1C4EF8082CA0
:109570004EF8043CEED1B8E803008C4BCEF8000066
:10958000CEF80410C4F82436894BC4F828363823A2
:10959000C4F82C3604F2676004F229630721002224
:1095A00001E013F8011F98420A44FAD1D4F80C34B0
:1095B000C3F50079B9F1450F03F502736FEA0202B2
:1095C000C84604F2246B28BF4FF0450804F1040A92
:1095D00084F868260AEB030042465946FBF78CFFE5
:1095E000D4F80C344533C3F30803B9F1440FC4F87D
:1095F0000C3407D80BEB0801C8F1450204F50370E1
:10960000FBF77AFF606890F84130202B7FF479AE49
:10961000DFF8A08198F80030002B7FF472AED4F808
:109620000C24D4F8103401219A4288F800103FF439
:1096300026AF93BFC3F50079D21A1FFA82F91FFA39
:1096400089F903F502730AEB03014A46F9F7D8FAE0
:10965000D4F810344B44C3F30803C4F810340EE7B5
:10966000236803228DF80820D3F800904D4B019316
:10967000C1454D4B039340F09080984604F5C66E6B
:1096800003F13009C446BCE80F00CC450EF1100EC2
:1096900008F110084EF8100C4EF80C1C4EF8082C6F
:1096A0004EF8043CEED1B8E80300404BCEF8000081
:1096B000CEF80410C4F824363D4BC4F828363823BD
:1096C000C4F82C3604F2676004F2296307210022F3
:1096D00001E013F8011F98420A44FAD1D4F80C347F
:1096E000C3F50079B9F1450F03F502736FEA020281
:1096F000C84604F2246B28BF4FF0450804F1040A61
:1097000084F868260AEB030042465946FBF7F4FE4C
:10971000D4F80C344533C3F30803B9F1440FC4F84B
:109720000C3407D80BEB0801C8F1450204F50370AF
:10973000FBF7E2FE606890F84130202B7FF473AEB7
:10974000DFF8709099F80030002B7FF46CAED4F8FD
:109750000C24D4F8103401219A4289F800103FF407
:10976000B4AE93BFC3F50078D21A1FFA82F81FFA7D
:1097700088F803F502730AEB03014246F9F740FA51
:10978000D4F810344344C3F30803C4F810349CE6FF
:1097900001AA07212046C047B3E501AA07212046B8
:1097A000C84740E62CA2000890A10008FFFE3D003B
:1097B000C2070003F02D00202DE9F04F044685B0CC
:1097C000F7F7F4FBD4F8083942F6F822C31A9342AB
:1097D00084BF002384F80039D4F8EC38054633B14F
:1097E000D4F80C3983423CBF0023C4F8EC38D4F8D9
:1097F0002014C74EDFF82C8339B1F7F7D7FBD4F824
:109800002014401B884200F222816268D4F808329A
:10981000D26B126852685242C2F30802934200F0BF
:10982000FE80E018D4F8FC28007AD4F8EC780133F4
:10983000C3F308030244072FC4F80832C4F8FC2815
:109840000AD0F7B9FF2858D1012205F11403C4F852
:10985000EC28C4F80C39CFE7D4F8F838E218013313
:10986000C4F8F83882F82404D4F8F038013BC4F87E
:10987000F038002B3ED1D4F820140823C4F8EC387B
:10988000BAE7012F47D0022F00F0A880032F00F085
:10989000B080042F00F0BB80052F00F0D080062F91
:1098A00000F0DA80082FA7D132400023FF2AC4F845
:1098B000EC38A1D1D4F8F428002A00F0ED810A2A6E
:1098C00000F0A681062A00F06C810B2A00F0DB81F3
:1098D00002F5DF7254F8220000288DD003688D4A0B
:1098E0001B68934240F0D281B4F824340382436968
:1098F0000C309847D4F820147EE7F7F757FB41F275
:109900008833401B9842F5D984F800796FF0010044
:1099100005B0BDE8F08FFE2875D094F8003900221C
:10992000C4F8EC28002B7FF467AF22687A491768E7
:109930007A4A01919742CDE9023340F09C80784AFF
:10994000C4F8242640F6F722C4F82826C4F82C369A
:10995000A4F8303684F8323604F2296204F2326018
:109960000A2101E012F8011F82420B44FAD1D4F817
:109970000C04C0F5007BBBF1100F6FEA0303D9465E
:1099800004F2246728BF4FF0100900F5027004F1BB
:10999000040A84F8333650444A463946FBF7ACFD96
:1099A000D4F80C341033C3F30803BBF10F0FC4F821
:1099B0000C3407D807EB0901C9F1100204F5037054
:1099C000FBF79AFD606890F84130202B58D0F7F7EC
:1099D000EDFAD4F82014C4F814040DE70023C4F8F9
:1099E000F8380323C4F8F008C4F8EC38C4F8FC08CD
:1099F00002E7D4F8F03803EB0023C4F8F03804236E
:109A0000C4F8EC38F8E60223C4F8EC38F4E6324047
:109A1000FF2A0CBF05230023C4F8EC38ECE694F8C9
:109A2000000900283FF474AFD4F8043940F6C4129A
:109A3000EB1A93424DD8002005B0BDE8F08F062305
:109A4000C4F8F408C4F8FC08C4F8EC38D4E66FF0A5
:109A5000010005B0BDE8F08FD4F8F43803EB002323
:109A6000C4F8F438D4F8F0380722C4F8EC28002BF6
:109A70003FF403AFC0E601AA0A212046B847A6E793
:109A8000DFF8A4B09BF80030002BA0D1D4F80C2450
:109A9000D4F8103401219A428BF8001015D093BFEE
:109AA000C3F50079D21A1FFA82F91FFA89F903F572
:109AB00002730AEB03014A46F9F7A2F8D4F810340E
:109AC0004B44C3F30803C4F8103400238BF8003070
:109AD0007DE72368114A1E680F4900239642CDE9AD
:109AE0000113039340F08F800D49C4F8241640F60B
:109AF000F722C4F82826C4F82C36A4F8303684F8A7
:109B0000323604F2296204F232600A2110E000BF0A
:109B1000FF000080358A0008FCA10008698C00085D
:109B2000FFFE0800D34D6210F02D002012F8011F37
:109B300082420B44FAD1D4F80C04C0F50076102E02
:109B40006FEA0303B14600F5027028BF4FF0100919
:109B500004F22468271D84F8333638444A464146C7
:109B6000FBF7CAFCD4F80C341033C3F308030F2EF0
:109B7000C4F80C340CD9606890F84130202B1CD00C
:109B8000F7F714FAC4F80459C4F814040020BFE627
:109B900008EB0901C9F1100204F50370FBF7ACFCF6
:109BA000E9E704F2244104F61410FFF70DF901234C
:109BB000D4F8201484F810391EE6DFF8FCB09BF8C6
:109BC0000030002BDCD1D4F80C34D4F8102401215F
:109BD00093428BF8001012D093BFC2F500769B1A07
:109BE0009EB2B6B202F50272B9183246F9F708F819
:109BF000D4F810343344C3F30803C4F810340023FA
:109C00008BF80030BCE701AA0A212046B047B7E72D
:109C1000F7F7CCF9D4F81434D4F824A4D4F8289461
:109C2000A0EB030BF7F7C2F90AF1FF3A0246A8FBD3
:109C30000B30A8FB02710AEB901309F16E594FF437
:109C40007A7EA3EB91131B4FC4F81834800909F5F1
:109C5000D6190EFB10B3890909F520690EFB1122F4
:109C600007FB039307FB123304F21C41C4F81C34B6
:109C700004F58360FAF7E4FCF7F798F9D4F82014B8
:109C8000C4F80809B8E584F80039B5E504F22441C0
:109C90009847D4F82014AFE52046FFF707FA20468E
:109CA000FFF79CFAC4F80459C4F808594FF0FF3084
:109CB0002EE600BF40420F00F02D0020F8B54549C8
:109CC000454C464B464F474E0025C4E909134FF417
:109CD0000072294604F58960C4F82C52C4F8305447
:109CE000C4F83454C4F83854C4F83C54C4F840544C
:109CF000C4F84454FBF716FD4FF40072294604F5EE
:109D0000C960FBF70FFD6422294604F64800FBF703
:109D100009FD6422294604F6AC00FBF703FD324A34
:109D20003248334B3349C4F8382904F64C1C01221D
:109D3000C4F8000A4FF0000E2F48C4F81059C4F8B8
:109D40001459C4F81859C4F81C59C4F8205984F897
:109D50002459C4F82859C4F82C59C4F8305984F847
:109D60003459C4F83C59C4F84059C4F84459C4F8AB
:109D70004859C4F85059C4F85459C4F85859C4F84B
:109D80005C59C4F87039A4F87459C4F86439A4F85B
:109D90006859C4F89439A4F89859C4F8BC39A4F89F
:109DA000C059C4F8EC19C4F8F839A4F8FC59CCF837
:109DB00000E0C4F8042AC4F8F479C4F8081AC4F816
:109DC000143AA4F8185AC4F81C6AC4F8202AC4F833
:109DD000100AF8BD74A20008702300201C22002085
:109DE000CCA10008ED3E000844A20008B93E0008DE
:109DF0005CA2000888A20008E0A10008DFF834D0C7
:109E0000F7F726F80C480D490D4A002302E0D45814
:109E1000C4500433C4188C42F9D30A4A0A4C0023B4
:109E200001E013600432A242FBD3FBF741FBFEF7D3
:109E3000DBFC70470000022000000020D409002055
:109E400030A30008D8090020F42D0020FEE7000010
:109E5000024B13B10248FBF7E7BA7047000000005D
:109E600041540008F8B500BFF8BC08BC9E467047D6
:0C9E7000F8B500BFF8BC08BC9E46704767
:109E7C00425453373936305F436C616D7050574DD7
:109E8C0000000000636865636B5F617373657274D7
:109E9C005F706172616D0000000000000000000046
:109EAC000102030406070809000000000102030474
:109EBC000006101600061016726F737365726961D6
:109ECC006C5F6D7367732F52657175657374506138
:109EDC0072616D00000000400000024000000000B4
:109EEC0001000000FFFF00000000004000000240E5
:109EFC000200000003000000FFFF00003000002003
:109F0C002020202020202020202020202020202045
:109F1C003030303030303030303030303030303035
:109F2C00002020202020202020202828282828201D
:109F3C002020202020202020202020202020202015
:109F4C00208810101010101010101010101010107D
:109F5C00100404040404040404040410101010106D
:109F6C001010414141414141010101010101010137
:109F7C000101010101010101010101011010101089
:109F8C001010424242424242020202020202020209
:109F9C00020202020202020202020202101010105D
:109FAC002000000000000000000000000000000085
:109FBC000000000000000000000000000000000095
:109FCC000000000000000000000000000000000085
:109FDC000000000000000000000000000000000075
:109FEC000000000000000000000000000000000065
:109FFC000000000000000000000000000000000055
:10A00C000000000000000000000000000000000044
:10A01C000000000000000000000000000000000034
:10A02C00000000002870776D203C3D20363635331B
:10A03C003529202626202870776D203E3D2030299A
:10A04C0000000000436F72652F5372632F4254530C
:10A05C00373936302E6300006120213D20282876C8
:10A06C006F6964202A293029000000006220213DFC
:10A07C00202828766F6964202A29302900000000E6
:10A08C007374645F6D7367732F54696D65000000A2
:10A09C006364373136366337346335353263333185
:10A0AC0031666263633266653561376263323839B3
:10A0BC0000000000726F7373657269616C5F6D7381
:10A0CC0067732F546F706963496E666F00000000F0
:10A0DC003061643531663838666334343839326609
:10A0EC0038633130363834303737363436303035F3
:10A0FC0000000000726F7373657269616C5F6D7341
:10A10C0067732F4C6F6700003131616264373331F4
:10A11C006332353933333236316364363138336236
:10A12C0064313264363239350000000039663065EE
:10A13C003938626461363539383139383664646699
:10A14C0035336166613761343065343900000000A5
:10A15C007374645F6D7367732F496E7431360000CE
:10A16C003835323435383665333466626437636279
:10A17C003163303863356635663163613065353748
:10A18C00000000004D6573736167652066726F6D2A
:10A19C00206465766963652064726F707065643ADB
:10A1AC00206D657373616765206C617267657220E1
:10A1BC007468616E206275666665722E0000000020
:10A1CC006C6566745F776865656C5F7175657279CF
:10A1DC000000000072696768745F776865656C5F82
:10A1EC00717565727900000000000000000000002D
:10A1FC00618900088D890008CD890008D58900087F
:10A20C000000000000000000D18B0008D58F000872
:10A21C00DD890008E589000800000000000000004E
:10A22C00A18B0008918F0008ED890008F5890008C2
:10A23C0000000000000000005D8A0008C98D0008C5
:10A24C00FD890008058A00080000000000000000DD
:10A25C000D8A00081D8A0008258A00082D8A00082E
:10A26C000000000000000000698C0008B99700088D
:10A27C00558A00080000000000000000358A000824
:10A28C00418A0008458A00084D8A00082C20667512
:10A29C006E6374696F6E3A20000000006173736521
:10A2AC007274696F6E2022257322206661696C6559
:10A2BC00643A2066696C6520222573222C206C6917
:10A2CC006E65202564257325730A00003031323306
:10A2DC003435363738394142434445460000000096
:10A2EC003031323334353637383961626364656600
:10A2FC0000000000286E756C6C2900004300000003
:0CA30C00504F5349580000002E00000084
:08A31800F0ADFF7F0100000021
:0CA32000519E000829020008BD9C0008A6
:04A32C000102000822
:10A33000490200081D030008E5020008AD020008FC
:10A34000750200080024F400010000001000000065
:10A3500001000000010000003000002000000000AB
:10A36000000000001C03002084030020EC030020F8
:10A3700000000000000000000000000000000000DD
:10A3800000000000000000000000000000000000CD
:10A3900000000000000000000000000000000000BD
:10A3A00000000000000000000000000000000000AD
:10A3B000000000000000000000000000000000009D
:10A3C000000000000000000000000000000000008D
:10A3D000000000000000000000000000000000007D
:10A3E000000000000000000000000000000000006D
:10A3F000000000000000000000000000000000005D
:10A40000000000000000000001000000000000004B
:10A410000E33CDAB34126DE6ECDE05000B00000010
:10A42000000000000000000000000000000000002C
:10A43000000000000000000000000000000000001C
:10A44000000000000000000000000000000000000C
:10A4500000000000000000000000000000000000FC
:10A4600000000000000000000000000000000000EC
:10A4700000000000000000000000000000000000DC
:10A4800000000000000000000000000000000000CC
:10A4900000000000000000000000000000000000BC
:10A4A00000000000000000000000000000000000AC
:10A4B000000000000000000000000000000000009C
:10A4C000000000000000000000000000000000008C
:10A4D000000000000000000000000000000000007C
:10A4E000000000000000000000000000000000006C
:10A4F000000000000000000000000000000000005C
:10A50000000000000000000000000000000000004B
:10A51000000000000000000000000000000000003B
:10A52000000000000000000000000000000000002B
:10A53000000000000000000000000000000000001B
:10A54000000000000000000000000000000000000B
:10A5500000000000000000000000000000000000FB
:10A5600000000000000000000000000000000000EB
:10A5700000000000000000000000000000000000DB
:10A5800000000000000000000000000000000000CB
:10A5900000000000000000000000000000000000BB
:10A5A00000000000000000000000000000000000AB
:10A5B000000000000000000000000000000000009B
:10A5C000000000000000000000000000000000008B
:10A5D000000000000000000000000000000000007B
:10A5E000000000000000000000000000000000006B
:10A5F000000000000000000000000000000000005B
:10A60000000000000000000000000000000000004A
:10A61000000000000000000000000000000000003A
:10A62000000000000000000000000000000000002A
:10A63000000000000000000000000000000000001A
:10A64000000000000000000000000000000000000A
:10A6500000000000000000000000000000000000FA
:10A6600000000000000000000000000000000000EA
:10A6700000000000000000000000000000000000DA
:10A6800000000000000000000000000000000000CA
:10A6900000000000000000000000000000000000BA
:10A6A00000000000000000000000000000000000AA
:10A6B000000000000000000000000000000000009A
:10A6C000000000000000000000000000000000008A
:10A6D000000000000000000000000000000000007A
:10A6E000000000000000000000000000000000006A
:10A6F000000000000000000000000000000000005A
:10A700000000000000000000000000000000000049
:10A710000000000000000000000000000000000039
:10A720000000000000000000000000000000000029
:10A730000000000000000000000000000000000019
:10A740000000000000000000000000000000000009
:10A7500000000000000000000000000000000000F9
:10A7600000000000000000000000000000000000E9
:10A7700000000000000000000000000000000000D9
:10A780000000000000000000430000000000000086
:10A7900000000000000000000000000000000000B9
:10A7A0000000000000000000430000000000000066
:10A7B0000000000000000000000000000000000099
:10A7C0000000000000000000430000000000000046
:10A7D0000000000000000000000000000000000079
:10A7E0000000000000000000430000000000000026
:10A7F0000000000000000000000000000000000059
:10A800000000000000000000430000000000000005
:10A810000000000000000000000000000000000038
:10A8200000000000000000004300000000000000E5
:10A830000000000000000000000000000000000018
:10A8400000000000000000004300000000000000C5
:10A8500000000000000000000000000000000000F8
:10A86000000000000000000001860008617D000873
:10A87000000000002C9F000814A30008A4A20008F8
:10A88000A4A20008A4A20008A4A20008A4A2000890
:10A89000A4A20008A4A20008A4A20008A4A2000880
:10A8A000FFFFFFFFFFFFFFFFFFFFFFFFFFFF0000B6
:10A8B000010041534349490000000000000000002E
:10A8C0000000000000000000000000000000000088
:10A8D000000041534349490000000000000000000F
:10A8E0000000000000000000000000000000000068
:10A8F000000000000000000000000000C40500206F
:10A90000C4050020CC050020CC050020D405002083
:10A91000D4050020DC050020DC050020E405002033
:10A92000E4050020EC050020EC050020F4050020E3
:10A93000F4050020FC050020FC0500200406002092
:10A94000040600200C0600200C060020140600203F
:10A95000140600201C0600201C06002024060020EF
:10A96000240600202C0600202C060020340600209F
:10A97000340600203C0600203C060020440600204F
:10A98000440600204C0600204C06002054060020FF
:10A99000540600205C0600205C06002064060020AF
:10A9A000640600206C0600206C060020740600205F
:10A9B000740600207C0600207C060020840600200F
:10A9C000840600208C0600208C06002094060020BF
:10A9D000940600209C0600209C060020A40600206F
:10A9E000A4060020AC060020AC060020B40600201F
:10A9F000B4060020BC060020BC060020C4060020CF
:10AA0000C4060020CC060020CC060020D40600207E
:10AA1000D4060020DC060020DC060020E40600202E
:10AA2000E4060020EC060020EC060020F4060020DE
:10AA3000F4060020FC060020FC060020040700208D
:10AA4000040700200C0700200C070020140700203A
:10AA5000140700201C0700201C07002024070020EA
:10AA6000240700202C0700202C070020340700209A
:10AA7000340700203C0700203C070020440700204A
:10AA8000440700204C0700204C07002054070020FA
:10AA9000540700205C0700205C07002064070020AA
:10AAA000640700206C0700206C070020740700205A
:10AAB000740700207C0700207C070020840700200A
:10AAC000840700208C0700208C07002094070020BA
:10AAD000940700209C0700209C070020A40700206A
:10AAE000A4070020AC070020AC070020B40700201A
:10AAF000B4070020BC070020BC070020C4070020CA
:10AB0000C4070020CC070020CC070020D407002079
:10AB1000D4070020DC070020DC070020E407002029
:10AB2000E4070020EC070020EC070020F4070020D9
:10AB3000F4070020FC070020FC0700200408002088
:10AB4000040800200C0800200C0800201408002035
:10AB5000140800201C0800201C08002024080020E5
:10AB6000240800202C0800202C0800203408002095
:10AB7000340800203C0800203C0800204408002045
:10AB8000440800204C0800204C08002054080020F5
:10AB9000540800205C0800205C08002064080020A5
:10ABA000640800206C0800206C0800207408002055
:10ABB000740800207C0800207C0800208408002005
:10ABC000840800208C0800208C08002094080020B5
:10ABD000940800209C0800209C080020A408002065
:10ABE000A4080020AC080020AC080020B408002015
:10ABF000B4080020BC080020BC080020C4080020C5
:10AC0000C4080020CC080020CC080020D408002074
:10AC1000D4080020DC080020DC080020E408002024
:10AC2000E4080020EC080020EC080020F4080020D4
:10AC3000F4080020FC080020FC0800200409002083
:10AC4000040900200C0900200C0900201409002030
:10AC5000140900201C0900201C09002024090020E0
:10AC6000240900202C0900202C0900203409002090
:10AC7000340900203C0900203C0900204409002040
:10AC8000440900204C0900204C09002054090020F0
:10AC9000540900205C0900205C09002064090020A0
:10ACA000640900206C0900206C0900207409002050
:10ACB000740900207C0900207C0900208409002000
:10ACC000840900208C0900208C09002094090020B0
:10ACD000940900209C0900209C090020A409002060
:10ACE000A4090020AC090020AC090020B409002010
:10ACF000B4090020BC090020BC090020FFFFFFFFB1
:04AD0000000002004D
:0400000508009DFD55
:00000001FF
